subject,session,channel,epoch_id,Q1,Q2,Q3,mean_diag_delta,mean_diag_theta,mean_diag_alpha,mean_diag_beta,mean_diag_gamma,mean_diag,mean_all,mean_offdiag,theta_alpha_coupling,alpha_beta_coupling,peak_diag,peak_diag_freq
sub-001,ses-01,Fp1,0,2,2,0,10.5121,7.8897,7.1966,4.7537,0.0000,4.1531,5.9768,5.9566,4.4828,5.6084,33.1831,1.0000
sub-001,ses-01,Fp1,1,2,4,0,7.3997,8.0558,4.9982,5.2157,0.0000,3.7120,5.9617,5.9444,5.5639,3.8867,21.7438,1.0000
sub-001,ses-01,Fp1,2,2,2,0,22.1199,6.7740,11.7189,3.5267,0.0000,5.3892,5.8797,5.7186,6.8045,5.7060,69.8310,1.0000
sub-001,ses-01,Fp1,3,2,2,0,9.1167,4.3019,7.2746,4.8806,0.0000,3.7388,5.7734,5.7594,4.2917,4.4541,18.5527,11.0000
sub-001,ses-01,Fp1,4,2,4,0,10.1726,9.4006,7.6373,7.0877,0.0000,5.0292,5.7987,5.7428,5.6273,5.1529,32.7039,17.0000
sub-001,ses-01,Fp1,5,4,2,0,5.2400,1.7496,11.8652,5.0421,0.0000,3.8302,5.6502,5.6190,6.6924,6.1335,22.5055,11.0000
sub-001,ses-01,Fp1,6,2,4,0,6.9115,5.1706,4.9954,4.7560,0.0000,3.2588,5.7754,5.7559,9.2290,4.6281,15.7221,21.0000
sub-001,ses-01,Fp1,7,2,2,0,5.7187,8.8519,11.6998,4.7351,0.0000,4.4195,6.0874,6.0580,6.5849,5.8810,19.6071,12.0000
sub-001,ses-01,Fp1,8,4,2,0,8.8987,7.5683,5.1909,5.6861,0.0000,3.9752,5.1171,5.0657,4.1636,4.4908,20.5449,20.0000
sub-001,ses-01,Fp1,9,4,4,0,3.3948,1.8838,4.4531,4.0831,0.0000,2.3468,4.6046,4.5878,5.0014,4.8726,15.7263,20.0000
sub-001,ses-01,Fp1,10,2,2,0,0.9608,4.4109,4.2613,2.9349,0.0000,1.9816,5.1265,5.1380,2.3060,5.9855,13.1463,14.0000
sub-001,ses-01,Fp1,11,2,4,0,8.2119,6.8969,5.4556,4.6684,0.0000,3.5781,5.0171,4.9995,5.8160,5.0187,23.2773,1.0000
sub-001,ses-01,Fp1,12,4,2,0,15.7596,11.3019,5.8697,3.5748,0.0000,4.4171,5.7284,5.6949,4.5295,5.1912,30.3842,1.0000
sub-001,ses-01,Fp1,13,4,0,0,10.3044,8.5050,8.3037,4.5053,0.0000,4.2704,5.3126,5.2522,6.1718,5.6772,23.8898,7.0000
sub-001,ses-01,Fp1,14,4,2,0,3.7904,3.1974,11.0230,5.3973,0.0000,3.8199,5.3138,5.2857,5.1876,4.3906,21.8956,22.0000
sub-001,ses-01,Fp1,15,2,2,0,7.6492,5.6236,5.2464,8.0417,0.0000,4.3979,5.3469,5.2862,6.3259,3.9412,25.4685,22.0000
sub-001,ses-01,Fp1,16,2,4,2,14.4255,3.3497,3.5824,3.7979,0.0000,3.3016,4.6922,4.6646,4.9581,4.3712,38.2711,3.0000
sub-001,ses-01,Fp1,17,2,4,2,2.8232,2.4051,7.0000,4.5001,0.0000,2.8236,5.8831,5.9003,4.8479,5.3853,16.9018,9.0000
sub-001,ses-01,Fp1,18,2,2,0,8.8259,8.8593,4.8524,3.3673,0.0000,3.3402,5.2364,5.2275,6.3950,4.7666,18.5555,19.0000
sub-001,ses-01,Fp1,19,2,2,0,1.8747,3.3194,6.7998,3.6426,0.0000,2.5332,4.4486,4.4482,3.3114,4.7844,19.2579,8.0000
sub-001,ses-01,Fp1,20,4,2,0,9.0331,10.3207,6.1012,3.6385,0.0000,3.7517,5.8717,5.8620,4.6305,7.2380,21.6272,1.0000
sub-001,ses-01,Fp1,21,4,2,0,5.8533,10.1511,9.6177,4.3713,0.0000,4.1523,5.6230,5.5854,4.4848,4.6580,25.0577,9.0000
sub-001,ses-01,Fp1,22,4,2,0,2.6997,4.0335,8.8647,4.3069,0.0000,3.1654,5.5466,5.5462,7.4323,5.3937,23.4378,9.0000
sub-001,ses-01,Fp1,23,2,4,2,14.1144,6.2783,9.0710,4.7155,0.0000,4.5883,6.5826,6.5337,9.9703,6.0700,37.1006,1.0000
sub-001,ses-01,Fp1,24,2,2,2,9.0783,3.5477,5.3227,6.5382,0.0000,3.8939,5.6284,5.5951,5.0741,4.1876,20.9837,2.0000
sub-001,ses-01,Fp1,25,2,4,2,4.5619,5.6569,4.4850,3.3236,0.0000,2.5812,4.9297,4.9257,4.8349,4.3135,22.3774,18.0000
sub-001,ses-01,Fp1,26,2,2,2,5.4473,2.3748,2.9583,2.7097,0.0000,1.9596,5.4229,5.4626,4.2467,5.1611,11.8892,18.0000
sub-001,ses-01,C3,0,2,2,0,32.7598,7.9838,6.1953,3.8608,0.0000,5.8218,6.6497,6.5383,7.0220,5.8292,70.1105,1.0000
sub-001,ses-01,C3,1,2,4,0,2.6526,6.2510,8.1399,3.2836,0.0000,2.9568,6.4216,6.4469,8.2666,7.0721,12.8210,6.0000
sub-001,ses-01,C3,2,2,2,0,12.3511,9.4061,8.7497,4.0747,0.0000,4.4767,6.3516,6.3158,6.3334,7.6787,26.7154,9.0000
sub-001,ses-01,C3,3,2,2,0,9.6750,7.7039,7.9790,4.0576,0.0000,3.9567,5.5623,5.5151,6.3668,4.0662,26.5183,10.0000
sub-001,ses-01,C3,4,2,4,0,6.9489,10.8251,5.1942,5.2238,0.0000,3.9575,5.8142,5.7893,5.1802,6.1665,37.2407,5.0000
sub-001,ses-01,C3,5,4,2,0,5.8255,6.5730,12.8816,6.0611,0.0000,4.7832,5.8080,5.7531,6.6075,6.4263,26.2274,11.0000
sub-001,ses-01,C3,6,2,4,0,1.8715,5.0649,3.5362,2.7152,0.0000,1.9596,4.9000,4.9279,5.4732,4.8971,9.4554,5.0000
sub-001,ses-01,C3,7,2,2,0,6.0962,3.3546,12.4038,7.0509,0.0000,4.7416,5.7029,5.6390,2.5418,6.4645,32.7157,10.0000
sub-001,ses-01,C3,8,4,2,0,11.3786,8.2172,9.9796,3.3229,0.0000,4.2200,5.4412,5.4032,3.2411,4.8835,18.2725,2.0000
sub-001,ses-01,C3,9,4,4,0,13.4721,12.8868,7.0268,2.6168,0.0000,4.2236,6.1474,6.1350,6.1340,6.4729,27.3190,4.0000
sub-001,ses-01,C3,10,2,2,0,2.1433,1.1420,6.6941,3.4993,0.0000,2.2976,5.9306,5.9637,6.1601,6.9442,14.8122,8.0000
sub-001,ses-01,C3,11,2,4,0,2.0945,11.3212,9.1245,3.0330,0.0000,3.4381,5.7302,5.7150,5.9420,5.3068,25.9684,10.0000
sub-001,ses-01,C3,12,4,2,0,5.1453,3.8361,7.5198,4.1497,0.0000,3.1393,5.6327,5.6329,3.1201,6.6533,20.0628,16.0000
sub-001,ses-01,C3,13,4,0,0,6.6615,4.4704,7.8370,4.9305,0.0000,3.6197,5.5016,5.4782,6.8196,5.9544,16.0124,13.0000
sub-001,ses-01,C3,14,4,2,0,2.3568,5.2935,5.1221,6.2601,0.0000,3.3190,4.8732,4.8567,3.1271,5.5130,27.4913,20.0000
sub-001,ses-01,C3,15,2,2,0,3.7842,4.6828,5.7759,5.1860,0.0000,3.1614,5.3124,5.3101,5.2438,4.7693,20.0053,16.0000
sub-001,ses-01,C3,16,2,4,2,6.6408,8.7489,6.8552,4.1897,0.0000,3.6548,4.8295,4.7963,5.5155,4.5541,17.0718,11.0000
sub-001,ses-01,C3,17,2,4,2,7.7517,3.7494,5.4026,6.2715,0.0000,3.7198,5.6480,5.6320,2.9100,4.8624,20.3060,15.0000
sub-001,ses-01,C3,18,2,2,0,6.2833,7.5119,5.6908,3.3264,0.0000,3.0830,5.6631,5.6658,3.8740,4.3214,14.0285,6.0000
sub-001,ses-01,C3,19,2,2,0,2.7244,5.8000,10.8394,2.7224,0.0000,3.1285,5.6572,5.6637,5.3888,5.3289,16.7422,11.0000
sub-001,ses-01,C3,20,4,2,0,12.3147,3.7903,6.0239,3.6126,0.0000,3.4309,5.4224,5.4088,7.7714,4.9049,35.6163,1.0000
sub-001,ses-01,C3,21,4,2,0,3.0494,6.1456,11.6646,4.7568,0.0000,3.9211,5.7436,5.7196,6.7966,7.0561,24.1421,11.0000
sub-001,ses-01,C3,22,4,2,0,9.7217,3.3155,3.0704,1.8289,0.0000,2.1941,5.4019,5.4296,4.3072,4.5501,21.7744,1.0000
sub-001,ses-01,C3,23,2,4,2,6.9177,5.1172,8.2015,4.6310,0.0000,3.6640,6.6651,6.6737,10.8858,7.2597,17.3620,9.0000
sub-001,ses-01,C3,24,2,2,2,5.1018,2.3558,4.6648,4.4807,0.0000,2.6993,5.6241,5.6497,4.4487,4.6854,13.7029,13.0000
sub-001,ses-01,C3,25,2,4,2,6.2544,2.7940,3.0784,3.0657,0.0000,2.1981,6.0239,6.0692,5.6414,7.3167,14.7516,2.0000
sub-001,ses-01,C3,26,2,2,2,7.4914,1.8734,3.9598,3.4710,0.0000,2.4731,6.1447,6.1681,4.2606,5.7663,21.1378,1.0000
sub-001,ses-01,CP3,0,2,2,0,34.6027,7.4308,7.5258,2.3188,0.0000,5.6612,6.6914,6.5517,5.9861,6.5796,64.6355,1.0000
sub-001,ses-01,CP3,1,2,4,0,1.2197,6.1266,4.5014,6.0004,0.0000,3.1255,6.4916,6.5089,6.6163,7.0734,29.9760,19.0000
sub-001,ses-01,CP3,2,2,2,0,8.6838,8.8376,9.1584,4.3480,0.0000,4.2223,5.5749,5.5333,6.7525,6.8011,27.8734,3.0000
sub-001,ses-01,CP3,3,2,2,0,18.4379,8.3027,6.3435,5.1175,0.0000,4.9198,5.5735,5.4790,4.9627,4.9870,41.5553,1.0000
sub-001,ses-01,CP3,4,2,4,0,7.4216,11.0024,5.7071,3.7042,0.0000,3.6301,5.6963,5.6813,6.3389,4.4790,33.5323,5.0000
sub-001,ses-01,CP3,5,4,2,0,18.5857,11.9094,13.0079,4.8812,0.0000,6.1275,5.9254,5.7866,7.1059,6.0685,44.3188,1.0000
sub-001,ses-01,CP3,6,2,4,0,5.7956,10.2257,5.8120,3.8148,0.0000,3.4546,5.2477,5.2244,5.4612,5.3932,21.3919,6.0000
sub-001,ses-01,CP3,7,2,2,0,9.4095,4.5209,9.0901,6.0839,0.0000,4.4036,5.5426,5.4748,4.2727,6.2369,31.1195,1.0000
sub-001,ses-01,CP3,8,4,2,0,4.4233,6.5547,8.7002,4.4826,0.0000,3.5904,5.3036,5.2805,5.6984,6.0575,15.6206,11.0000
sub-001,ses-01,CP3,9,4,4,0,13.6999,13.5883,6.3363,2.6971,0.0000,4.2380,6.1534,6.1447,7.4787,5.4783,28.7804,4.0000
sub-001,ses-01,CP3,10,2,2,0,9.1075,4.7420,7.9875,4.1268,0.0000,3.6505,5.8251,5.8068,6.2719,5.6846,24.4541,8.0000
sub-001,ses-01,CP3,11,2,4,0,6.9087,9.2678,8.7054,4.1565,0.0000,3.9761,5.5064,5.4591,6.5659,5.8065,24.0241,10.0000
sub-001,ses-01,CP3,12,4,2,0,7.7337,6.8183,5.2384,2.6392,0.0000,2.8825,6.1430,6.1554,3.5087,7.0265,19.4253,3.0000
sub-001,ses-01,CP3,13,4,0,0,4.3899,3.4455,5.2386,3.0251,0.0000,2.3744,5.7216,5.7543,8.3040,5.4819,11.3048,9.0000
sub-001,ses-01,CP3,14,4,2,0,2.5161,6.2005,4.2957,3.1596,0.0000,2.3655,5.2034,5.2226,4.8649,6.8010,22.1357,6.0000
sub-001,ses-01,CP3,15,2,2,0,3.9792,6.3503,10.8776,5.8816,0.0000,4.2569,5.0822,5.0259,6.1578,4.8791,27.0226,9.0000
sub-001,ses-01,CP3,16,2,4,2,4.0129,7.0997,5.8435,4.0028,0.0000,3.0592,5.1678,5.1663,7.3815,4.5740,22.3132,11.0000
sub-001,ses-01,CP3,17,2,4,2,7.1011,3.0596,5.9036,3.8486,0.0000,2.9325,5.4789,5.4736,3.3157,5.2077,19.3073,1.0000
sub-001,ses-01,CP3,18,2,2,0,7.9136,4.6724,4.8073,6.3699,0.0000,3.7673,5.6311,5.6040,4.3836,5.1740,21.5915,15.0000
sub-001,ses-01,CP3,19,2,2,0,3.8196,4.9568,10.4910,3.3253,0.0000,3.2856,5.0196,4.9999,4.1782,4.4197,20.5008,11.0000
sub-001,ses-01,CP3,20,4,2,0,11.5157,6.3668,11.9485,2.8060,0.0000,4.1790,5.5436,5.4912,6.1544,4.7714,30.9510,1.0000
sub-001,ses-01,CP3,21,4,2,0,12.3466,10.2798,6.7045,6.2495,0.0000,4.9297,6.1181,6.0558,6.5888,6.1280,43.5441,1.0000
sub-001,ses-01,CP3,22,4,2,0,9.6793,2.4469,3.8787,2.3307,0.0000,2.3738,5.4475,5.4671,4.6572,5.9869,24.0795,1.0000
sub-001,ses-01,CP3,23,2,4,2,9.6304,4.5141,11.7814,5.6211,0.0000,4.6591,7.3522,7.3460,7.9614,9.8587,32.5199,13.0000
sub-001,ses-01,CP3,24,2,2,2,6.3467,8.0361,3.9488,3.0435,0.0000,2.8091,5.0832,5.1055,4.1018,4.1001,14.4226,4.0000
sub-001,ses-01,CP3,25,2,4,2,13.6702,3.2672,5.0558,3.0845,0.0000,3.2135,5.7194,5.6625,6.4597,5.7051,41.2608,1.0000
sub-001,ses-01,CP3,26,2,2,2,4.8279,12.3184,5.0926,3.7475,0.0000,3.4386,5.8222,5.8071,4.4307,6.6238,25.7568,6.0000
sub-001,ses-01,O1,0,2,2,0,31.3538,9.5510,14.5630,5.9132,0.0000,7.6248,7.4598,7.2988,5.1082,7.3124,51.5532,2.0000
sub-001,ses-01,O1,1,2,4,0,2.1560,0.5038,3.8298,5.1438,0.0000,2.3369,5.7578,5.7874,5.2531,6.4369,29.6752,20.0000
sub-001,ses-01,O1,2,2,2,0,17.8761,5.7858,6.6165,2.8635,0.0000,3.9900,4.9018,4.8435,6.1823,5.1147,35.8868,1.0000
sub-001,ses-01,O1,3,2,2,0,5.3785,4.7362,4.2394,4.7682,0.0000,2.9740,5.3403,5.3367,7.4659,4.4009,12.3921,14.0000
sub-001,ses-01,O1,4,2,4,0,3.4233,1.4845,6.3754,3.4747,0.0000,2.3966,5.4638,5.4893,8.8575,4.9298,14.8304,22.0000
sub-001,ses-01,O1,5,4,2,0,9.1444,4.5895,4.8388,5.1400,0.0000,3.5067,5.1699,5.1331,4.7975,4.5264,23.7255,1.0000
sub-001,ses-01,O1,6,2,4,0,17.7848,3.4366,8.2032,4.0153,0.0000,4.3327,7.2468,7.1646,2.8462,5.6924,63.0857,1.0000
sub-001,ses-01,O1,7,2,2,0,17.3392,10.1216,5.1689,4.0762,0.0000,4.5081,5.8611,5.8217,7.3479,5.0805,38.8588,1.0000
sub-001,ses-01,O1,8,4,2,0,3.1479,3.2268,11.5189,7.5317,0.0000,4.4773,4.8647,4.8092,4.7795,4.7205,26.0132,13.0000
sub-001,ses-01,O1,9,4,4,0,14.6939,3.3297,3.7750,2.7132,0.0000,3.0236,6.0938,6.0984,3.9029,5.0073,46.2725,1.0000
sub-001,ses-01,O1,10,2,2,0,6.1769,8.0539,10.7746,6.0364,0.0000,4.6522,6.0224,6.0091,7.7193,5.7370,29.7722,13.0000
sub-001,ses-01,O1,11,2,4,0,3.4163,2.4536,2.2374,4.5187,0.0000,2.2244,5.2662,5.2925,4.4448,6.0734,17.3439,20.0000
sub-001,ses-01,O1,12,4,2,0,20.5667,8.9348,7.3703,4.7466,0.0000,5.2078,5.9067,5.8102,4.8257,5.3473,56.2950,1.0000
sub-001,ses-01,O1,13,4,0,0,4.0440,1.3140,3.5349,3.0131,0.0000,1.9026,5.1298,5.1545,5.5385,4.9830,14.8320,20.0000
sub-001,ses-01,O1,14,4,2,0,7.6186,1.2867,5.2269,2.2014,0.0000,2.2233,5.4514,5.4810,8.4966,4.3579,21.8760,1.0000
sub-001,ses-01,O1,15,2,2,0,11.7045,6.6274,9.2655,5.5645,0.0000,4.6805,4.8311,4.7775,2.2309,4.5192,26.5856,13.0000
sub-001,ses-01,O1,16,2,4,2,18.4220,11.4045,6.4790,6.5791,0.0000,5.6677,6.2617,6.1835,3.7278,6.2022,50.1666,1.0000
sub-001,ses-01,O1,17,2,4,2,3.6084,5.7067,9.6369,5.0877,0.0000,3.7494,7.9006,7.9138,4.5600,8.0155,25.3049,10.0000
sub-001,ses-01,O1,18,2,2,0,4.8974,7.2767,2.8622,3.4991,0.0000,2.5897,5.2399,5.2502,5.7793,4.1977,20.3013,5.0000
sub-001,ses-01,O1,19,2,2,0,11.0690,15.2388,3.0712,2.7549,0.0000,3.7087,5.3200,5.2843,10.1759,4.7688,27.6955,7.0000
sub-001,ses-01,O1,20,4,2,0,14.7929,4.9746,4.7197,3.7526,0.0000,3.6319,5.5289,5.4830,4.1143,5.9177,45.6128,1.0000
sub-001,ses-01,O1,21,4,2,0,8.4166,1.8112,3.8736,3.4009,0.0000,2.5201,5.1812,5.1995,5.5182,6.0196,23.4653,1.0000
sub-001,ses-01,O1,22,4,2,0,9.1231,9.1207,12.0270,3.8475,0.0000,4.5385,5.9040,5.8632,6.8632,5.4143,32.7448,8.0000
sub-001,ses-01,O1,23,2,4,2,7.2486,2.3887,7.6631,1.6738,0.0000,2.4718,6.5632,6.6084,4.4833,6.9824,22.5620,1.0000
sub-001,ses-01,O1,24,2,2,2,0.9474,4.4566,2.6647,2.1920,0.0000,1.5372,4.6465,4.6752,4.8286,4.9978,14.4837,19.0000
sub-001,ses-01,O1,25,2,4,2,20.9358,6.5189,6.6415,4.2038,0.0000,4.7516,5.6517,5.5524,6.1678,5.1437,67.2544,1.0000
sub-001,ses-01,O1,26,2,2,2,16.9600,1.8242,4.2495,3.6593,0.0000,3.4466,5.4567,5.4386,3.8113,4.5225,39.4550,1.0000
sub-001,ses-01,Pz,0,2,2,0,47.6496,11.8849,9.3900,4.5182,0.0000,8.2143,6.6192,6.4334,5.7851,4.7905,78.2063,1.0000
sub-001,ses-01,Pz,1,2,4,0,3.6689,4.5553,9.7541,4.3260,0.0000,3.4340,5.7033,5.6980,4.6187,6.0697,17.1494,9.0000
sub-001,ses-01,Pz,2,2,2,0,7.8511,4.9749,6.9935,5.7295,0.0000,3.9011,5.3442,5.3013,4.9825,5.3508,31.5593,15.0000
sub-001,ses-01,Pz,3,2,2,0,23.6467,4.3908,3.4064,3.4841,0.0000,4.1368,5.9235,5.8516,3.9026,7.6918,70.4031,1.0000
sub-001,ses-01,Pz,4,2,4,0,12.9506,2.7029,13.0469,5.3233,0.0000,4.8860,5.1959,5.1322,4.0817,5.5873,47.0031,1.0000
sub-001,ses-01,Pz,5,4,2,0,12.6119,10.8631,11.3382,3.8039,0.0000,4.9158,7.0933,7.0549,7.4690,6.3539,40.9226,10.0000
sub-001,ses-01,Pz,6,2,4,0,7.5911,4.8614,8.1256,5.1007,0.0000,3.8342,5.8745,5.8498,4.2312,7.8869,24.1772,1.0000
sub-001,ses-01,Pz,7,2,2,0,18.0657,5.1886,12.8049,2.6440,0.0000,4.7493,5.8469,5.7819,7.6604,4.9837,55.4398,1.0000
sub-001,ses-01,Pz,8,4,2,0,1.0094,1.4990,10.4641,5.6132,0.0000,3.3905,5.8907,5.8842,4.8778,5.6546,37.8962,11.0000
sub-001,ses-01,Pz,9,4,4,0,4.7730,4.6197,4.2689,2.8676,0.0000,2.3364,5.4775,5.4934,8.2707,5.1001,10.8352,5.0000
sub-001,ses-01,Pz,10,2,2,0,4.3525,7.5360,7.1214,2.4785,0.0000,2.8489,5.3432,5.3482,3.5920,5.3605,24.5898,12.0000
sub-001,ses-01,Pz,11,2,4,0,7.4628,8.6242,6.2247,3.1476,0.0000,3.3166,4.6906,4.6589,3.9016,4.2487,16.4356,4.0000
sub-001,ses-01,Pz,12,4,2,0,9.5105,2.4377,11.5759,5.1390,0.0000,4.2804,5.9244,5.8881,3.1390,5.5253,37.4026,10.0000
sub-001,ses-01,Pz,13,4,0,0,16.9266,4.0912,7.8542,4.2748,0.0000,4.3435,5.8826,5.8101,8.1353,5.6368,39.7070,1.0000
sub-001,ses-01,Pz,14,4,2,0,3.9633,4.9147,8.3009,3.9272,0.0000,3.1714,5.3589,5.3542,3.0429,6.2191,17.4562,10.0000
sub-001,ses-01,Pz,15,2,2,0,5.8316,2.8678,5.4798,6.4540,0.0000,3.5251,5.4667,5.4385,4.8029,4.8285,17.1967,22.0000
sub-001,ses-01,Pz,16,2,4,2,1.5606,2.1023,6.1013,4.5447,0.0000,2.5661,4.8268,4.8225,5.3757,4.0210,19.1750,20.0000
sub-001,ses-01,Pz,17,2,4,2,20.0045,7.5672,5.7642,3.0738,0.0000,4.2984,6.0265,5.9920,3.5574,5.9996,55.2586,1.0000
sub-001,ses-01,Pz,18,2,2,0,6.4713,12.3295,8.3688,4.5600,0.0000,4.2953,6.3230,6.2864,7.0636,7.3672,35.5458,7.0000
sub-001,ses-01,Pz,19,2,2,0,2.4044,2.3630,8.9194,5.3561,0.0000,3.3073,5.3499,5.3197,7.3778,5.5035,19.2207,15.0000
sub-001,ses-01,Pz,20,4,2,0,9.0248,7.4593,3.3217,4.8299,0.0000,3.4571,5.3282,5.3072,5.7943,6.1947,18.0412,22.0000
sub-001,ses-01,Pz,21,4,2,0,5.5668,4.9859,7.3733,6.0744,0.0000,3.8469,5.7232,5.6946,3.9017,4.5209,22.8222,10.0000
sub-001,ses-01,Pz,22,4,2,0,4.3465,5.9745,9.5138,2.0410,0.0000,2.9046,5.3371,5.3481,4.0654,5.5106,17.3729,9.0000
sub-001,ses-01,Pz,23,2,4,2,7.4573,9.2370,9.1186,5.6894,0.0000,4.5454,6.1178,6.0781,8.2169,6.1291,29.8629,19.0000
sub-001,ses-01,Pz,24,2,2,2,3.0252,5.0167,11.1190,4.7670,0.0000,3.7407,5.3897,5.3587,3.3705,5.4691,24.3726,10.0000
sub-001,ses-01,Pz,25,2,4,2,8.9880,7.3134,5.0996,3.9682,0.0000,3.4277,5.2601,5.2405,5.5658,4.3159,18.5255,1.0000
sub-001,ses-01,Pz,26,2,2,2,6.7962,5.4607,3.1560,2.6335,0.0000,2.3767,5.4329,5.4498,6.8928,4.2222,13.8220,6.0000
sub-001,ses-01,Fp2,0,2,2,0,5.5433,10.2748,5.5341,5.9528,0.0000,4.0433,6.0006,5.9760,5.2786,5.1067,24.9810,21.0000
sub-001,ses-01,Fp2,1,2,4,0,7.9439,9.3071,6.4338,5.1678,0.0000,4.0648,5.7568,5.7254,5.0080,6.6394,19.3979,1.0000
sub-001,ses-01,Fp2,2,2,2,0,22.7866,8.7771,11.5424,8.1115,0.0000,6.9990,5.8488,5.6500,6.4431,6.3010,73.2254,1.0000
sub-001,ses-01,Fp2,3,2,2,0,8.2070,2.3840,5.6207,3.3435,0.0000,2.7803,4.9830,4.9861,5.2046,5.3429,13.6195,3.0000
sub-001,ses-01,Fp2,4,2,4,0,12.0101,7.1931,4.0630,4.8417,0.0000,3.8170,5.6487,5.6349,5.1483,6.7305,16.0321,14.0000
sub-001,ses-01,Fp2,5,4,2,0,6.5140,3.6715,9.1960,3.8034,0.0000,3.3805,5.2131,5.1992,5.7230,5.5470,26.2508,11.0000
sub-001,ses-01,Fp2,6,2,4,0,10.2291,4.0361,6.3048,2.9591,0.0000,3.1013,6.2173,6.2114,11.8881,5.1452,24.5279,1.0000
sub-001,ses-01,Fp2,7,2,2,0,6.2294,15.2354,10.0877,5.5305,0.0000,5.0763,6.3699,6.3325,8.4387,5.4919,22.0306,5.0000
sub-001,ses-01,Fp2,8,4,2,0,6.2600,6.3678,4.7455,3.1046,0.0000,2.7754,5.2333,5.2390,3.0561,4.9425,13.2570,7.0000
sub-001,ses-01,Fp2,9,4,4,0,3.7139,3.9960,9.1576,1.7149,0.0000,2.5134,6.5081,6.5454,6.3179,6.7036,20.0259,10.0000
sub-001,ses-01,Fp2,10,2,2,0,3.7770,4.7410,10.1954,3.2719,0.0000,3.2042,6.1960,6.2066,4.5887,6.2984,18.5682,10.0000
sub-001,ses-01,Fp2,11,2,4,0,5.0268,5.5863,5.4559,2.9600,0.0000,2.6435,5.7263,5.7444,4.3926,6.0832,18.5511,6.0000
sub-001,ses-01,Fp2,12,4,2,0,24.1783,15.4361,2.6294,3.0295,0.0000,4.9679,5.0862,5.0052,3.8546,5.8247,52.7620,1.0000
sub-001,ses-01,Fp2,13,4,0,0,23.0056,9.3261,8.3767,1.7522,0.0000,4.7062,5.0747,4.9679,7.3583,5.2353,65.2602,1.0000
sub-001,ses-01,Fp2,14,4,2,0,9.7999,2.2755,5.3405,3.8504,0.0000,3.0326,4.9672,4.9670,4.4124,4.3403,27.8668,1.0000
sub-001,ses-01,Fp2,15,2,2,0,11.0910,7.4178,4.6618,6.2027,0.0000,4.2475,5.6459,5.5987,6.2130,5.3322,20.2960,4.0000
sub-001,ses-01,Fp2,16,2,4,2,15.5469,1.9999,4.2794,3.0772,0.0000,3.1597,5.5962,5.5915,5.9463,6.4984,43.2899,3.0000
sub-001,ses-01,Fp2,17,2,4,2,3.7277,1.6115,8.4373,5.2467,0.0000,3.2602,6.0088,6.0101,3.4276,6.4909,23.3560,21.0000
sub-001,ses-01,Fp2,18,2,2,0,10.8829,5.0229,4.5522,3.7605,0.0000,3.2517,5.0501,5.0342,5.8531,3.7681,12.2630,3.0000
sub-001,ses-01,Fp2,19,2,2,0,4.5667,4.2793,8.2816,4.0222,0.0000,3.1945,4.6712,4.6498,5.0559,5.3745,13.6402,8.0000
sub-001,ses-01,Fp2,20,4,2,0,6.1266,7.7978,4.6068,4.1642,0.0000,3.1970,5.6822,5.6850,5.2180,5.8779,18.4812,5.0000
sub-001,ses-01,Fp2,21,4,2,0,5.2090,6.1871,7.5489,5.9104,0.0000,3.9003,5.4286,5.3695,5.8045,5.4552,19.9250,21.0000
sub-001,ses-01,Fp2,22,4,2,0,6.6608,6.8041,6.2537,6.4063,0.0000,4.0619,5.2131,5.1720,7.7038,5.0588,19.3969,15.0000
sub-001,ses-01,Fp2,23,2,4,2,12.1318,8.5236,6.5060,6.2224,0.0000,4.7104,6.3000,6.2483,10.8976,5.3605,34.8474,1.0000
sub-001,ses-01,Fp2,24,2,2,2,10.4715,6.6229,5.2493,2.0005,0.0000,2.9274,6.0101,6.0237,7.4198,5.2599,21.0593,2.0000
sub-001,ses-01,Fp2,25,2,4,2,7.2645,3.6018,5.3312,4.3240,0.0000,3.0620,6.1297,6.1342,6.1948,6.2880,21.0555,1.0000
sub-001,ses-01,Fp2,26,2,2,2,6.7632,5.5179,2.6288,6.3533,0.0000,3.4300,5.6996,5.6922,4.1161,4.9929,23.3139,18.0000
sub-001,ses-01,Fz,0,2,2,0,17.2818,11.7477,5.0574,3.5589,0.0000,4.4821,5.9992,5.9333,4.6472,5.4006,52.1412,1.0000
sub-001,ses-01,Fz,1,2,4,0,5.5067,7.3486,8.5985,5.9864,0.0000,4.2055,5.9190,5.8893,3.3727,5.2455,23.9339,10.0000
sub-001,ses-01,Fz,2,2,2,0,6.4232,3.3030,15.1644,4.7490,0.0000,4.4565,6.9750,6.9281,7.0117,7.1190,41.2214,10.0000
sub-001,ses-01,Fz,3,2,2,0,13.8941,8.6501,7.1396,5.4808,0.0000,4.7503,5.5034,5.4578,5.0561,4.8543,25.6683,1.0000
sub-001,ses-01,Fz,4,2,4,0,7.8687,6.9327,2.6576,7.3805,0.0000,3.9790,6.0120,5.9816,5.8391,5.4670,27.0520,17.0000
sub-001,ses-01,Fz,5,4,2,0,2.4607,1.1796,10.3534,2.7353,0.0000,2.6102,5.5404,5.5584,4.9293,5.8435,28.0784,11.0000
sub-001,ses-01,Fz,6,2,4,0,12.0743,7.4225,5.8909,3.4194,0.0000,3.6694,5.3006,5.2542,6.0434,4.5536,37.2423,1.0000
sub-001,ses-01,Fz,7,2,2,0,6.6618,5.4609,8.2665,7.1675,0.0000,4.4481,5.6688,5.6169,2.9938,7.0377,33.9542,15.0000
sub-001,ses-01,Fz,8,4,2,0,6.8854,8.2866,4.0195,2.9160,0.0000,2.8538,5.5290,5.5540,4.0047,5.2361,16.2303,4.0000
sub-001,ses-01,Fz,9,4,4,0,3.5431,4.4464,2.5925,2.0826,0.0000,1.7346,5.5916,5.6436,5.7174,3.8675,10.8858,10.0000
sub-001,ses-01,Fz,10,2,2,0,1.6247,4.2576,8.4022,4.0689,0.0000,2.9497,6.2353,6.2424,7.3662,8.1030,22.5427,12.0000
sub-001,ses-01,Fz,11,2,4,0,4.3040,8.5230,6.4133,3.3373,0.0000,3.0970,5.4668,5.4545,6.2399,5.8667,18.4862,6.0000
sub-001,ses-01,Fz,12,4,2,0,13.9127,17.4406,4.2649,3.2127,0.0000,4.4830,6.3103,6.2806,4.3960,5.2341,32.1098,4.0000
sub-001,ses-01,Fz,13,4,0,0,4.3028,5.2867,8.0160,3.7992,0.0000,3.1592,4.9411,4.9257,5.2618,4.9684,26.0119,11.0000
sub-001,ses-01,Fz,14,4,2,0,4.7450,7.1033,8.9008,4.9166,0.0000,3.8305,5.3468,5.3113,4.2486,4.7483,18.7137,7.0000
sub-001,ses-01,Fz,15,2,2,0,10.7265,10.2725,2.8339,5.7217,0.0000,4.0786,4.8584,4.8027,1.8424,5.7796,18.5020,21.0000
sub-001,ses-01,Fz,16,2,4,2,5.5102,2.0378,4.2693,2.8091,0.0000,2.1471,5.2621,5.2925,5.3083,5.5805,20.0324,12.0000
sub-001,ses-01,Fz,17,2,4,2,8.3719,1.9170,4.8411,2.9300,0.0000,2.5184,5.6465,5.6748,3.4436,5.3825,16.6441,1.0000
sub-001,ses-01,Fz,18,2,2,0,9.2108,6.0676,2.8494,3.0816,0.0000,2.7505,6.1299,6.1485,7.5806,4.0016,26.1594,3.0000
sub-001,ses-01,Fz,19,2,2,0,1.9976,8.3891,6.6513,3.8781,0.0000,3.0667,5.1733,5.1637,4.1755,4.9422,22.7948,5.0000
sub-001,ses-01,Fz,20,4,2,0,4.6829,6.0566,8.4568,2.1896,0.0000,2.8410,4.9489,4.9207,5.9255,4.8467,17.8570,10.0000
sub-001,ses-01,Fz,21,4,2,0,4.5784,4.6817,5.0295,3.5448,0.0000,2.6349,5.8252,5.8491,6.4765,6.5942,13.9255,10.0000
sub-001,ses-01,Fz,22,4,2,0,9.3924,7.6944,7.0069,4.8025,0.0000,4.0191,5.9532,5.9268,7.3851,5.3793,26.6691,15.0000
sub-001,ses-01,Fz,23,2,4,2,1.6982,5.5747,10.3101,4.4118,0.0000,3.4490,5.8780,5.8688,10.4399,6.3484,24.3358,21.0000
sub-001,ses-01,Fz,24,2,2,2,7.3211,2.5135,4.7459,3.8096,0.0000,2.7288,5.5552,5.5612,5.9542,5.7264,21.1408,1.0000
sub-001,ses-01,Fz,25,2,4,2,13.6698,9.1854,4.7374,4.2663,0.0000,4.0769,5.9577,5.9320,7.0947,4.9665,22.2746,3.0000
sub-001,ses-01,Fz,26,2,2,2,5.9981,4.3246,1.9204,5.9663,0.0000,3.0320,5.9381,5.9463,4.8258,6.4945,22.3849,18.0000
sub-001,ses-01,FCz,0,2,2,0,17.9219,9.1271,6.5968,5.7528,0.0000,5.1759,6.3429,6.2505,4.5832,4.8829,53.9435,1.0000
sub-001,ses-01,FCz,1,2,4,0,8.4097,3.9123,11.2613,7.6714,0.0000,5.0368,6.4090,6.3620,3.8883,6.1170,28.0080,10.0000
sub-001,ses-01,FCz,2,2,2,0,3.6982,4.4393,11.5762,3.9233,0.0000,3.5584,6.0093,6.0030,4.9364,5.8799,35.8030,10.0000
sub-001,ses-01,FCz,3,2,2,0,11.0096,8.0616,8.7533,6.1718,0.0000,4.8614,5.8251,5.7615,7.1457,4.9039,26.6845,1.0000
sub-001,ses-01,FCz,4,2,4,0,6.4143,9.0393,2.7125,6.8638,0.0000,3.8911,5.8846,5.8596,6.1670,6.1321,43.5148,17.0000
sub-001,ses-01,FCz,5,4,2,0,5.4184,2.6525,10.1737,2.3400,0.0000,2.8778,5.6250,5.6306,4.8873,4.8980,28.7114,11.0000
sub-001,ses-01,FCz,6,2,4,0,11.3808,10.2721,4.0815,3.1005,0.0000,3.5211,5.3430,5.3225,5.3934,5.5719,39.1611,1.0000
sub-001,ses-01,FCz,7,2,2,0,4.6794,5.0717,11.0616,6.3270,0.0000,4.3634,6.0891,6.0461,3.5159,7.4076,27.0171,15.0000
sub-001,ses-01,FCz,8,4,2,0,7.7282,5.1651,4.2481,3.3712,0.0000,2.8113,5.3375,5.3536,3.4871,5.8870,12.5506,1.0000
sub-001,ses-01,FCz,9,4,4,0,5.5744,3.2690,3.8042,2.8747,0.0000,2.2226,5.4791,5.5159,6.3958,4.0726,8.0091,3.0000
sub-001,ses-01,FCz,10,2,2,0,10.2524,5.1166,7.9826,2.5873,0.0000,3.3257,5.6366,5.6293,3.8523,5.6799,17.6880,1.0000
sub-001,ses-01,FCz,11,2,4,0,5.3105,11.3713,5.6458,1.7541,0.0000,2.8699,4.9785,4.9771,5.5823,4.5960,21.2155,10.0000
sub-001,ses-01,FCz,12,4,2,0,9.6576,14.8003,6.6525,3.1916,0.0000,4.1683,5.6559,5.6305,4.0720,6.2493,30.1591,5.0000
sub-001,ses-01,FCz,13,4,0,0,3.3061,4.7025,7.3722,2.8321,0.0000,2.6299,4.9067,4.9091,5.5326,4.3627,22.0234,11.0000
sub-001,ses-01,FCz,14,4,2,0,9.4028,7.7531,9.3626,5.2385,0.0000,4.4860,6.2529,6.2132,3.8967,6.0374,32.6183,2.0000
sub-001,ses-01,FCz,15,2,2,0,5.2045,5.2997,3.4770,5.5720,0.0000,3.1468,4.9385,4.9155,2.6482,5.6971,23.2005,21.0000
sub-001,ses-01,FCz,16,2,4,2,9.3735,6.7786,6.5433,3.1705,0.0000,3.3741,5.8536,5.8529,5.9387,5.8559,24.8666,12.0000
sub-001,ses-01,FCz,17,2,4,2,4.5503,3.4123,3.9455,3.5647,0.0000,2.3690,5.6263,5.6582,3.0957,5.2792,11.5872,18.0000
sub-001,ses-01,FCz,18,2,2,0,4.3542,6.8526,3.5352,3.1403,0.0000,2.4852,6.0411,6.0714,7.1261,5.1383,12.5544,7.0000
sub-001,ses-01,FCz,19,2,2,0,3.7249,11.7918,7.6871,3.7827,0.0000,3.6596,5.7628,5.7443,5.4337,3.9852,28.6303,5.0000
sub-001,ses-01,FCz,20,4,2,0,9.3165,4.7281,6.5492,2.7220,0.0000,3.0432,5.2305,5.2124,5.2636,4.7403,27.7163,1.0000
sub-001,ses-01,FCz,21,4,2,0,9.1637,6.3151,5.5985,3.5999,0.0000,3.3094,6.0513,6.0507,7.6376,7.0329,28.7188,1.0000
sub-001,ses-01,FCz,22,4,2,0,5.7534,5.7235,5.1424,4.0989,0.0000,3.0243,6.2696,6.2856,8.9289,4.9135,28.0011,15.0000
sub-001,ses-01,FCz,23,2,4,2,3.1592,7.7680,12.0715,4.5297,0.0000,4.0703,6.1185,6.0909,11.8218,5.7271,23.5788,8.0000
sub-001,ses-01,FCz,24,2,2,2,6.0487,3.9775,7.6353,3.1450,0.0000,2.9489,5.3229,5.3356,5.0925,5.6166,16.6199,11.0000
sub-001,ses-01,FCz,25,2,4,2,13.7517,7.0520,4.5219,3.1725,0.0000,3.5253,5.6196,5.5997,6.4171,4.2663,26.4190,1.0000
sub-001,ses-01,FCz,26,2,2,2,2.3860,3.3340,3.3246,4.5441,0.0000,2.3698,5.7284,5.7444,5.2499,5.2909,16.1002,16.0000
sub-001,ses-01,Cz,0,2,2,0,23.5337,7.2144,8.9953,5.6368,0.0000,5.8196,6.3214,6.2221,6.1972,3.9574,67.0474,1.0000
sub-001,ses-01,Cz,1,2,4,0,9.1772,4.4505,11.9765,5.9463,0.0000,4.7365,6.2603,6.2071,3.7858,5.4307,38.8241,10.0000
sub-001,ses-01,Cz,2,2,2,0,3.3294,3.1180,9.4522,3.9469,0.0000,3.1119,5.2629,5.2547,5.9806,5.1325,27.1459,10.0000
sub-001,ses-01,Cz,3,2,2,0,14.5894,7.2286,7.5860,5.9362,0.0000,4.8828,5.7315,5.6524,6.8898,6.4109,37.4350,1.0000
sub-001,ses-01,Cz,4,2,4,0,7.5621,7.9711,5.4529,5.0328,0.0000,3.7274,5.4768,5.4614,5.3878,5.1745,31.8240,17.0000
sub-001,ses-01,Cz,5,4,2,0,2.2926,3.2930,11.9188,2.1681,0.0000,2.8382,5.9427,5.9503,4.4821,6.6625,27.2726,11.0000
sub-001,ses-01,Cz,6,2,4,0,6.4995,15.0345,5.5563,3.7262,0.0000,3.9050,5.9282,5.8999,5.9220,6.5464,25.2633,7.0000
sub-001,ses-01,Cz,7,2,2,0,10.5712,2.3678,10.5474,2.7268,0.0000,3.4998,5.8998,5.8569,8.3204,5.0152,35.4586,1.0000
sub-001,ses-01,Cz,8,4,2,0,11.2453,4.4481,4.0149,3.4584,0.0000,3.0656,5.3248,5.3115,4.4315,4.4452,19.9831,1.0000
sub-001,ses-01,Cz,9,4,4,0,1.7839,3.1194,5.7558,3.2095,0.0000,2.2296,4.9604,4.9793,8.4901,4.8104,12.5030,18.0000
sub-001,ses-01,Cz,10,2,2,0,6.8110,2.2860,7.0561,2.5165,0.0000,2.5916,5.3748,5.3940,3.2369,4.8079,13.2751,12.0000
sub-001,ses-01,Cz,11,2,4,0,7.8610,8.3468,6.0896,3.4098,0.0000,3.3883,4.9494,4.9238,5.2287,3.8048,27.9677,10.0000
sub-001,ses-01,Cz,12,4,2,0,15.6081,8.1162,8.7758,5.6265,0.0000,5.1325,5.8892,5.8162,3.7360,5.2709,44.8704,1.0000
sub-001,ses-01,Cz,13,4,0,0,5.0121,3.4023,7.6021,4.7230,0.0000,3.2714,5.2902,5.2927,3.6781,4.6437,14.1099,9.0000
sub-001,ses-01,Cz,14,4,2,0,11.8643,5.3889,7.0725,4.5840,0.0000,3.9777,5.8897,5.8479,3.1029,6.5303,41.3528,2.0000
sub-001,ses-01,Cz,15,2,2,0,6.3754,2.5092,4.0723,5.5165,0.0000,3.0625,4.7005,4.6719,4.8960,3.8305,24.3688,16.0000
sub-001,ses-01,Cz,16,2,4,2,8.7821,3.2672,9.2863,2.7164,0.0000,3.2379,5.3429,5.3319,5.0497,4.3240,33.4183,12.0000
sub-001,ses-01,Cz,17,2,4,2,7.7565,2.9267,4.4521,4.8713,0.0000,3.0877,5.7900,5.7846,5.5326,4.9392,26.7268,1.0000
sub-001,ses-01,Cz,18,2,2,0,7.0015,6.1885,5.5542,3.7367,0.0000,3.1317,6.1165,6.1342,4.9211,6.1279,18.4003,10.0000
sub-001,ses-01,Cz,19,2,2,0,11.4691,11.9578,9.0797,3.5519,0.0000,4.5200,5.5339,5.4655,5.1694,3.9264,33.3243,1.0000
sub-001,ses-01,Cz,20,4,2,0,16.5415,4.5608,6.0992,5.1692,0.0000,4.3768,5.6709,5.5969,5.5429,4.8537,39.0804,1.0000
sub-001,ses-01,Cz,21,4,2,0,11.2103,7.9823,5.6880,3.7744,0.0000,3.7201,5.8093,5.7762,6.0383,6.1359,36.1226,1.0000
sub-001,ses-01,Cz,22,4,2,0,4.4299,2.4423,3.8467,3.7258,0.0000,2.3024,6.0747,6.1184,7.3820,6.3502,12.2813,18.0000
sub-001,ses-01,Cz,23,2,4,2,12.7012,8.8169,10.9883,3.5855,0.0000,4.6189,6.0889,6.0121,10.2993,5.1558,33.4094,1.0000
sub-001,ses-01,Cz,24,2,2,2,13.3590,8.7101,9.3711,3.6961,0.0000,4.4780,5.4249,5.3547,6.6176,5.9386,23.9940,1.0000
sub-001,ses-01,Cz,25,2,4,2,18.5621,6.4208,5.2520,3.1541,0.0000,4.0104,5.5467,5.4765,8.3404,5.0961,63.3816,1.0000
sub-001,ses-01,Cz,26,2,2,2,6.1775,7.6165,1.9820,3.5478,0.0000,2.6323,5.6913,5.7187,4.6023,5.2948,11.7361,4.0000
sub-001,ses-01,C4,0,2,2,0,18.9875,7.7958,7.8288,4.6004,0.0000,4.9747,6.8636,6.7815,6.4714,6.1563,46.1855,1.0000
sub-001,ses-01,C4,1,2,4,0,5.0461,6.3157,15.9654,5.8656,0.0000,5.0580,5.7825,5.7304,4.8852,5.8155,47.4351,10.0000
sub-001,ses-01,C4,2,2,2,0,11.7154,4.4158,7.7450,4.8809,0.0000,4.0569,5.9221,5.8905,6.8407,7.0202,24.7909,1.0000
sub-001,ses-01,C4,3,2,2,0,3.4343,5.4334,3.8989,3.2646,0.0000,2.3559,5.5788,5.5969,5.5305,4.9196,11.6750,7.0000
sub-001,ses-01,C4,4,2,4,0,4.2211,8.6326,8.5221,5.8761,0.0000,4.1613,5.2878,5.2477,4.3523,5.6179,19.8063,17.0000
sub-001,ses-01,C4,5,4,2,0,6.4363,3.8299,12.9601,4.2332,0.0000,4.0432,6.4481,6.4382,9.7585,6.9040,18.7742,1.0000
sub-001,ses-01,C4,6,2,4,0,23.9848,0.8529,5.5539,3.7255,0.0000,4.2118,6.0069,5.9233,5.1841,7.9899,74.8321,1.0000
sub-001,ses-01,C4,7,2,2,0,4.9940,4.5123,10.0600,2.5668,0.0000,3.0640,5.5702,5.5643,4.7694,5.9323,31.9297,10.0000
sub-001,ses-01,C4,8,4,2,0,5.7351,5.1088,5.9900,2.6602,0.0000,2.6488,5.4590,5.4703,4.7322,5.1438,12.0998,4.0000
sub-001,ses-01,C4,9,4,4,0,1.2587,1.2844,3.4749,3.2089,0.0000,1.6916,5.7812,5.8402,9.5460,5.6232,13.5115,10.0000
sub-001,ses-01,C4,10,2,2,0,5.4487,4.3754,10.9157,3.8454,0.0000,3.5996,5.6345,5.6102,5.8055,5.3543,23.1532,12.0000
sub-001,ses-01,C4,11,2,4,0,7.4859,8.2229,8.2687,3.8136,0.0000,3.7680,5.4213,5.3943,7.0806,4.9210,20.4282,12.0000
sub-001,ses-01,C4,12,4,2,0,15.1943,2.7485,4.3409,5.2318,0.0000,3.8565,5.2778,5.2110,3.9726,4.4571,50.0774,1.0000
sub-001,ses-01,C4,13,4,0,0,12.3966,7.4384,10.2738,4.9006,0.0000,4.7603,6.0749,6.0165,3.1306,4.2766,40.3296,9.0000
sub-001,ses-01,C4,14,4,2,0,3.6400,7.2456,5.8308,3.7192,0.0000,2.9506,5.7339,5.7517,9.4066,7.0304,18.8564,6.0000
sub-001,ses-01,C4,15,2,2,0,3.9958,3.7190,3.1070,3.4241,0.0000,2.1864,5.0714,5.0709,4.8627,5.0801,10.1333,14.0000
sub-001,ses-01,C4,16,2,4,2,8.6831,3.0265,3.9941,4.9083,0.0000,3.1305,5.7027,5.7102,5.9054,5.9240,25.8096,1.0000
sub-001,ses-01,C4,17,2,4,2,4.3759,4.5622,3.4676,3.2621,0.0000,2.3015,4.7650,4.7758,4.0232,4.6620,10.6356,7.0000
sub-001,ses-01,C4,18,2,2,0,10.0461,4.6425,8.9668,3.1396,0.0000,3.5667,5.9615,5.9425,4.8960,6.7106,23.6601,3.0000
sub-001,ses-01,C4,19,2,2,0,4.4765,11.5770,6.4150,3.2192,0.0000,3.3617,5.4637,5.4576,5.9927,5.8780,23.8901,5.0000
sub-001,ses-01,C4,20,4,2,0,13.3665,15.2109,6.4885,5.2367,0.0000,5.1469,5.6923,5.6386,9.5027,6.3629,30.2376,4.0000
sub-001,ses-01,C4,21,4,2,0,1.2110,3.1374,10.9527,8.3764,0.0000,4.4652,5.7081,5.6744,5.1552,5.9937,30.5706,22.0000
sub-001,ses-01,C4,22,4,2,0,12.4423,5.6402,4.4399,3.0432,0.0000,3.2216,5.8484,5.8554,8.7707,5.2683,20.9993,3.0000
sub-001,ses-01,C4,23,2,4,2,4.6679,8.6956,10.5124,6.2042,0.0000,4.5856,7.5934,7.5901,12.8543,6.2206,25.6234,15.0000
sub-001,ses-01,C4,24,2,2,2,2.8757,4.8555,8.8235,2.3826,0.0000,2.6707,5.5226,5.5367,6.2328,6.4513,23.7884,10.0000
sub-001,ses-01,C4,25,2,4,2,23.3783,4.6276,9.3603,2.7973,0.0000,4.7570,5.6886,5.5992,7.2489,4.5417,66.7856,1.0000
sub-001,ses-01,C4,26,2,2,2,9.6732,13.5765,0.9232,5.9635,0.0000,4.0945,5.8369,5.7933,8.9008,6.2651,25.0736,7.0000
sub-001,ses-01,CP4,0,2,2,0,18.9677,5.4468,6.6008,5.3829,0.0000,4.8196,6.6913,6.5873,6.0240,7.3148,40.3126,1.0000
sub-001,ses-01,CP4,1,2,4,0,9.7389,7.0549,11.7242,2.7952,0.0000,4.0432,5.9807,5.9548,5.2961,6.3850,33.2647,10.0000
sub-001,ses-01,CP4,2,2,2,0,7.0367,6.7456,4.6557,4.3692,0.0000,3.2526,6.0267,6.0058,8.5654,6.8124,21.6374,1.0000
sub-001,ses-01,CP4,3,2,2,0,14.8676,3.9471,3.8556,2.6134,0.0000,3.0783,5.4238,5.3710,2.8524,5.4199,38.8155,1.0000
sub-001,ses-01,CP4,4,2,4,0,17.6528,10.4891,14.0403,4.5897,0.0000,5.9645,5.9075,5.8226,5.0028,7.0817,28.4006,1.0000
sub-001,ses-01,CP4,5,4,2,0,5.6672,3.2045,10.3423,4.0979,0.0000,3.5073,5.9068,5.9041,9.8192,6.0091,21.0943,10.0000
sub-001,ses-01,CP4,6,2,4,0,21.1257,4.2892,2.3107,5.5325,0.0000,4.3592,5.8750,5.8282,3.9898,7.2410,65.7858,1.0000
sub-001,ses-01,CP4,7,2,2,0,3.8288,7.5292,7.3454,2.7966,0.0000,2.9270,5.3990,5.3999,6.1581,6.6776,25.2773,10.0000
sub-001,ses-01,CP4,8,4,2,0,6.7516,4.2185,10.6491,3.8115,0.0000,3.6587,5.6242,5.6192,4.4711,6.0764,13.4180,13.0000
sub-001,ses-01,CP4,9,4,4,0,10.9332,1.9737,2.4218,4.3315,0.0000,2.8481,5.8911,5.8961,9.5343,5.7419,36.4451,1.0000
sub-001,ses-01,CP4,10,2,2,0,6.1986,9.3000,10.9789,3.7876,0.0000,4.1188,5.4396,5.3864,4.3739,5.3343,21.5530,7.0000
sub-001,ses-01,CP4,11,2,4,0,11.4465,8.3809,4.0711,1.2983,0.0000,2.8050,5.6650,5.6824,5.3407,5.1512,31.8234,1.0000
sub-001,ses-01,CP4,12,4,2,0,16.7643,1.3649,5.1153,3.0756,0.0000,3.3300,5.2006,5.1342,4.3532,5.9771,52.6420,1.0000
sub-001,ses-01,CP4,13,4,0,0,16.8974,4.1837,9.1061,4.9726,0.0000,4.7350,6.4322,6.3541,6.4862,4.2394,40.5782,1.0000
sub-001,ses-01,CP4,14,4,2,0,7.6847,5.1240,4.5716,4.7094,0.0000,3.2532,6.2879,6.2769,9.2862,6.4539,17.1342,1.0000
sub-001,ses-01,CP4,15,2,2,0,12.1174,4.6148,3.1483,2.0337,0.0000,2.6106,4.6399,4.6379,4.2204,3.8928,26.4497,1.0000
sub-001,ses-01,CP4,16,2,4,2,8.0023,8.3323,4.4281,4.3740,0.0000,3.4597,5.2352,5.2245,4.6021,5.5999,16.8912,1.0000
sub-001,ses-01,CP4,17,2,4,2,9.0939,4.8554,5.8325,2.5879,0.0000,2.8938,4.7688,4.7256,5.6604,4.6527,27.8447,1.0000
sub-001,ses-01,CP4,18,2,2,0,9.1994,5.7337,11.3036,3.0087,0.0000,3.8760,5.7685,5.7383,4.3849,5.7723,18.6354,2.0000
sub-001,ses-01,CP4,19,2,2,0,7.0140,12.6915,9.0667,6.8742,0.0000,5.1764,5.2683,5.1931,5.3025,5.6639,32.4728,5.0000
sub-001,ses-01,CP4,20,4,2,0,13.0880,5.3768,8.7017,4.9392,0.0000,4.4251,6.1874,6.1695,6.4510,6.7835,21.6432,13.0000
sub-001,ses-01,CP4,21,4,2,0,5.6928,2.9849,18.3420,8.4812,0.0000,5.9307,5.3000,5.1805,6.3098,6.0667,47.2578,13.0000
sub-001,ses-01,CP4,22,4,2,0,10.7349,2.7048,6.6315,2.7228,0.0000,2.9987,5.8981,5.9067,6.8223,4.9940,17.8578,3.0000
sub-001,ses-01,CP4,23,2,4,2,10.4672,4.4590,9.4006,5.8716,0.0000,4.4753,6.6833,6.6505,10.3732,4.7358,27.6829,17.0000
sub-001,ses-01,CP4,24,2,2,2,1.8961,6.3010,9.7305,3.7769,0.0000,3.2621,5.7740,5.7720,6.5628,5.0489,26.2780,10.0000
sub-001,ses-01,CP4,25,2,4,2,29.4583,5.6143,9.8891,3.6839,0.0000,5.7562,5.7374,5.5629,5.7851,4.2486,86.6108,1.0000
sub-001,ses-01,CP4,26,2,2,2,5.1113,8.3463,5.4193,6.3274,0.0000,3.9210,6.2685,6.2460,8.2973,6.9271,22.7813,14.0000
sub-001,ses-01,O2,0,2,2,0,33.6047,8.0378,9.4049,5.8914,0.0000,6.9671,6.7920,6.6395,6.0418,6.6421,52.0953,2.0000
sub-001,ses-01,O2,1,2,4,0,13.0627,1.7298,3.3238,2.5048,0.0000,2.5971,5.6002,5.6137,5.0783,5.4883,35.0409,1.0000
sub-001,ses-01,O2,2,2,2,0,13.2041,9.2087,7.3056,3.5767,0.0000,4.1856,5.2180,5.1609,3.6646,6.3588,25.5634,1.0000
sub-001,ses-01,O2,3,2,2,0,11.9552,5.6378,9.1027,5.0031,0.0000,4.4193,5.4568,5.4280,5.6775,5.7817,32.3177,1.0000
sub-001,ses-01,O2,4,2,4,0,16.9472,3.3369,6.3870,2.7655,0.0000,3.6142,5.8105,5.7404,3.9069,5.2909,58.8735,1.0000
sub-001,ses-01,O2,5,4,2,0,8.4591,2.8966,4.9900,3.4916,0.0000,2.8082,5.0986,5.0854,3.3393,5.7029,21.3560,1.0000
sub-001,ses-01,O2,6,2,4,0,13.2093,4.5815,2.9545,4.0306,0.0000,3.2858,5.7814,5.7368,4.3867,4.1754,48.1519,1.0000
sub-001,ses-01,O2,7,2,2,0,13.1244,3.9387,5.5314,8.9524,0.0000,5.0656,6.2547,6.1923,3.8101,6.6558,41.8379,22.0000
sub-001,ses-01,O2,8,4,2,0,5.1722,5.3711,3.7649,2.2564,0.0000,2.1883,5.1558,5.1560,3.2681,3.9046,11.3332,7.0000
sub-001,ses-01,O2,9,4,4,0,18.0525,5.7350,4.4431,5.9611,0.0000,4.6350,6.6076,6.5630,3.5638,4.6202,51.9990,1.0000
sub-001,ses-01,O2,10,2,2,0,6.1597,6.8560,3.7455,4.6350,0.0000,3.1347,6.2068,6.2278,5.9660,7.1803,17.3942,20.0000
sub-001,ses-01,O2,11,2,4,0,4.0964,6.9832,6.6316,5.0795,0.0000,3.4917,5.9587,5.9510,6.4880,5.9070,16.3074,21.0000
sub-001,ses-01,O2,12,4,2,0,9.2084,5.9839,2.7915,3.3678,0.0000,2.8209,5.7701,5.7925,3.2849,6.4787,16.1973,1.0000
sub-001,ses-01,O2,13,4,0,0,2.5247,5.0677,3.3341,2.0348,0.0000,1.7867,5.6904,5.7254,4.4278,5.7236,10.4227,10.0000
sub-001,ses-01,O2,14,4,2,0,9.2271,3.2052,8.1289,4.3274,0.0000,3.5990,5.3860,5.3582,5.7223,5.8943,22.5078,1.0000
sub-001,ses-01,O2,15,2,2,0,8.9917,6.3453,8.5867,6.6361,0.0000,4.6311,5.2595,5.1930,4.3965,5.4618,25.8204,1.0000
sub-001,ses-01,O2,16,2,4,2,16.7877,6.0785,4.8978,4.0409,0.0000,4.0322,5.4517,5.3999,6.8532,5.1179,45.0357,1.0000
sub-001,ses-01,O2,17,2,4,2,17.4349,10.7889,5.1722,4.0323,0.0000,4.5662,5.5363,5.4403,3.1901,5.7821,41.6909,1.0000
sub-001,ses-01,O2,18,2,2,0,4.8158,3.8596,3.5389,4.5457,0.0000,2.6751,4.8319,4.8337,6.4371,4.9832,15.6481,21.0000
sub-001,ses-01,O2,19,2,2,0,9.7891,4.1620,4.3758,4.7017,0.0000,3.3298,5.1656,5.1488,6.8720,6.4094,23.5723,1.0000
sub-001,ses-01,O2,20,4,2,0,9.4245,6.3115,5.7984,5.4687,0.0000,3.9262,6.1808,6.1493,9.4145,6.1017,33.1293,1.0000
sub-001,ses-01,O2,21,4,2,0,16.5008,4.3869,2.1286,3.4450,0.0000,3.2816,5.1969,5.1825,2.6117,5.8431,50.1116,1.0000
sub-001,ses-01,O2,22,4,2,0,5.7591,3.0529,7.0246,4.6948,0.0000,3.2193,5.4009,5.3959,5.9249,5.3469,23.0943,8.0000
sub-001,ses-01,O2,23,2,4,2,12.5611,6.2809,8.3838,4.3908,0.0000,4.2500,5.9322,5.8601,10.2087,2.6725,26.8002,1.0000
sub-001,ses-01,O2,24,2,2,2,5.7903,11.0490,6.4921,3.8381,0.0000,3.6327,5.5533,5.5155,6.6959,5.1760,19.2509,6.0000
sub-001,ses-01,O2,25,2,4,2,17.6806,5.3953,5.2883,3.3044,0.0000,3.8835,6.0639,5.9992,7.9476,5.4410,57.7327,1.0000
sub-001,ses-01,O2,26,2,2,2,5.0331,12.6562,7.5147,4.7172,0.0000,4.1202,5.2517,5.2067,4.8543,5.0298,21.7125,6.0000
sub-001,ses-02,Fp1,0,4,2,0,6.5949,3.2270,11.0168,4.3579,0.0000,3.7684,5.7095,5.6847,3.2709,6.0549,17.5523,11.0000
sub-001,ses-02,Fp1,1,2,2,0,7.5563,5.0208,4.9950,4.6823,0.0000,3.2825,5.3227,5.3061,3.2419,5.3614,23.4745,1.0000
sub-001,ses-02,Fp1,2,4,2,0,5.6551,11.2270,10.4392,3.1420,0.0000,3.9770,5.4040,5.3816,7.6449,6.1146,19.1624,13.0000
sub-001,ses-02,Fp1,3,2,2,0,5.5807,3.9982,3.8622,2.7786,0.0000,2.2700,5.1617,5.1807,6.4675,5.9384,13.8911,19.0000
sub-001,ses-02,Fp1,4,4,4,0,17.6799,2.7765,3.8862,3.8935,0.0000,3.6223,5.5348,5.5063,5.3045,4.8964,27.9753,1.0000
sub-001,ses-02,Fp1,5,4,4,2,6.6040,5.5946,5.2561,4.4655,0.0000,3.2182,5.2785,5.2690,4.3809,4.4009,21.0893,22.0000
sub-001,ses-02,Fp1,6,4,4,2,5.4860,9.7496,4.5550,4.7818,0.0000,3.4985,5.0841,5.0504,6.5453,4.9033,28.6990,7.0000
sub-001,ses-02,Fp1,7,2,2,2,3.3025,6.5248,5.2657,3.1836,0.0000,2.6114,5.4532,5.4744,2.7045,5.9651,12.8289,11.0000
sub-001,ses-02,Fp1,8,4,2,2,14.2182,5.4027,5.3848,4.3806,0.0000,3.9009,5.6430,5.5614,6.6512,6.0661,45.3006,1.0000
sub-001,ses-02,Fp1,9,2,4,2,8.5876,5.7113,5.8163,3.8857,0.0000,3.3164,5.3793,5.3609,7.7468,5.5202,16.3338,2.0000
sub-001,ses-02,Fp1,10,4,2,0,11.7317,9.2890,5.4231,4.2662,0.0000,4.0019,5.4392,5.4219,4.1716,6.2097,27.2374,4.0000
sub-001,ses-02,Fp1,11,2,2,2,10.5503,5.9155,5.0393,3.2705,0.0000,3.2236,5.0822,5.0784,3.7355,5.5022,19.1447,1.0000
sub-001,ses-02,Fp1,12,2,4,2,6.8055,4.3997,5.9061,2.8894,0.0000,2.7400,5.1842,5.1899,4.2078,6.0188,15.0341,10.0000
sub-001,ses-02,Fp1,13,4,2,2,16.5678,7.4840,6.0005,5.7048,0.0000,4.7994,5.1944,5.0751,6.2815,5.5488,53.7724,1.0000
sub-001,ses-02,Fp1,14,4,2,2,13.7345,4.9810,8.5000,5.3083,0.0000,4.5319,5.5405,5.4662,5.9033,6.1215,30.8043,1.0000
sub-001,ses-02,Fp1,15,2,2,2,5.3029,1.7452,6.6363,5.2149,0.0000,3.1582,5.5979,5.5970,2.9814,5.5298,21.1063,18.0000
sub-001,ses-02,Fp1,16,2,2,2,2.1267,3.7609,2.1733,5.3111,0.0000,2.4566,5.4314,5.4482,7.6857,4.8993,19.0774,18.0000
sub-001,ses-02,Fp1,17,2,4,4,4.2112,8.7028,8.0017,4.9425,0.0000,3.8121,5.1778,5.1485,5.1036,3.3633,18.8381,5.0000
sub-001,ses-02,Fp1,18,2,2,4,15.0456,12.5066,5.9465,3.8214,0.0000,4.5480,6.0232,5.9908,5.0601,7.1135,34.8000,3.0000
sub-001,ses-02,Fp1,19,2,4,4,18.3303,8.0054,2.7592,3.2249,0.0000,3.8098,5.3776,5.3017,4.5038,6.2364,51.4458,1.0000
sub-001,ses-02,Fp1,20,2,4,0,16.2134,3.5810,7.1374,4.2794,0.0000,4.1310,6.4178,6.3191,4.0994,6.1915,49.6356,1.0000
sub-001,ses-02,Fp1,21,2,2,4,7.7197,4.8078,11.4461,1.5140,0.0000,3.2202,5.7662,5.7659,3.9318,6.1715,27.7933,8.0000
sub-001,ses-02,Fp1,22,2,2,4,7.9147,11.6577,9.8796,4.4057,0.0000,4.5312,5.3392,5.2938,7.1739,5.8101,35.6552,9.0000
sub-001,ses-02,Fp1,23,4,2,4,13.7345,6.2673,11.6052,5.2053,0.0000,5.0537,6.3237,6.2688,8.6228,6.8512,27.5353,1.0000
sub-001,ses-02,Fp1,24,4,2,4,14.8511,5.6980,3.9731,3.4389,0.0000,3.5056,5.1321,5.1020,6.5566,4.1535,38.6509,1.0000
sub-001,ses-02,Fp1,25,2,4,4,19.8065,11.5806,6.4968,4.7730,0.0000,5.2693,6.4268,6.3119,7.9197,6.2391,66.2621,1.0000
sub-001,ses-02,Fp1,26,2,4,4,18.3199,15.8032,5.2278,3.5561,0.0000,4.9788,5.4713,5.3472,4.1816,4.2700,54.6474,1.0000
sub-001,ses-02,C3,0,4,2,0,12.0206,4.2852,14.1520,5.9856,0.0000,5.3011,6.5268,6.4491,5.9327,6.2002,30.4930,10.0000
sub-001,ses-02,C3,1,2,2,0,6.1566,6.4538,7.3353,4.1578,0.0000,3.4536,5.9202,5.9145,5.1596,6.0152,16.4387,6.0000
sub-001,ses-02,C3,2,4,2,0,3.7339,3.6901,7.1429,5.3530,0.0000,3.3057,5.5187,5.5135,7.2296,4.9537,15.8714,10.0000
sub-001,ses-02,C3,3,2,2,0,6.8411,4.3243,7.3826,2.6293,0.0000,2.8637,5.2267,5.2306,4.9660,4.7529,23.2335,10.0000
sub-001,ses-02,C3,4,4,4,0,9.3862,7.1177,2.5916,3.1138,0.0000,2.8382,5.3065,5.3261,7.6675,5.6390,22.0564,4.0000
sub-001,ses-02,C3,5,4,4,2,2.7628,7.4435,6.1650,5.3256,0.0000,3.4197,6.4430,6.4466,4.5921,3.8822,20.4327,11.0000
sub-001,ses-02,C3,6,4,4,2,6.0980,5.0476,9.6000,2.4132,0.0000,3.1059,5.4203,5.3667,7.0045,7.4852,36.8443,10.0000
sub-001,ses-02,C3,7,2,2,2,2.5782,6.7681,6.1238,4.4040,0.0000,3.0554,5.5892,5.5839,10.5163,5.4084,23.0961,8.0000
sub-001,ses-02,C3,8,4,2,2,4.5048,2.2879,8.3028,4.3281,0.0000,3.0989,6.1405,6.1581,5.6467,6.8472,28.6073,10.0000
sub-001,ses-02,C3,9,2,4,2,4.3561,11.9138,4.8447,2.8057,0.0000,3.0377,5.3887,5.3948,4.8397,4.7868,24.8275,5.0000
sub-001,ses-02,C3,10,4,2,0,10.5687,7.5424,1.9514,5.5811,0.0000,3.6443,6.1594,6.1688,5.1771,6.0580,25.9922,4.0000
sub-001,ses-02,C3,11,2,2,2,6.4114,4.9243,3.8009,5.6250,0.0000,3.2854,6.0482,6.0586,7.0792,4.5593,14.0646,22.0000
sub-001,ses-02,C3,12,2,4,2,3.9951,4.2250,4.1426,4.4328,0.0000,2.6828,5.0940,5.0938,8.2073,4.2792,14.2539,19.0000
sub-001,ses-02,C3,13,4,2,2,6.4505,8.6944,8.6695,4.5035,0.0000,3.9801,6.4906,6.4885,7.7670,7.9279,28.1619,15.0000
sub-001,ses-02,C3,14,4,2,2,8.9252,4.0888,8.4393,3.6530,0.0000,3.4926,5.5180,5.4785,7.6209,5.7164,23.2270,11.0000
sub-001,ses-02,C3,15,2,2,2,4.4787,7.5174,5.5031,2.9497,0.0000,2.7756,5.1613,5.1598,4.5206,4.4997,21.4514,5.0000
sub-001,ses-02,C3,16,2,2,2,5.2046,1.6152,4.4739,6.7018,0.0000,3.2848,5.5685,5.5578,4.8041,4.0851,21.3126,19.0000
sub-001,ses-02,C3,17,2,4,4,1.6154,1.1701,7.1170,4.6516,0.0000,2.6585,5.8191,5.8506,5.0205,5.9700,12.1846,14.0000
sub-001,ses-02,C3,18,2,2,4,5.3781,4.0580,7.7824,5.3364,0.0000,3.5770,5.6200,5.5909,12.3351,4.3870,17.9841,20.0000
sub-001,ses-02,C3,19,2,4,4,11.2539,4.7752,3.4980,3.4376,0.0000,3.0184,5.5971,5.6074,6.5193,6.2979,26.2185,1.0000
sub-001,ses-02,C3,20,2,4,0,8.1493,10.7596,7.3794,3.8908,0.0000,3.9649,5.2429,5.1690,2.9791,4.5246,25.6735,1.0000
sub-001,ses-02,C3,21,2,2,4,5.2017,5.2062,10.4389,3.8548,0.0000,3.5902,5.0941,5.0642,4.3917,5.1201,21.8776,8.0000
sub-001,ses-02,C3,22,2,2,4,9.8434,9.5526,12.2871,9.1324,0.0000,6.2797,5.4502,5.3399,10.2072,6.5801,32.1926,16.0000
sub-001,ses-02,C3,23,4,2,4,5.9411,5.0037,11.9698,5.2501,0.0000,4.2756,5.2322,5.1828,2.6555,4.9396,33.9721,9.0000
sub-001,ses-02,C3,24,4,2,4,9.3679,8.5154,13.3967,3.3719,0.0000,4.5523,6.7230,6.6990,10.0086,5.6740,33.6906,12.0000
sub-001,ses-02,C3,25,2,4,4,5.7729,7.2275,4.9060,2.5315,0.0000,2.6592,4.8556,4.8579,4.6909,5.2567,13.0659,7.0000
sub-001,ses-02,C3,26,2,4,4,7.9010,11.6610,6.5141,4.6919,0.0000,4.1471,5.4168,5.3718,4.1272,5.2698,21.8413,7.0000
sub-001,ses-02,CP3,0,4,2,0,7.9584,3.0449,13.0119,5.9011,0.0000,4.6232,6.2734,6.2305,4.5492,6.3652,31.2719,10.0000
sub-001,ses-02,CP3,1,2,2,0,5.9418,6.4688,7.6366,3.5381,0.0000,3.2897,6.1044,6.0976,6.8179,7.0098,14.1629,6.0000
sub-001,ses-02,CP3,2,4,2,0,4.0886,3.3314,6.9074,3.3049,0.0000,2.6532,5.8824,5.8951,6.9453,4.9943,16.9207,21.0000
sub-001,ses-02,CP3,3,2,2,0,5.6925,5.8215,8.4502,3.5816,0.0000,3.3330,5.2717,5.2617,4.5180,6.5243,18.6318,10.0000
sub-001,ses-02,CP3,4,4,4,0,8.4282,5.8142,4.9342,3.4498,0.0000,3.0563,5.5872,5.5971,8.5922,6.7320,15.5852,4.0000
sub-001,ses-02,CP3,5,4,4,2,4.9487,5.7102,4.9616,6.1891,0.0000,3.5550,5.9774,5.9715,4.7572,4.9087,30.7969,19.0000
sub-001,ses-02,CP3,6,4,4,2,3.7463,3.8917,7.4578,3.0968,0.0000,2.6874,5.1154,5.0692,7.0212,5.6066,19.8700,10.0000
sub-001,ses-02,CP3,7,2,2,2,2.7043,5.7381,6.5062,3.9329,0.0000,2.8822,6.0379,6.0528,7.0968,5.3075,16.3714,8.0000
sub-001,ses-02,CP3,8,4,2,2,5.5318,5.6841,7.3087,4.3513,0.0000,3.3787,6.1183,6.1323,3.9028,6.7178,17.5942,10.0000
sub-001,ses-02,CP3,9,2,4,2,3.4545,8.0292,4.4836,1.8105,0.0000,2.2412,5.7400,5.7777,5.8765,4.3334,23.4992,5.0000
sub-001,ses-02,CP3,10,4,2,0,9.7225,7.0360,2.3800,2.0420,0.0000,2.5084,5.7892,5.8302,6.0297,6.3909,18.7763,4.0000
sub-001,ses-02,CP3,11,2,2,2,9.7366,1.5906,2.8642,6.7247,0.0000,3.4864,5.3556,5.3318,6.6729,5.0419,24.2746,1.0000
sub-001,ses-02,CP3,12,2,4,2,6.0148,3.2314,5.3380,3.2766,0.0000,2.5956,5.4711,5.4792,6.5114,5.9299,17.5759,2.0000
sub-001,ses-02,CP3,13,4,2,2,9.2855,9.3436,4.7656,3.9021,0.0000,3.5776,6.3720,6.3807,5.5296,7.7758,21.0583,2.0000
sub-001,ses-02,CP3,14,4,2,2,3.3382,5.5799,10.0041,3.5359,0.0000,3.2945,5.6202,5.5936,8.4837,6.4994,35.8991,9.0000
sub-001,ses-02,CP3,15,2,2,2,7.9010,13.1920,4.0576,4.1558,0.0000,3.7847,5.8360,5.8034,4.5941,4.8960,28.4588,5.0000
sub-001,ses-02,CP3,16,2,2,2,4.7664,3.8641,5.4961,5.5143,0.0000,3.2369,5.7724,5.7774,3.3096,5.7448,21.7391,22.0000
sub-001,ses-02,CP3,17,2,4,4,3.0823,1.0088,9.2870,4.5424,0.0000,3.0497,5.6013,5.5998,4.5010,5.7730,27.1684,10.0000
sub-001,ses-02,CP3,18,2,2,4,3.4189,3.2212,8.5789,1.5291,0.0000,2.2770,5.7435,5.7726,10.1512,4.5409,15.3117,10.0000
sub-001,ses-02,CP3,19,2,4,4,2.5279,1.7731,6.1218,3.0386,0.0000,2.1729,5.6221,5.6582,5.5776,6.1561,14.1608,8.0000
sub-001,ses-02,CP3,20,2,4,0,10.0928,5.4907,5.6638,2.4471,0.0000,2.9797,5.3310,5.2988,4.5257,4.0430,35.0295,1.0000
sub-001,ses-02,CP3,21,2,2,4,5.2473,5.7170,8.9159,5.8595,0.0000,4.0355,5.3640,5.3146,3.1745,5.2516,32.8571,8.0000
sub-001,ses-02,CP3,22,2,2,4,6.1968,1.9302,9.3965,6.4697,0.0000,4.0231,5.0813,5.0340,8.1790,5.8237,25.1938,16.0000
sub-001,ses-02,CP3,23,4,2,4,4.6685,4.4782,8.4898,3.7792,0.0000,3.1780,6.1345,6.1411,3.9354,5.7113,22.1264,9.0000
sub-001,ses-02,CP3,24,4,2,4,9.2857,16.4631,11.7301,2.8256,0.0000,4.8863,5.8586,5.8165,7.2163,6.6630,28.0532,4.0000
sub-001,ses-02,CP3,25,2,4,4,11.3437,3.2986,3.9607,3.4982,0.0000,2.9723,5.1367,5.1307,3.6803,6.2527,21.7505,2.0000
sub-001,ses-02,CP3,26,2,4,4,5.7254,10.1976,5.6737,3.4951,0.0000,3.3295,5.3557,5.3387,3.4360,4.4969,20.3527,20.0000
sub-001,ses-02,O1,0,4,2,0,20.0031,3.8749,4.6766,3.7976,0.0000,4.0219,5.1371,5.0935,4.2858,4.8220,43.4712,1.0000
sub-001,ses-02,O1,1,2,2,0,4.0240,4.3406,2.7865,3.2180,0.0000,2.1398,6.1113,6.1590,5.0936,7.1037,10.9728,14.0000
sub-001,ses-02,O1,2,4,2,0,18.1935,6.4474,8.9470,3.6268,0.0000,4.6371,5.8521,5.7504,5.2054,4.2115,55.3761,1.0000
sub-001,ses-02,O1,3,2,2,0,10.2566,8.7594,4.9724,3.1138,0.0000,3.4041,4.9121,4.8827,2.6023,5.1107,23.6795,1.0000
sub-001,ses-02,O1,4,4,4,0,23.4550,7.4673,11.8994,3.3992,0.0000,5.5645,6.2830,6.1182,6.1216,4.5976,81.5250,1.0000
sub-001,ses-02,O1,5,4,4,2,5.2727,3.8627,5.1651,2.8053,0.0000,2.4186,5.5229,5.5449,2.9516,5.3499,19.4994,12.0000
sub-001,ses-02,O1,6,4,4,2,8.6810,5.5282,3.9626,4.9210,0.0000,3.3625,6.0332,6.0195,7.6743,6.0032,20.1414,19.0000
sub-001,ses-02,O1,7,2,2,2,20.2434,5.7266,6.6632,6.3964,0.0000,5.2794,5.4311,5.2669,7.2407,4.7086,70.0801,1.0000
sub-001,ses-02,O1,8,4,2,2,29.2909,7.6882,8.0569,6.5131,0.0000,6.5332,6.4013,6.2245,5.6154,5.6403,75.8896,1.0000
sub-001,ses-02,O1,9,2,4,2,8.7744,3.9280,4.1968,3.6869,0.0000,2.8819,5.4997,5.4878,5.0344,4.4781,30.3312,1.0000
sub-001,ses-02,O1,10,4,2,0,7.9792,3.2237,4.8414,4.6875,0.0000,3.1348,7.1118,7.1421,4.7743,9.5890,22.2643,1.0000
sub-001,ses-02,O1,11,2,2,2,14.5357,12.7981,8.6087,3.3747,0.0000,4.7641,5.8058,5.6985,4.8982,6.3375,47.0064,1.0000
sub-001,ses-02,O1,12,2,4,2,5.5553,4.9996,8.7110,2.9142,0.0000,3.0784,5.1982,5.1942,6.2676,4.6117,23.8064,11.0000
sub-001,ses-02,O1,13,4,2,2,22.2559,5.3955,9.6913,6.6949,0.0000,5.9485,5.8141,5.6376,3.5963,6.1353,69.2330,1.0000
sub-001,ses-02,O1,14,4,2,2,18.0905,7.8976,9.4212,2.7803,0.0000,4.5726,5.6812,5.6185,7.2637,4.7446,64.3746,1.0000
sub-001,ses-02,O1,15,2,2,2,8.7271,2.8728,4.3955,2.2162,0.0000,2.3624,5.0718,5.0858,4.8033,4.4677,15.8421,2.0000
sub-001,ses-02,O1,16,2,2,2,2.7758,5.2379,4.1075,4.4788,0.0000,2.6727,5.3615,5.3708,4.1925,4.7637,14.5278,16.0000
sub-001,ses-02,O1,17,2,4,4,13.3023,9.0703,8.4989,5.8690,0.0000,5.0414,4.8341,4.7575,7.4393,5.9594,29.4804,13.0000
sub-001,ses-02,O1,18,2,2,4,7.1790,7.8614,7.7342,6.3708,0.0000,4.4043,5.8377,5.8009,5.9173,7.7035,26.4392,14.0000
sub-001,ses-02,O1,19,2,4,4,19.5490,5.0816,10.7718,4.9168,0.0000,5.2807,5.8470,5.7205,4.1881,5.0046,57.6849,1.0000
sub-001,ses-02,O1,20,2,4,0,18.0443,7.3297,7.5794,8.0790,0.0000,5.8605,5.9110,5.7997,3.9822,4.7741,39.0045,1.0000
sub-001,ses-02,O1,21,2,2,4,11.8611,9.6984,4.6925,3.3507,0.0000,3.6733,5.3061,5.2855,9.0025,4.3335,15.6873,2.0000
sub-001,ses-02,O1,22,2,2,4,1.8994,3.1088,5.1308,5.2242,0.0000,2.7612,5.0524,5.0601,6.9941,6.1025,22.6732,15.0000
sub-001,ses-02,O1,23,4,2,4,8.2225,5.5339,6.6398,4.5509,0.0000,3.5820,5.2612,5.2402,6.6900,5.6286,19.4321,2.0000
sub-001,ses-02,O1,24,4,2,4,11.7906,6.4015,9.2756,3.7586,0.0000,4.1229,5.4072,5.3416,7.3678,5.0334,37.9998,1.0000
sub-001,ses-02,O1,25,2,4,4,27.3236,1.0564,4.0530,4.3682,0.0000,4.5262,5.4124,5.2775,5.3660,5.6418,73.9602,1.0000
sub-001,ses-02,O1,26,2,4,4,31.3696,4.3623,6.1004,4.0956,0.0000,5.4133,6.1793,6.0252,5.5877,4.9797,73.5009,1.0000
sub-001,ses-02,Pz,0,4,2,0,10.0151,4.1020,10.8678,5.6027,0.0000,4.5235,5.4596,5.4051,6.2081,6.9063,24.0186,18.0000
sub-001,ses-02,Pz,1,2,2,0,8.8466,7.9387,8.9960,4.6289,0.0000,4.2161,5.7455,5.7185,7.1155,3.8299,16.1755,4.0000
sub-001,ses-02,Pz,2,4,2,0,4.2117,9.6434,7.4415,2.6559,0.0000,3.1301,5.8660,5.8742,4.6153,6.7938,25.3452,5.0000
sub-001,ses-02,Pz,3,2,2,0,10.3209,2.9063,4.3810,2.8275,0.0000,2.6966,5.3574,5.3692,5.5428,3.8867,22.7813,1.0000
sub-001,ses-02,Pz,4,4,4,0,11.8828,11.6362,8.0427,4.5097,0.0000,4.6734,5.3243,5.2670,5.5457,5.4938,30.0282,9.0000
sub-001,ses-02,Pz,5,4,4,2,3.5600,0.9193,5.5115,6.1622,0.0000,3.0487,5.5282,5.5269,4.4570,5.2030,20.5766,19.0000
sub-001,ses-02,Pz,6,4,4,2,5.2368,3.0038,9.8529,3.3252,0.0000,3.1467,6.0478,6.0560,6.2074,7.7067,29.6744,10.0000
sub-001,ses-02,Pz,7,2,2,2,14.4504,5.0608,10.6073,5.7752,0.0000,5.0411,5.5220,5.4414,4.9300,4.3100,45.7500,1.0000
sub-001,ses-02,Pz,8,4,2,2,4.9136,7.0769,8.0311,3.2744,0.0000,3.2260,5.6944,5.6910,6.0594,5.0315,18.0769,10.0000
sub-001,ses-02,Pz,9,2,4,2,5.6166,5.2969,8.2859,5.8554,0.0000,3.9416,5.3016,5.2619,7.5521,5.6373,17.5729,12.0000
sub-001,ses-02,Pz,10,4,2,0,3.2181,1.4583,4.5828,4.9763,0.0000,2.5789,5.5712,5.5917,3.9848,5.1684,15.8608,15.0000
sub-001,ses-02,Pz,11,2,2,2,11.4830,7.6712,4.5648,2.9656,0.0000,3.3153,5.8180,5.7969,5.3668,5.6742,22.9661,1.0000
sub-001,ses-02,Pz,12,2,4,2,8.6478,6.8126,4.2849,5.8828,0.0000,3.8146,5.7821,5.7382,7.1152,6.5432,22.6142,15.0000
sub-001,ses-02,Pz,13,4,2,2,4.7256,3.1060,6.2208,6.0274,0.0000,3.4188,5.0788,5.0628,3.8036,5.0107,39.8676,16.0000
sub-001,ses-02,Pz,14,4,2,2,8.6856,1.7643,2.5454,5.6454,0.0000,3.0340,5.9224,5.9263,8.1670,4.7528,31.3050,19.0000
sub-001,ses-02,Pz,15,2,2,2,8.9307,1.9286,8.6047,4.2180,0.0000,3.4860,4.9768,4.9581,3.4510,5.4943,24.2190,20.0000
sub-001,ses-02,Pz,16,2,2,2,1.6127,1.0477,5.1670,3.0203,0.0000,1.8816,5.0013,5.0154,5.6823,5.3864,15.1209,12.0000
sub-001,ses-02,Pz,17,2,4,4,10.1096,9.0313,9.7917,6.6120,0.0000,5.1458,5.8914,5.8209,7.4709,6.2483,31.8773,10.0000
sub-001,ses-02,Pz,18,2,2,4,9.6876,14.7336,4.5071,3.7953,0.0000,4.0480,5.2506,5.2032,7.4614,5.4199,20.5758,5.0000
sub-001,ses-02,Pz,19,2,4,4,7.6905,6.3782,5.0683,2.8845,0.0000,2.8880,5.3986,5.4083,6.1448,5.4615,18.6280,7.0000
sub-001,ses-02,Pz,20,2,4,0,12.8468,4.9067,10.6958,3.5693,0.0000,4.2230,6.1521,6.1261,2.9783,6.7128,36.7442,1.0000
sub-001,ses-02,Pz,21,2,2,4,3.6483,4.2018,9.7181,4.8274,0.0000,3.5457,5.4935,5.4767,4.1806,5.8378,32.1118,12.0000
sub-001,ses-02,Pz,22,2,2,4,10.0179,9.6255,4.1451,3.9893,0.0000,3.6117,5.8505,5.8239,4.5056,5.2881,23.9287,14.0000
sub-001,ses-02,Pz,23,4,2,4,7.1486,5.8281,5.1681,3.3010,0.0000,2.9262,5.2400,5.2369,5.8045,5.3114,13.7137,12.0000
sub-001,ses-02,Pz,24,4,2,4,16.1941,2.7487,16.0138,5.1068,0.0000,5.5405,5.7535,5.6787,5.2454,6.7559,29.0365,1.0000
sub-001,ses-02,Pz,25,2,4,4,11.4816,11.6237,7.4652,2.3660,0.0000,3.9063,5.4725,5.4513,5.6815,5.4226,20.4121,4.0000
sub-001,ses-02,Pz,26,2,4,4,8.7020,8.8069,7.9997,3.3002,0.0000,3.7427,6.3869,6.3900,6.8875,5.8396,15.4563,4.0000
sub-001,ses-02,Fp2,0,4,2,0,9.9261,3.7233,11.5792,3.6785,0.0000,3.9975,4.8777,4.8268,4.2778,3.8189,19.6281,1.0000
sub-001,ses-02,Fp2,1,2,2,0,5.5638,7.3232,5.0495,2.8030,0.0000,2.7508,5.0961,5.0897,2.9425,5.2457,19.1496,6.0000
sub-001,ses-02,Fp2,2,4,2,0,4.0482,4.7388,14.0626,5.7645,0.0000,4.5224,5.5294,5.4850,7.6553,6.8648,24.8672,8.0000
sub-001,ses-02,Fp2,3,2,2,0,6.0523,5.4208,4.5837,3.4451,0.0000,2.7484,5.1543,5.1487,5.6264,5.6645,17.9266,10.0000
sub-001,ses-02,Fp2,4,4,4,0,18.7380,1.9990,5.7488,4.3183,0.0000,4.0367,6.0927,6.0681,6.2003,5.8958,28.3263,1.0000
sub-001,ses-02,Fp2,5,4,4,2,10.1733,7.2039,8.2705,3.8625,0.0000,3.9382,5.6446,5.6206,4.9459,3.6123,17.1337,12.0000
sub-001,ses-02,Fp2,6,4,4,2,2.2197,7.0260,8.0652,4.0381,0.0000,3.2063,5.3055,5.2885,7.6567,4.7199,23.7887,7.0000
sub-001,ses-02,Fp2,7,2,2,2,10.7818,5.3721,2.2337,4.5594,0.0000,3.1928,5.3727,5.3695,3.6169,5.0001,32.1982,1.0000
sub-001,ses-02,Fp2,8,4,2,2,3.9369,6.9622,9.3916,2.5756,0.0000,3.1030,5.3350,5.2963,4.6310,4.1706,24.4096,10.0000
sub-001,ses-02,Fp2,9,2,4,2,7.3434,8.3760,4.7884,3.9084,0.0000,3.3120,4.9343,4.9141,6.7303,4.7829,18.3896,12.0000
sub-001,ses-02,Fp2,10,4,2,0,6.9807,3.5561,1.1887,3.4907,0.0000,2.2014,5.9464,5.9811,3.1957,5.6180,14.7007,1.0000
sub-001,ses-02,Fp2,11,2,2,2,12.2585,4.7902,4.4395,5.3204,0.0000,3.8139,5.4674,5.4426,4.3173,3.7929,21.4441,1.0000
sub-001,ses-02,Fp2,12,2,4,2,4.2730,6.3379,5.7120,4.9109,0.0000,3.2688,5.5703,5.5601,6.1639,6.2396,17.8398,19.0000
sub-001,ses-02,Fp2,13,4,2,2,12.4973,8.8705,2.1860,2.0489,0.0000,2.9122,5.5169,5.5134,6.3868,6.6760,27.3252,1.0000
sub-001,ses-02,Fp2,14,4,2,2,6.8524,3.2959,8.4827,4.9514,0.0000,3.6246,5.2875,5.2587,4.3267,4.6064,19.1671,15.0000
sub-001,ses-02,Fp2,15,2,2,2,14.3473,4.6653,7.6110,4.4062,0.0000,4.1627,5.3571,5.3092,4.0573,4.9708,45.6022,1.0000
sub-001,ses-02,Fp2,16,2,2,2,5.4785,3.3233,5.5136,5.3696,0.0000,3.2115,5.1568,5.1541,4.5514,5.2212,18.5596,2.0000
sub-001,ses-02,Fp2,17,2,4,4,1.8718,8.7957,10.2427,5.0180,0.0000,3.9386,5.3493,5.2996,6.3948,5.9746,31.0175,5.0000
sub-001,ses-02,Fp2,18,2,2,4,11.9704,6.8641,5.8215,4.5315,0.0000,3.9343,5.7329,5.7055,6.2404,5.5892,34.0163,3.0000
sub-001,ses-02,Fp2,19,2,4,4,9.0612,3.3869,6.0682,3.1363,0.0000,2.9529,5.2104,5.1937,5.0754,4.3763,30.6572,1.0000
sub-001,ses-02,Fp2,20,2,4,0,14.2936,2.3722,7.2188,5.1992,0.0000,4.1294,6.1349,6.0359,4.7252,5.2011,45.4061,1.0000
sub-001,ses-02,Fp2,21,2,2,4,4.8810,4.1939,8.2326,3.4714,0.0000,3.0424,5.5865,5.5872,2.8050,6.2169,13.0639,2.0000
sub-001,ses-02,Fp2,22,2,2,4,9.5165,5.2818,13.3931,4.2520,0.0000,4.5309,5.2608,5.2151,7.4666,6.5460,26.1265,9.0000
sub-001,ses-02,Fp2,23,4,2,4,12.2865,5.1574,7.0370,4.0177,0.0000,3.8192,5.7463,5.7136,8.0125,4.7186,35.0722,1.0000
sub-001,ses-02,Fp2,24,4,2,4,9.0439,5.8156,5.9762,2.7012,0.0000,3.0328,5.1250,5.1178,6.5795,3.4692,19.7781,1.0000
sub-001,ses-02,Fp2,25,2,4,4,20.8629,12.1562,6.7667,4.5787,0.0000,5.4000,6.3775,6.2795,8.0436,5.0581,64.0419,1.0000
sub-001,ses-02,Fp2,26,2,4,4,17.4902,6.7363,4.9935,2.9554,0.0000,3.8439,5.1355,5.0580,4.7266,4.6237,51.4715,1.0000
sub-001,ses-02,Fz,0,4,2,0,4.9652,6.3206,9.4327,3.7837,0.0000,3.5100,5.3681,5.3329,3.7415,4.1581,22.6005,10.0000
sub-001,ses-02,Fz,1,2,2,0,6.0810,4.2422,6.8602,5.5287,0.0000,3.5890,5.8557,5.8373,4.1727,5.8242,17.3697,15.0000
sub-001,ses-02,Fz,2,4,2,0,8.9298,2.6295,16.5141,6.4665,0.0000,5.3346,5.5634,5.4962,6.1953,5.8159,37.6095,11.0000
sub-001,ses-02,Fz,3,2,2,0,3.9093,8.1360,3.8053,3.1243,0.0000,2.5960,4.8504,4.8548,4.9434,4.9501,17.7951,5.0000
sub-001,ses-02,Fz,4,4,4,0,6.5753,4.6771,6.1189,3.5929,0.0000,2.9868,5.1646,5.1562,8.5681,5.2566,21.4297,17.0000
sub-001,ses-02,Fz,5,4,4,2,2.3545,2.7176,9.5847,5.4722,0.0000,3.4636,5.0137,4.9965,2.5803,5.6321,25.0493,11.0000
sub-001,ses-02,Fz,6,4,4,2,4.3817,9.1124,5.3684,5.8533,0.0000,3.7740,5.9141,5.8863,5.5017,7.6214,23.3069,7.0000
sub-001,ses-02,Fz,7,2,2,2,1.9665,6.6032,3.3795,6.7303,0.0000,3.3035,6.0987,6.0820,6.4679,4.8440,28.8982,17.0000
sub-001,ses-02,Fz,8,4,2,2,5.7564,6.8965,10.8522,5.9123,0.0000,4.4787,6.1758,6.1408,9.3969,7.0334,38.6757,10.0000
sub-001,ses-02,Fz,9,2,4,2,8.5240,9.3473,4.8501,4.9124,0.0000,3.8244,5.5584,5.5328,4.3149,5.0712,15.2041,5.0000
sub-001,ses-02,Fz,10,4,2,0,7.4271,4.6339,4.5701,6.5853,0.0000,3.7505,5.8367,5.8181,3.9959,4.9888,23.7275,16.0000
sub-001,ses-02,Fz,11,2,2,2,13.5860,6.4400,3.5568,3.0104,0.0000,3.2693,5.7739,5.7827,4.3963,5.4516,31.4584,1.0000
sub-001,ses-02,Fz,12,2,4,2,7.6442,6.2599,7.0655,6.4638,0.0000,4.2335,5.7477,5.7069,8.7975,5.2005,25.9582,15.0000
sub-001,ses-02,Fz,13,4,2,2,13.0085,14.6323,6.1141,4.5569,0.0000,4.8020,6.0576,6.0114,6.8284,5.5891,30.6132,4.0000
sub-001,ses-02,Fz,14,4,2,2,9.0222,2.6412,7.2184,6.7112,0.0000,4.1212,5.5380,5.4785,5.3043,5.5957,29.0350,21.0000
sub-001,ses-02,Fz,15,2,2,2,2.4932,3.8117,7.7298,3.0487,0.0000,2.5868,5.5287,5.5535,3.0686,6.1181,24.2541,11.0000
sub-001,ses-02,Fz,16,2,2,2,6.5006,2.9663,3.5970,4.0536,0.0000,2.6081,4.7500,4.7503,2.9297,5.3359,18.5499,22.0000
sub-001,ses-02,Fz,17,2,4,4,9.0201,8.5557,11.2218,5.1909,0.0000,4.7701,6.9198,6.8930,8.9085,7.0401,24.3025,1.0000
sub-001,ses-02,Fz,18,2,2,4,6.5456,13.3648,2.6452,2.8921,0.0000,3.0956,5.5731,5.5570,6.3088,5.4761,32.1304,6.0000
sub-001,ses-02,Fz,19,2,4,4,7.5759,7.6926,5.6888,4.8129,0.0000,3.6692,5.6357,5.6163,8.6626,4.0675,24.4462,1.0000
sub-001,ses-02,Fz,20,2,4,0,10.2500,9.3584,6.4292,5.7732,0.0000,4.4665,6.1832,6.1103,3.7131,7.2231,30.8666,1.0000
sub-001,ses-02,Fz,21,2,2,4,8.1131,5.0681,8.3389,2.6262,0.0000,3.1837,5.4491,5.4483,3.6386,5.1666,23.9091,10.0000
sub-001,ses-02,Fz,22,2,2,4,3.5441,5.5618,11.7839,4.9396,0.0000,3.9847,5.5424,5.5192,7.3549,7.8423,19.9315,16.0000
sub-001,ses-02,Fz,23,4,2,4,6.5625,9.5597,8.3609,5.8636,0.0000,4.4391,5.8743,5.8229,8.4013,4.4687,24.2719,6.0000
sub-001,ses-02,Fz,24,4,2,4,13.9509,3.9956,4.3778,4.0014,0.0000,3.4900,5.2915,5.2705,5.6119,4.2585,33.8736,1.0000
sub-001,ses-02,Fz,25,2,4,4,24.7355,15.2955,6.4882,5.0763,0.0000,6.1638,6.0567,5.9292,4.1266,6.0294,60.5002,1.0000
sub-001,ses-02,Fz,26,2,4,4,16.3908,5.1583,3.1898,2.8751,0.0000,3.3189,5.6154,5.5677,2.7537,4.8454,56.3303,1.0000
sub-001,ses-02,FCz,0,4,2,0,3.1491,5.7796,10.0554,5.0409,0.0000,3.7577,5.8855,5.8595,4.2283,4.9353,23.5757,10.0000
sub-001,ses-02,FCz,1,2,2,0,7.6431,6.0680,7.5941,5.7184,0.0000,4.0639,5.7106,5.6744,5.1156,5.5709,19.0798,5.0000
sub-001,ses-02,FCz,2,4,2,0,8.2090,1.8451,11.4602,4.2863,0.0000,3.8302,5.6767,5.6541,5.5140,4.9924,31.3114,11.0000
sub-001,ses-02,FCz,3,2,2,0,3.5330,11.6701,4.7794,2.8634,0.0000,2.9468,5.0162,5.0058,5.5074,4.5429,34.8650,5.0000
sub-001,ses-02,FCz,4,4,4,0,2.3282,6.3474,7.0421,4.2070,0.0000,3.0616,5.1037,5.0910,9.3762,5.0092,18.3897,17.0000
sub-001,ses-02,FCz,5,4,4,2,8.1814,4.7045,7.4947,5.7664,0.0000,3.9878,5.2156,5.1816,3.9512,4.9401,22.6920,11.0000
sub-001,ses-02,FCz,6,4,4,2,4.8165,7.5855,5.5912,5.1337,0.0000,3.4859,5.8810,5.8707,6.3514,6.1629,23.7376,18.0000
sub-001,ses-02,FCz,7,2,2,2,2.7119,6.2106,5.9241,8.5119,0.0000,4.2300,5.4139,5.3537,8.7595,4.8201,46.2029,19.0000
sub-001,ses-02,FCz,8,4,2,2,4.4415,7.4702,10.9575,5.6078,0.0000,4.3324,6.9791,6.9670,11.6702,5.5805,40.9111,10.0000
sub-001,ses-02,FCz,9,2,4,2,5.0795,12.1101,5.6057,3.4805,0.0000,3.4335,4.9480,4.9299,4.1652,4.9260,21.7749,5.0000
sub-001,ses-02,FCz,10,4,2,0,6.3103,4.2031,3.3710,5.1748,0.0000,3.0128,5.8448,5.8468,4.9922,6.0229,16.4938,19.0000
sub-001,ses-02,FCz,11,2,2,2,6.5227,7.1157,3.2466,3.4203,0.0000,2.7557,4.9250,4.9332,4.3406,4.8445,17.4763,4.0000
sub-001,ses-02,FCz,12,2,4,2,3.6684,5.4650,7.6255,5.6742,0.0000,3.6291,5.6947,5.6743,8.1603,6.1567,22.4573,17.0000
sub-001,ses-02,FCz,13,4,2,2,8.3013,12.7729,7.4227,4.9941,0.0000,4.5060,5.8483,5.8271,6.7183,5.9969,27.6056,4.0000
sub-001,ses-02,FCz,14,4,2,2,5.1335,3.2355,5.9955,7.3630,0.0000,3.8411,5.3357,5.2934,4.4618,5.1760,27.9369,21.0000
sub-001,ses-02,FCz,15,2,2,2,7.4923,3.3221,8.3802,3.3845,0.0000,3.1986,6.0439,6.0637,3.8282,6.3487,18.7651,11.0000
sub-001,ses-02,FCz,16,2,2,2,13.2203,2.4536,3.0581,2.9329,0.0000,2.7714,5.1247,5.1008,2.2914,4.8558,31.9118,1.0000
sub-001,ses-02,FCz,17,2,4,4,2.4481,7.0179,11.3465,4.7274,0.0000,3.8930,6.3178,6.3183,7.4102,6.8033,20.9701,13.0000
sub-001,ses-02,FCz,18,2,2,4,4.7605,6.0139,2.1893,2.6613,0.0000,2.1123,5.1995,5.2287,8.3026,5.0140,10.5074,3.0000
sub-001,ses-02,FCz,19,2,4,4,3.5761,6.2336,3.6163,5.2294,0.0000,2.9981,5.7833,5.7792,6.5693,5.0018,16.9954,6.0000
sub-001,ses-02,FCz,20,2,4,0,13.1699,12.5088,9.5168,7.3776,0.0000,5.9471,6.2449,6.1381,6.0453,7.4095,24.7294,6.0000
sub-001,ses-02,FCz,21,2,2,4,17.6751,5.4330,8.3055,4.9734,0.0000,4.8121,5.6461,5.5847,3.6266,4.9742,35.9920,1.0000
sub-001,ses-02,FCz,22,2,2,4,6.9819,8.7168,9.3368,5.1389,0.0000,4.3168,5.6990,5.6646,3.8640,8.0483,20.7995,16.0000
sub-001,ses-02,FCz,23,4,2,4,3.9523,7.3212,11.3794,6.2617,0.0000,4.5296,5.7336,5.6718,9.1221,5.4269,30.6194,9.0000
sub-001,ses-02,FCz,24,4,2,4,5.4047,3.9032,6.6590,6.1616,0.0000,3.6578,5.6037,5.5753,5.7342,5.3821,18.8000,12.0000
sub-001,ses-02,FCz,25,2,4,4,10.7053,10.1584,5.1138,2.5829,0.0000,3.4353,5.1631,5.1414,4.8109,4.8808,22.0788,3.0000
sub-001,ses-02,FCz,26,2,4,4,6.0397,4.1119,2.8885,5.3111,0.0000,2.9531,5.0834,5.0739,3.7186,4.5472,19.5048,14.0000
sub-001,ses-02,Cz,0,4,2,0,12.1135,5.1452,8.9175,4.3134,0.0000,4.1538,6.4183,6.3867,5.2815,6.4016,29.5514,1.0000
sub-001,ses-02,Cz,1,2,2,0,9.3221,7.7955,6.3957,8.1131,0.0000,4.9376,5.9384,5.8607,7.9636,6.3269,29.5960,14.0000
sub-001,ses-02,Cz,2,4,2,0,10.3307,3.5269,9.9771,2.6356,0.0000,3.4780,6.5067,6.5164,7.6574,6.7283,26.2145,10.0000
sub-001,ses-02,Cz,3,2,2,0,2.5577,8.3962,4.6004,4.1730,0.0000,2.9225,5.3768,5.3782,4.0193,4.3641,31.4131,5.0000
sub-001,ses-02,Cz,4,4,4,0,7.0467,9.6628,7.1117,3.7781,0.0000,3.6889,5.3749,5.3477,9.4703,4.7429,20.4971,20.0000
sub-001,ses-02,Cz,5,4,4,2,9.9587,5.0885,7.8172,6.1163,0.0000,4.3396,5.9112,5.8737,5.0190,6.0238,28.0685,11.0000
sub-001,ses-02,Cz,6,4,4,2,3.6824,3.6509,6.8012,3.0477,0.0000,2.5526,5.4547,5.4731,5.7101,6.4861,16.6800,10.0000
sub-001,ses-02,Cz,7,2,2,2,5.2350,6.4548,6.0289,7.9681,0.0000,4.3376,5.8974,5.8661,9.4181,5.7126,46.4043,19.0000
sub-001,ses-02,Cz,8,4,2,2,3.8988,5.3696,9.5078,4.1962,0.0000,3.4575,6.2173,6.2069,10.3489,4.5751,32.5300,10.0000
sub-001,ses-02,Cz,9,2,4,2,4.6946,9.7247,6.1378,2.5281,0.0000,2.9621,4.9887,4.9778,4.7510,3.8461,21.0646,7.0000
sub-001,ses-02,Cz,10,4,2,0,7.5800,2.7586,2.3793,5.0283,0.0000,2.8139,5.9266,5.9282,5.2861,5.8162,26.5479,18.0000
sub-001,ses-02,Cz,11,2,2,2,14.3024,13.2148,4.4771,4.1818,0.0000,4.4487,5.4532,5.4151,5.2946,5.3711,29.4798,4.0000
sub-001,ses-02,Cz,12,2,4,2,7.7087,5.8961,9.7555,7.4972,0.0000,4.8934,5.6732,5.6178,7.1347,4.5414,25.4898,16.0000
sub-001,ses-02,Cz,13,4,2,2,4.8459,7.4032,12.6983,4.7536,0.0000,4.3484,6.5762,6.5599,6.7022,5.8605,22.9876,11.0000
sub-001,ses-02,Cz,14,4,2,2,2.8528,0.8800,8.4739,5.4653,0.0000,3.1819,4.6716,4.6480,3.9190,6.0641,24.5703,21.0000
sub-001,ses-02,Cz,15,2,2,2,15.4001,1.4144,10.0959,3.6977,0.0000,4.0908,5.7696,5.7243,3.8688,6.4536,44.8385,1.0000
sub-001,ses-02,Cz,16,2,2,2,8.9802,2.1049,2.3642,2.0131,0.0000,1.9697,5.4790,5.5188,2.1408,4.8947,17.5400,1.0000
sub-001,ses-02,Cz,17,2,4,4,8.0057,6.2816,11.3381,6.3403,0.0000,4.8279,5.7530,5.7168,7.4305,6.7578,23.9968,13.0000
sub-001,ses-02,Cz,18,2,2,4,4.5206,11.0558,2.4915,3.0845,0.0000,2.7292,5.1676,5.1611,6.0609,3.3486,20.4221,5.0000
sub-001,ses-02,Cz,19,2,4,4,1.4045,3.7411,4.3322,3.8869,0.0000,2.2583,5.3872,5.4028,6.9672,4.8395,11.2159,10.0000
sub-001,ses-02,Cz,20,2,4,0,19.7307,8.1616,10.5568,4.4152,0.0000,5.4025,5.8167,5.6916,5.4625,5.7363,57.1838,1.0000
sub-001,ses-02,Cz,21,2,2,4,15.2858,6.3661,6.6322,2.8161,0.0000,3.7909,5.3975,5.3204,3.8763,5.6475,33.8081,1.0000
sub-001,ses-02,Cz,22,2,2,4,7.6640,5.2849,7.5391,6.3715,0.0000,4.1828,5.8908,5.8601,3.8259,7.7795,21.0558,16.0000
sub-001,ses-02,Cz,23,4,2,4,5.7570,3.9395,8.3612,6.6804,0.0000,4.0883,5.5400,5.4946,6.8708,5.9409,24.4274,12.0000
sub-001,ses-02,Cz,24,4,2,4,10.5748,7.0525,9.8389,5.2062,0.0000,4.5866,5.9571,5.8995,4.1622,7.3942,26.5263,22.0000
sub-001,ses-02,Cz,25,2,4,4,6.0596,3.3909,7.4252,2.6332,0.0000,2.7113,5.2794,5.2819,4.9049,5.9623,17.7706,2.0000
sub-001,ses-02,Cz,26,2,4,4,6.3623,2.5447,3.8332,3.0197,0.0000,2.2763,5.5274,5.5639,5.4716,5.5905,17.5209,1.0000
sub-001,ses-02,C4,0,4,2,0,2.3250,4.5970,8.2187,2.4704,0.0000,2.5376,5.2129,5.2190,4.0537,4.4254,21.0144,11.0000
sub-001,ses-02,C4,1,2,2,0,12.5233,11.1848,6.7128,4.9933,0.0000,4.6517,6.3680,6.3404,5.2420,4.6325,23.7127,4.0000
sub-001,ses-02,C4,2,4,2,0,7.8257,7.3244,4.2954,2.3524,0.0000,2.7199,5.9545,5.9782,9.4547,5.1675,14.7790,3.0000
sub-001,ses-02,C4,3,2,2,0,6.5398,4.5671,5.3900,3.3807,0.0000,2.8074,4.9506,4.9452,3.7153,4.0911,14.3831,10.0000
sub-001,ses-02,C4,4,4,4,0,6.2490,7.9682,8.3051,4.8746,0.0000,3.9551,5.4444,5.4261,6.2677,4.6841,23.3036,9.0000
sub-001,ses-02,C4,5,4,4,2,9.2864,3.6072,7.5430,4.0343,0.0000,3.4716,5.5702,5.5538,5.2351,5.4212,26.0724,3.0000
sub-001,ses-02,C4,6,4,4,2,2.3863,3.6614,4.6755,5.1620,0.0000,2.7756,4.9610,4.9525,4.3515,6.7986,19.9354,11.0000
sub-001,ses-02,C4,7,2,2,2,1.0268,6.3307,1.6884,4.5420,0.0000,2.2932,5.8043,5.8312,8.8432,4.8837,22.4593,5.0000
sub-001,ses-02,C4,8,4,2,2,3.2345,6.9196,12.3765,3.6764,0.0000,3.7830,5.8293,5.7705,6.1460,5.9407,37.1131,10.0000
sub-001,ses-02,C4,9,2,4,2,1.9674,6.1244,9.9172,5.1636,0.0000,3.6976,5.5421,5.5205,5.0719,5.9676,23.6126,19.0000
sub-001,ses-02,C4,10,4,2,0,5.8653,6.2637,2.8238,3.9296,0.0000,2.7103,5.6258,5.6365,3.6374,5.6311,16.4510,7.0000
sub-001,ses-02,C4,11,2,2,2,5.2261,6.2723,5.8425,4.5004,0.0000,3.2454,5.7186,5.7343,5.9851,5.8053,16.8870,13.0000
sub-001,ses-02,C4,12,2,4,2,6.8200,7.2588,3.7789,4.2158,0.0000,3.1115,5.3608,5.3431,3.5661,5.0615,13.2294,11.0000
sub-001,ses-02,C4,13,4,2,2,8.1772,8.2785,6.1966,2.6767,0.0000,3.2046,5.6235,5.6474,7.3392,6.7442,24.6293,4.0000
sub-001,ses-02,C4,14,4,2,2,5.8498,3.2830,9.7984,6.6479,0.0000,4.2266,5.4660,5.4139,5.6685,5.0205,32.7678,21.0000
sub-001,ses-02,C4,15,2,2,2,7.8905,5.7042,8.7872,5.6182,0.0000,4.1893,5.7574,5.7283,8.0609,6.0440,24.7406,19.0000
sub-001,ses-02,C4,16,2,2,2,8.0826,2.5137,4.7775,3.6053,0.0000,2.7423,5.3781,5.3999,6.7048,4.4540,21.2229,1.0000
sub-001,ses-02,C4,17,2,4,4,3.8450,8.3867,7.2790,7.1846,0.0000,4.3256,6.1575,6.1250,7.3890,7.3808,28.3389,15.0000
sub-001,ses-02,C4,18,2,2,4,4.8628,7.9197,3.8788,2.7975,0.0000,2.5760,5.1079,5.0924,10.5671,4.5062,16.1959,7.0000
sub-001,ses-02,C4,19,2,4,4,5.7376,8.2715,4.6641,3.9734,0.0000,3.1552,5.5051,5.5069,8.5950,5.8826,16.8329,7.0000
sub-001,ses-02,C4,20,2,4,0,9.5060,7.8739,4.5737,6.9022,0.0000,4.3416,5.5310,5.4442,5.2524,4.4724,29.4372,17.0000
sub-001,ses-02,C4,21,2,2,4,6.8547,2.1604,4.1018,2.1539,0.0000,2.0621,5.2291,5.2487,4.9519,5.0016,13.5713,1.0000
sub-001,ses-02,C4,22,2,2,4,4.5993,1.0243,4.1355,6.7187,0.0000,3.1314,5.9458,5.9518,3.6087,5.2461,25.8296,16.0000
sub-001,ses-02,C4,23,4,2,4,1.1573,3.2526,5.5218,3.9304,0.0000,2.3690,5.1249,5.1391,3.1404,3.9792,12.9743,11.0000
sub-001,ses-02,C4,24,4,2,4,5.9304,3.6427,4.9019,5.3789,0.0000,3.2007,5.9330,5.9308,6.9578,7.0643,16.5344,15.0000
sub-001,ses-02,C4,25,2,4,4,6.0593,9.4145,4.7230,6.7675,0.0000,4.1444,5.8069,5.7653,5.7174,6.6168,19.8585,18.0000
sub-001,ses-02,C4,26,2,4,4,7.2221,8.1901,5.6481,3.5880,0.0000,3.3065,5.3549,5.3505,5.1478,5.7494,15.5371,13.0000
sub-001,ses-02,CP4,0,4,2,0,4.3824,3.7307,10.1365,3.8879,0.0000,3.3445,5.2299,5.2124,5.4046,5.4253,22.2515,22.0000
sub-001,ses-02,CP4,1,2,2,0,15.3566,11.7689,7.2034,7.3027,0.0000,5.7362,6.4191,6.3578,6.0825,5.6030,31.9361,4.0000
sub-001,ses-02,CP4,2,4,2,0,12.5674,8.0384,2.7778,2.4778,0.0000,3.0535,6.1826,6.1965,5.8554,5.0079,19.4611,1.0000
sub-001,ses-02,CP4,3,2,2,0,8.2950,2.1388,6.0409,4.1995,0.0000,3.0831,5.6512,5.6531,5.5680,5.6258,13.8458,2.0000
sub-001,ses-02,CP4,4,4,4,0,4.0436,8.8337,4.9917,3.7523,0.0000,3.0288,5.9175,5.9229,6.2011,5.0952,14.9692,17.0000
sub-001,ses-02,CP4,5,4,4,2,4.5974,7.8230,4.8477,3.4321,0.0000,2.8694,5.4648,5.4672,9.8667,5.9304,11.1114,19.0000
sub-001,ses-02,CP4,6,4,4,2,2.3456,3.4208,9.8777,3.9711,0.0000,3.1152,5.0605,5.0418,3.2925,6.6381,42.0743,11.0000
sub-001,ses-02,CP4,7,2,2,2,5.2210,4.5152,7.9835,6.5256,0.0000,3.9925,6.1735,6.1403,7.9733,4.2774,20.1322,18.0000
sub-001,ses-02,CP4,8,4,2,2,2.1644,8.0081,6.7424,3.3975,0.0000,2.9142,5.6015,5.5836,3.6701,7.1070,16.7487,7.0000
sub-001,ses-02,CP4,9,2,4,2,2.8257,8.9908,6.9652,2.6726,0.0000,2.8791,6.1729,6.1933,5.2929,7.9028,31.8378,5.0000
sub-001,ses-02,CP4,10,4,2,0,9.0493,9.1354,3.8146,3.5381,0.0000,3.2935,5.6118,5.6117,3.6269,4.7701,17.3832,7.0000
sub-001,ses-02,CP4,11,2,2,2,2.1696,2.8206,9.0859,5.2543,0.0000,3.3205,5.8771,5.8773,7.4857,6.6356,21.1006,12.0000
sub-001,ses-02,CP4,12,2,4,2,9.1567,8.0197,3.3440,4.4861,0.0000,3.4207,5.0607,5.0491,3.9905,3.9790,26.3007,19.0000
sub-001,ses-02,CP4,13,4,2,2,10.3224,7.5397,7.3134,4.9517,0.0000,4.1791,5.9446,5.9195,8.3269,7.8793,21.6496,12.0000
sub-001,ses-02,CP4,14,4,2,2,5.5631,4.7129,7.2366,5.0591,0.0000,3.4952,5.7069,5.6865,8.9883,4.4333,23.1095,21.0000
sub-001,ses-02,CP4,15,2,2,2,8.4897,3.1336,6.7818,3.0817,0.0000,2.9592,5.3311,5.3300,6.0141,6.1060,16.9104,1.0000
sub-001,ses-02,CP4,16,2,2,2,10.9476,3.1672,7.1958,4.8545,0.0000,3.7847,6.1957,6.1750,7.0797,6.0049,31.1108,1.0000
sub-001,ses-02,CP4,17,2,4,4,5.4764,3.0048,5.1689,5.9315,0.0000,3.3034,6.2980,6.3027,9.0490,7.0104,29.4070,15.0000
sub-001,ses-02,CP4,18,2,2,4,5.2999,6.3646,3.4841,3.8483,0.0000,2.7346,5.1748,5.1761,8.3777,5.1718,9.6827,17.0000
sub-001,ses-02,CP4,19,2,4,4,9.5667,5.1100,4.0600,3.1247,0.0000,2.8765,5.4938,5.5020,5.5484,4.9681,20.7996,3.0000
sub-001,ses-02,CP4,20,2,4,0,12.1620,8.0928,6.5457,5.9136,0.0000,4.5854,5.5978,5.5055,6.3124,4.7796,35.4680,1.0000
sub-001,ses-02,CP4,21,2,2,4,8.7313,3.4128,7.0996,1.9723,0.0000,2.7166,5.8083,5.8154,9.3347,5.8897,24.5733,2.0000
sub-001,ses-02,CP4,22,2,2,4,7.7907,5.5015,6.5261,7.0377,0.0000,4.2748,6.5210,6.4877,4.7945,6.8527,27.7232,16.0000
sub-001,ses-02,CP4,23,4,2,4,5.8478,4.0215,8.6480,3.0756,0.0000,3.0546,5.0119,5.0024,3.4763,3.6180,22.2496,11.0000
sub-001,ses-02,CP4,24,4,2,4,6.4239,10.3735,9.0739,7.0910,0.0000,4.9725,6.2552,6.1970,6.0972,6.2888,24.5158,5.0000
sub-001,ses-02,CP4,25,2,4,4,4.1278,1.8238,3.1708,6.0804,0.0000,2.8343,5.6751,5.6856,4.7082,6.5679,29.8669,18.0000
sub-001,ses-02,CP4,26,2,4,4,12.1302,2.9011,8.1838,4.5677,0.0000,3.9211,5.7982,5.7800,6.7748,5.8755,19.8153,1.0000
sub-001,ses-02,O2,0,4,2,0,15.2289,2.4658,9.4611,4.6206,0.0000,4.3631,5.4404,5.3852,4.6269,5.9069,38.8588,1.0000
sub-001,ses-02,O2,1,2,2,0,9.5636,3.3329,2.4566,3.5997,0.0000,2.6307,5.6654,5.6759,4.2632,4.7289,17.6958,3.0000
sub-001,ses-02,O2,2,4,2,0,15.9052,14.6970,5.7379,7.9587,0.0000,6.0535,5.5414,5.4406,8.4121,4.5536,37.8471,1.0000
sub-001,ses-02,O2,3,2,2,0,6.1454,3.6968,5.8625,4.8996,0.0000,3.2149,5.2195,5.1868,4.0106,5.2678,16.9100,14.0000
sub-001,ses-02,O2,4,4,4,0,25.2837,2.9228,8.6939,3.1547,0.0000,4.7907,5.8140,5.6698,7.0538,4.2603,80.8130,1.0000
sub-001,ses-02,O2,5,4,4,2,3.9966,3.8265,9.9167,3.9731,0.0000,3.3126,4.9670,4.9335,3.7721,4.0367,32.2050,10.0000
sub-001,ses-02,O2,6,4,4,2,8.3066,3.0474,9.3879,6.7108,0.0000,4.3950,5.6143,5.5169,8.5573,4.0481,28.3431,9.0000
sub-001,ses-02,O2,7,2,2,2,3.0258,1.2487,8.2679,3.6763,0.0000,2.6627,5.3281,5.3487,5.8478,4.6480,15.1003,11.0000
sub-001,ses-02,O2,8,4,2,2,18.2507,4.5145,10.2327,3.0069,0.0000,4.4546,5.2552,5.1847,4.5878,4.8746,56.8539,1.0000
sub-001,ses-02,O2,9,2,4,2,8.9774,1.7454,3.7397,2.5967,0.0000,2.3043,5.6809,5.7076,2.7194,5.7264,26.7564,1.0000
sub-001,ses-02,O2,10,4,2,0,8.2843,2.5700,7.2358,3.5482,0.0000,3.0921,7.3180,7.3492,6.6742,6.7971,17.3941,18.0000
sub-001,ses-02,O2,11,2,2,2,3.7052,10.9521,5.5691,3.5255,0.0000,3.2064,5.3181,5.3058,4.8215,4.8658,26.9668,5.0000
sub-001,ses-02,O2,12,2,4,2,3.4218,6.9969,7.8130,4.5389,0.0000,3.4316,5.5512,5.5362,7.2882,6.7038,18.9480,9.0000
sub-001,ses-02,O2,13,4,2,2,19.3170,7.0210,10.6479,7.3241,0.0000,6.1501,6.3725,6.2216,4.7798,7.7213,54.4122,1.0000
sub-001,ses-02,O2,14,4,2,2,11.5579,8.9856,4.8322,4.1232,0.0000,3.8319,6.3822,6.3642,8.8250,4.5668,23.6346,1.0000
sub-001,ses-02,O2,15,2,2,2,8.2500,3.9158,6.6447,6.1116,0.0000,3.9066,5.7904,5.7603,4.6983,5.4799,15.1607,9.0000
sub-001,ses-02,O2,16,2,2,2,5.2267,5.8688,5.5231,3.3784,0.0000,2.8242,5.7951,5.8148,6.2363,5.7375,18.3321,22.0000
sub-001,ses-02,O2,17,2,4,4,11.7422,10.4944,3.3855,4.0690,0.0000,3.7711,4.9195,4.8878,4.5078,5.6864,22.9258,4.0000
sub-001,ses-02,O2,18,2,2,4,4.1103,9.1584,9.0350,4.3214,0.0000,3.8015,5.1987,5.1609,5.6178,4.7315,29.0838,5.0000
sub-001,ses-02,O2,19,2,4,4,12.3116,2.2848,5.7395,5.6063,0.0000,3.8536,5.6155,5.5524,4.5616,4.5431,35.8992,1.0000
sub-001,ses-02,O2,20,2,4,0,8.8128,1.6185,4.7132,3.7153,0.0000,2.7512,5.9086,5.9214,3.6426,4.9826,23.4445,1.0000
sub-001,ses-02,O2,21,2,2,4,8.6573,1.3052,3.8496,3.6550,0.0000,2.5689,5.8267,5.8503,3.6850,4.5191,17.1293,2.0000
sub-001,ses-02,O2,22,2,2,4,3.1556,4.5442,6.1557,5.4850,0.0000,3.2335,5.2253,5.2232,6.7338,6.1139,12.6326,20.0000
sub-001,ses-02,O2,23,4,2,4,4.4758,4.2081,7.6751,2.8025,0.0000,2.7260,5.5436,5.5557,6.5770,5.1234,38.1693,9.0000
sub-001,ses-02,O2,24,4,2,4,4.1626,6.1760,4.9754,3.2388,0.0000,2.6351,5.7552,5.7622,6.2477,4.4736,13.8139,10.0000
sub-001,ses-02,O2,25,2,4,4,25.0662,8.4200,6.4091,5.1718,0.0000,5.5729,5.8467,5.6952,6.7367,6.2779,68.7048,1.0000
sub-001,ses-02,O2,26,2,4,4,29.5091,10.8109,7.7014,2.3946,0.0000,5.5493,5.7441,5.5884,4.7971,5.7299,69.9699,1.0000
sub-002,ses-01,Fp1,0,2,2,2,8.1499,5.3147,14.7944,4.3657,0.0000,4.6367,5.3757,5.2731,5.7594,4.1541,43.5210,10.0000
sub-002,ses-01,Fp1,1,2,2,2,4.0591,2.9794,10.3716,2.7907,0.0000,2.9457,5.2352,5.2324,4.6543,4.6061,26.8216,10.0000
sub-002,ses-01,Fp1,2,2,2,2,15.0619,7.5240,8.2492,4.4836,0.0000,4.6076,5.6538,5.5749,4.0860,5.3245,44.2819,1.0000
sub-002,ses-01,Fp1,3,2,2,0,2.1797,3.5774,20.2460,2.0202,0.0000,3.9713,5.7817,5.7530,7.3777,4.6578,57.1041,11.0000
sub-002,ses-01,Fp1,4,2,4,2,4.6358,8.2319,14.3838,6.0579,0.0000,5.0355,5.8170,5.7472,5.6193,4.9675,35.5177,20.0000
sub-002,ses-01,Fp1,5,2,4,2,19.8455,5.6473,13.1574,5.0246,0.0000,5.7264,6.3718,6.2202,7.6011,6.1501,45.9857,1.0000
sub-002,ses-01,Fp1,6,2,2,2,13.3499,5.0720,9.0187,1.9418,0.0000,3.5591,5.5096,5.4665,2.8723,4.1961,33.9844,1.0000
sub-002,ses-01,Fp1,7,2,2,2,14.4736,6.7483,18.0433,3.6967,0.0000,5.6094,5.9582,5.8644,6.5407,6.2244,53.4074,11.0000
sub-002,ses-01,Fp1,8,2,2,0,7.0739,3.1528,16.6799,3.9465,0.0000,4.4719,5.7241,5.6768,4.6929,5.4035,37.2991,10.0000
sub-002,ses-01,Fp1,9,2,2,0,3.1712,4.1922,13.2682,6.9870,0.0000,4.6487,5.7672,5.7089,8.4279,4.6767,49.2031,11.0000
sub-002,ses-01,Fp1,10,2,2,0,1.5934,12.1844,8.7977,3.0235,0.0000,3.4233,5.8509,5.8267,4.0497,6.3865,42.3271,6.0000
sub-002,ses-01,Fp1,11,4,2,0,7.2940,1.2656,8.1020,3.4698,0.0000,2.9758,5.3390,5.3320,5.2359,4.7646,22.8214,11.0000
sub-002,ses-01,Fp1,12,4,2,0,18.0879,4.0789,17.7950,4.7139,0.0000,5.9702,5.9521,5.8080,5.3097,6.0003,55.6022,1.0000
sub-002,ses-01,Fp1,13,2,2,0,7.0281,11.8974,6.0603,2.9581,0.0000,3.5004,5.0425,5.0288,6.0466,5.8980,26.6222,5.0000
sub-002,ses-01,Fp1,14,4,2,0,17.2803,4.9642,9.1051,4.3140,0.0000,4.6440,5.7499,5.7010,4.8712,4.9189,38.8159,10.0000
sub-002,ses-01,Fp1,15,4,2,0,17.9443,3.9504,16.1627,3.7891,0.0000,5.4375,6.0215,5.9223,8.1673,5.0742,51.9873,1.0000
sub-002,ses-01,Fp1,16,2,2,0,8.6297,2.1114,7.2941,4.4455,0.0000,3.3609,5.4592,5.4500,4.3492,5.1853,17.3360,19.0000
sub-002,ses-01,Fp1,17,4,2,0,5.3951,6.6013,13.5894,3.5695,0.0000,4.0913,6.4242,6.4058,4.5918,5.2773,34.0601,11.0000
sub-002,ses-01,Fp1,18,2,2,0,10.8224,2.8179,10.0171,2.1083,0.0000,3.3040,5.4086,5.3961,3.7531,6.4784,33.2100,11.0000
sub-002,ses-01,Fp1,19,4,2,0,8.0923,3.6669,9.2658,2.2779,0.0000,3.0755,5.1498,5.1453,3.0137,5.8978,25.7293,11.0000
sub-002,ses-01,Fp1,20,2,2,0,21.3776,6.8810,10.6631,5.3896,0.0000,5.7460,5.8202,5.6921,7.6690,4.4470,39.4716,1.0000
sub-002,ses-01,Fp1,21,2,2,0,14.4934,3.7389,9.5923,5.1212,0.0000,4.5828,5.7342,5.6647,8.2296,7.0499,46.4469,1.0000
sub-002,ses-01,Fp1,22,2,4,0,10.2740,4.7573,9.6546,4.6414,0.0000,4.1486,5.3029,5.2250,6.3280,4.3298,23.2153,10.0000
sub-002,ses-01,Fp1,23,2,4,0,17.4153,8.3718,14.4208,2.5901,0.0000,5.1940,5.5483,5.3993,3.9278,5.4825,57.9540,1.0000
sub-002,ses-01,Fp1,24,2,4,0,9.1604,5.8023,14.0614,8.0302,0.0000,5.7817,5.6722,5.5713,7.0773,5.5241,25.2960,11.0000
sub-002,ses-01,Fp1,25,4,2,0,15.9781,5.0603,21.1807,3.7649,0.0000,6.0507,6.7807,6.6983,4.4783,5.3889,62.5464,10.0000
sub-002,ses-01,Fp1,26,4,2,0,8.8281,3.9616,12.2781,4.2613,0.0000,4.1912,5.3766,5.3216,5.5371,4.5291,42.6296,10.0000
sub-002,ses-01,Fp1,27,2,2,2,10.1042,1.6754,11.8603,6.2086,0.0000,4.6277,6.1176,6.0608,9.1822,7.6345,31.6124,11.0000
sub-002,ses-01,Fp1,28,2,2,0,13.2207,4.7103,9.1768,5.2210,0.0000,4.5269,5.3112,5.2114,3.8693,4.6807,43.9862,1.0000
sub-002,ses-01,Fp1,29,2,2,2,19.6915,4.2931,7.8905,4.0625,0.0000,4.5603,6.3578,6.2895,10.1997,5.7906,53.8323,1.0000
sub-002,ses-01,Fp1,30,4,2,2,16.2532,7.4440,11.2250,2.3541,0.0000,4.4824,5.5793,5.4558,8.9701,4.7111,56.5785,1.0000
sub-002,ses-01,Fp1,31,2,2,2,3.2644,2.8629,13.1183,4.0663,0.0000,3.6298,5.2367,5.2048,4.1160,4.1924,36.6540,11.0000
sub-002,ses-01,C3,0,2,2,2,10.3344,3.0766,19.0963,5.1990,0.0000,5.4839,6.4549,6.3770,4.3418,6.2789,52.4505,10.0000
sub-002,ses-01,C3,1,2,2,2,2.8373,3.5403,7.3946,3.2348,0.0000,2.6030,4.9661,4.9693,4.5437,4.6493,19.8199,10.0000
sub-002,ses-01,C3,2,2,2,2,9.9771,6.4547,11.5473,3.1167,0.0000,4.0820,5.5206,5.4785,6.8871,5.5602,28.4949,2.0000
sub-002,ses-01,C3,3,2,2,0,6.7816,3.9935,8.9599,4.1953,0.0000,3.5209,5.0471,5.0160,3.2268,6.8517,30.8220,11.0000
sub-002,ses-01,C3,4,2,4,2,14.0603,7.7788,11.6622,3.6265,0.0000,4.7552,5.7241,5.6525,4.8275,5.2387,39.6482,1.0000
sub-002,ses-01,C3,5,2,4,2,8.2887,11.0052,12.1646,5.2945,0.0000,5.0928,5.9696,5.8899,5.9412,5.7377,26.7704,5.0000
sub-002,ses-01,C3,6,2,2,2,7.1592,4.4756,10.8012,4.4057,0.0000,3.9214,6.0282,5.9906,8.3182,6.3434,29.5840,10.0000
sub-002,ses-01,C3,7,2,2,2,8.1054,2.7779,13.1950,4.6511,0.0000,4.2597,5.9382,5.8925,7.5314,4.1760,55.8208,11.0000
sub-002,ses-01,C3,8,2,2,0,6.0520,3.1163,7.9504,4.4713,0.0000,3.3140,5.5030,5.4869,2.8506,4.7426,22.2226,11.0000
sub-002,ses-01,C3,9,2,2,0,6.6284,4.1433,9.2925,3.9979,0.0000,3.5073,5.5524,5.5420,3.8042,5.3771,39.6756,11.0000
sub-002,ses-01,C3,10,2,2,0,5.6279,5.2032,7.9028,4.4625,0.0000,3.4594,6.5348,6.5288,6.4068,6.5029,17.3314,16.0000
sub-002,ses-01,C3,11,4,2,0,6.2929,6.7878,7.6867,2.9012,0.0000,3.1665,5.4280,5.4309,6.7699,5.3194,27.1709,11.0000
sub-002,ses-01,C3,12,4,2,0,8.3290,7.3071,10.6416,5.9096,0.0000,4.7260,5.2932,5.2057,5.9927,4.4178,27.7378,11.0000
sub-002,ses-01,C3,13,2,2,0,1.7327,5.4408,14.7494,5.1525,0.0000,4.2831,5.3896,5.3576,5.1597,5.2979,37.1819,11.0000
sub-002,ses-01,C3,14,4,2,0,4.8488,5.2547,6.7908,4.8145,0.0000,3.3430,5.5743,5.5687,4.8827,6.0878,19.0226,10.0000
sub-002,ses-01,C3,15,4,2,0,4.2082,9.5587,7.5171,3.5498,0.0000,3.4027,5.5061,5.4767,4.5374,4.9133,32.2653,6.0000
sub-002,ses-01,C3,16,2,2,0,11.4843,4.2697,5.8938,2.9097,0.0000,3.1676,5.1783,5.1420,4.4539,4.0852,23.0579,1.0000
sub-002,ses-01,C3,17,4,2,0,6.0950,2.4091,12.9786,3.6924,0.0000,3.7184,5.6168,5.5930,7.6184,6.0685,18.6160,8.0000
sub-002,ses-01,C3,18,2,2,0,13.2051,2.3571,5.3064,2.3340,0.0000,2.8937,5.3303,5.3323,3.4217,6.1026,26.5228,1.0000
sub-002,ses-01,C3,19,4,2,0,14.8576,5.6709,13.5619,3.9363,0.0000,4.9920,5.9439,5.8416,5.2304,6.0111,41.3694,1.0000
sub-002,ses-01,C3,20,2,2,0,12.2022,7.6945,6.7362,3.0745,0.0000,3.7203,5.1746,5.1527,1.4456,5.2247,25.9356,1.0000
sub-002,ses-01,C3,21,2,2,0,16.7594,5.1951,4.4164,2.6087,0.0000,3.4472,5.1076,5.0788,12.8211,4.0859,36.9376,1.0000
sub-002,ses-01,C3,22,2,4,0,14.8668,4.3436,7.4693,3.0994,0.0000,3.7663,5.8007,5.7654,3.9173,4.9656,47.8631,1.0000
sub-002,ses-01,C3,23,2,4,0,3.5291,3.1343,13.3057,3.1496,0.0000,3.4287,5.7645,5.7348,5.1838,6.4476,36.2731,11.0000
sub-002,ses-01,C3,24,2,4,0,7.9234,4.7123,11.1505,5.0489,0.0000,4.2577,5.5918,5.5611,7.3229,5.7450,23.7915,9.0000
sub-002,ses-01,C3,25,4,2,0,6.9225,4.0414,18.2265,3.4649,0.0000,4.6107,6.0696,6.0248,6.6938,5.2068,60.5112,10.0000
sub-002,ses-01,C3,26,4,2,0,4.1093,3.3200,13.2319,4.8799,0.0000,4.0127,6.0153,5.9865,7.6530,5.8817,40.4424,10.0000
sub-002,ses-01,C3,27,2,2,2,4.7190,9.4944,9.0971,4.6468,0.0000,3.9964,5.6870,5.6498,9.8029,7.5819,26.3981,11.0000
sub-002,ses-01,C3,28,2,2,0,8.9325,6.3785,7.4518,2.4019,0.0000,3.1902,5.5768,5.5781,5.5804,3.8225,19.7365,10.0000
sub-002,ses-01,C3,29,2,2,2,9.9528,4.2504,8.4362,1.8872,0.0000,3.0689,5.2910,5.2908,5.3952,4.7531,12.9078,10.0000
sub-002,ses-01,C3,30,4,2,2,6.5068,2.7152,5.7309,5.4498,0.0000,3.3052,5.9489,5.9195,5.7559,6.8456,25.4666,17.0000
sub-002,ses-01,C3,31,2,2,2,6.1718,4.6785,5.7664,5.4068,0.0000,3.4486,5.9127,5.9054,6.0108,6.8530,21.5497,14.0000
sub-002,ses-01,CP3,0,2,2,2,10.3613,7.8747,13.3234,3.8335,0.0000,4.7144,5.9706,5.9207,3.9961,5.3820,33.2495,11.0000
sub-002,ses-01,CP3,1,2,2,2,3.6562,3.4730,7.5350,3.6902,0.0000,2.8302,4.9667,4.9632,6.6852,4.1401,16.6588,10.0000
sub-002,ses-01,CP3,2,2,2,2,11.6970,6.9521,7.6612,4.1641,0.0000,4.0627,5.3944,5.3529,7.9687,5.5916,30.3050,1.0000
sub-002,ses-01,CP3,3,2,2,0,17.8914,2.1961,9.9533,5.5867,0.0000,4.9464,5.2687,5.1581,3.6989,6.3969,62.0190,1.0000
sub-002,ses-01,CP3,4,2,4,2,11.0218,5.6469,8.7933,3.6946,0.0000,3.8945,5.4956,5.4593,5.5609,5.2045,27.4798,10.0000
sub-002,ses-01,CP3,5,2,4,2,8.5745,7.7772,11.4607,5.3511,0.0000,4.7380,5.7682,5.6837,8.2909,5.7594,30.6904,11.0000
sub-002,ses-01,CP3,6,2,2,2,7.3258,3.5872,9.4089,3.2237,0.0000,3.3026,5.1752,5.1549,8.0049,6.5678,21.5689,1.0000
sub-002,ses-01,CP3,7,2,2,2,18.5341,5.2705,14.5313,4.6456,0.0000,5.6465,5.8096,5.6688,8.0100,4.1490,60.5590,1.0000
sub-002,ses-01,CP3,8,2,2,0,8.9792,4.2100,9.7178,5.0547,0.0000,4.1110,5.2277,5.1734,2.9122,4.2766,40.0335,11.0000
sub-002,ses-01,CP3,9,2,2,0,17.6688,5.1223,8.6751,4.8133,0.0000,4.7858,5.8089,5.7125,6.5205,5.9800,45.8817,1.0000
sub-002,ses-01,CP3,10,2,2,0,4.7611,4.6681,9.0533,3.2368,0.0000,3.1190,6.1434,6.1543,9.6051,4.6028,26.3544,11.0000
sub-002,ses-01,CP3,11,4,2,0,2.6440,2.0449,8.7434,3.5753,0.0000,2.7371,5.9610,5.9943,6.2728,5.9908,20.6631,11.0000
sub-002,ses-01,CP3,12,4,2,0,4.6518,4.5828,9.7876,5.5987,0.0000,3.9174,5.3546,5.3093,4.3643,4.7500,32.0295,11.0000
sub-002,ses-01,CP3,13,2,2,0,1.8312,2.7000,7.8893,3.1106,0.0000,2.4627,4.6960,4.6989,7.2303,4.0203,35.0106,11.0000
sub-002,ses-01,CP3,14,4,2,0,11.1154,2.8371,10.8627,4.0218,0.0000,4.0295,5.7592,5.7186,4.0879,5.7780,29.4941,10.0000
sub-002,ses-01,CP3,15,4,2,0,14.5748,15.0373,9.4324,3.7083,0.0000,5.1919,5.2909,5.2035,3.0659,3.1118,28.3585,3.0000
sub-002,ses-01,CP3,16,2,2,0,11.9835,5.9504,7.9563,6.0604,0.0000,4.6107,5.3854,5.2950,5.4676,4.3479,27.2927,1.0000
sub-002,ses-01,CP3,17,4,2,0,5.7001,3.2780,10.0454,6.3577,0.0000,4.1589,6.0183,5.9916,4.9900,4.0963,19.3135,18.0000
sub-002,ses-01,CP3,18,2,2,0,12.8590,6.9032,11.0220,3.7516,0.0000,4.5105,5.5656,5.5021,2.9407,4.7731,39.1543,1.0000
sub-002,ses-01,CP3,19,4,2,0,13.2289,8.1949,9.5946,3.9914,0.0000,4.5384,5.6424,5.5883,6.8027,5.3672,28.4742,1.0000
sub-002,ses-01,CP3,20,2,2,0,10.2213,9.5382,7.3393,7.1201,0.0000,5.0148,5.4938,5.4129,7.9785,4.8072,34.0309,19.0000
sub-002,ses-01,CP3,21,2,2,0,19.9452,8.7943,9.1085,5.3916,0.0000,5.5744,5.8315,5.7178,8.9385,5.1906,52.1562,1.0000
sub-002,ses-01,CP3,22,2,4,0,28.9020,4.6651,10.7802,3.6472,0.0000,5.7294,5.6107,5.4640,6.7262,4.8842,77.2880,1.0000
sub-002,ses-01,CP3,23,2,4,0,4.6218,2.3351,15.8129,4.4549,0.0000,4.2004,5.9258,5.8846,3.7069,6.1995,40.9697,10.0000
sub-002,ses-01,CP3,24,2,4,0,9.0376,3.5432,7.6567,4.6723,0.0000,3.6512,5.4961,5.4689,9.0651,5.7149,26.6939,2.0000
sub-002,ses-01,CP3,25,4,2,0,17.5151,4.4174,18.7752,6.5419,0.0000,6.6378,5.3624,5.1877,4.5946,5.0908,51.0440,10.0000
sub-002,ses-01,CP3,26,4,2,0,4.4825,4.5922,10.5745,5.8959,0.0000,4.1021,5.2815,5.2457,11.2442,4.5491,19.3676,10.0000
sub-002,ses-01,CP3,27,2,2,2,3.9618,8.6706,9.5123,4.3348,0.0000,3.8129,5.2116,5.1740,9.0119,8.3296,36.9999,11.0000
sub-002,ses-01,CP3,28,2,2,0,2.0650,5.0163,5.4795,4.9221,0.0000,2.9114,5.9861,5.9908,3.9782,5.2632,17.5562,19.0000
sub-002,ses-01,CP3,29,2,2,2,9.6860,3.3661,10.1555,3.6058,0.0000,3.7213,5.1221,5.0866,6.0427,4.9326,29.6555,11.0000
sub-002,ses-01,CP3,30,4,2,2,18.3630,5.1797,10.2563,4.4992,0.0000,4.9814,5.8024,5.6942,4.2396,5.6764,54.0844,1.0000
sub-002,ses-01,CP3,31,2,2,2,5.5170,4.6754,9.4844,8.3455,0.0000,4.7946,5.4808,5.4148,6.9400,6.3309,24.5096,19.0000
sub-002,ses-01,O1,0,2,2,2,4.3147,4.3716,10.4037,3.4298,0.0000,3.2966,5.8834,5.8827,7.9069,5.8730,37.7933,10.0000
sub-002,ses-01,O1,1,2,2,2,11.5841,7.2087,10.8445,2.8526,0.0000,4.1238,5.9502,5.9141,9.2336,7.0072,43.3632,10.0000
sub-002,ses-01,O1,2,2,2,2,9.8648,8.1658,5.9098,6.1821,0.0000,4.3709,5.3428,5.2865,7.8436,5.2968,25.1390,19.0000
sub-002,ses-01,O1,3,2,2,0,10.3632,3.3571,8.0182,4.2962,0.0000,3.6940,5.6046,5.5521,5.0566,5.2031,26.6674,1.0000
sub-002,ses-01,O1,4,2,4,2,5.2573,3.1170,12.8334,7.0859,0.0000,4.7120,5.8165,5.7617,8.9179,5.6099,34.0466,11.0000
sub-002,ses-01,O1,5,2,4,2,3.5494,8.4853,10.8447,3.3661,0.0000,3.6504,5.0035,4.9674,7.2382,5.2315,25.3866,10.0000
sub-002,ses-01,O1,6,2,2,2,9.9483,1.7590,14.0405,2.8138,0.0000,3.8989,4.9116,4.8590,4.3942,4.7675,23.0303,8.0000
sub-002,ses-01,O1,7,2,2,2,21.6000,6.9507,10.7783,5.7311,0.0000,5.8925,5.7146,5.5575,8.4536,5.1129,56.5074,1.0000
sub-002,ses-01,O1,8,2,2,0,3.2244,5.4901,3.5261,2.8627,0.0000,2.1681,4.9212,4.9465,4.0166,4.3059,13.5101,16.0000
sub-002,ses-01,O1,9,2,2,0,20.5035,7.1427,9.0821,4.8471,0.0000,5.3044,5.6257,5.5314,6.2928,4.0971,55.4801,1.0000
sub-002,ses-01,O1,10,2,2,0,1.9166,1.1989,4.0262,5.3370,0.0000,2.4651,5.8289,5.8410,7.2529,4.0699,19.4200,17.0000
sub-002,ses-01,O1,11,4,2,0,6.4137,7.4233,11.5032,3.5447,0.0000,3.9639,5.5065,5.4206,5.3294,3.8586,33.8503,10.0000
sub-002,ses-01,O1,12,4,2,0,4.4964,10.6629,9.3879,4.9995,0.0000,4.2316,5.9571,5.9178,8.8033,6.9355,36.1059,10.0000
sub-002,ses-01,O1,13,2,2,0,4.8562,5.9655,7.4092,3.5322,0.0000,3.1084,5.6347,5.6424,6.2683,5.9930,17.7935,9.0000
sub-002,ses-01,O1,14,4,2,0,7.6245,3.2753,5.6615,5.7858,0.0000,3.5531,5.6812,5.6662,4.7362,4.8003,13.7293,12.0000
sub-002,ses-01,O1,15,4,2,0,4.4787,5.3282,9.6685,3.3415,0.0000,3.2716,5.4163,5.3984,6.2618,4.9200,39.0025,10.0000
sub-002,ses-01,O1,16,2,2,0,7.6501,5.9712,15.5261,1.9999,0.0000,4.0382,5.3954,5.3692,3.6683,5.3203,52.5913,10.0000
sub-002,ses-01,O1,17,4,2,0,4.4031,6.8761,5.7951,5.9174,0.0000,3.6468,5.2143,5.1952,4.6417,6.2916,21.0177,20.0000
sub-002,ses-01,O1,18,2,2,0,3.4934,4.2919,7.2457,5.2350,0.0000,3.3179,5.0639,5.0425,6.7462,5.2875,23.9167,11.0000
sub-002,ses-01,O1,19,4,2,0,5.5053,5.3190,10.0071,5.6441,0.0000,4.1096,5.3619,5.3182,5.4609,4.8491,20.6254,8.0000
sub-002,ses-01,O1,20,2,2,0,16.2930,7.9002,9.1155,4.1901,0.0000,4.7893,5.3348,5.2602,6.6588,5.7892,49.0326,1.0000
sub-002,ses-01,O1,21,2,2,0,5.5689,3.0707,7.6244,5.4366,0.0000,3.5112,6.0858,6.0714,4.9143,7.0203,18.3455,14.0000
sub-002,ses-01,O1,22,2,4,0,17.3382,2.7950,9.5336,4.2989,0.0000,4.5028,5.7127,5.6123,2.5240,6.7684,63.6942,1.0000
sub-002,ses-01,O1,23,2,4,0,1.8612,1.9422,18.4288,5.1518,0.0000,4.4828,5.4966,5.4402,4.5590,5.7903,41.9954,10.0000
sub-002,ses-01,O1,24,2,4,0,6.5889,5.9430,10.3547,4.1991,0.0000,3.8801,5.5627,5.5378,6.1814,6.2964,20.8555,8.0000
sub-002,ses-01,O1,25,4,2,0,17.3425,1.1496,14.9301,7.9398,0.0000,6.2039,6.0929,5.9530,8.2997,4.7405,57.7814,1.0000
sub-002,ses-01,O1,26,4,2,0,6.2782,5.4999,3.8251,4.1496,0.0000,2.8839,5.4752,5.4707,3.5844,6.2668,21.9920,14.0000
sub-002,ses-01,O1,27,2,2,2,6.2216,2.6553,12.1319,4.1090,0.0000,3.7608,5.9804,5.9637,4.6833,8.7923,33.1296,10.0000
sub-002,ses-01,O1,28,2,2,0,10.1309,5.7830,5.7842,2.5115,0.0000,3.0468,4.9709,4.9594,2.9239,4.5891,32.5316,1.0000
sub-002,ses-01,O1,29,2,2,2,6.8163,5.9003,13.6879,3.1640,0.0000,4.0494,5.2258,5.1923,5.9428,4.7651,31.7080,11.0000
sub-002,ses-01,O1,30,4,2,2,19.8382,7.6992,13.5855,2.8015,0.0000,5.3042,5.7313,5.6500,5.9930,6.3676,49.0978,1.0000
sub-002,ses-01,O1,31,2,2,2,5.5366,5.4233,6.0143,4.9344,0.0000,3.3505,5.4997,5.4893,6.3510,6.3041,22.0738,20.0000
sub-002,ses-01,Pz,0,2,2,2,12.2501,6.9050,13.3510,5.1763,0.0000,5.2097,5.7519,5.6576,6.2612,5.8367,40.0678,1.0000
sub-002,ses-01,Pz,1,2,2,2,8.4468,4.6288,10.2952,3.6080,0.0000,3.7437,5.2280,5.1921,6.6048,5.2224,31.6789,10.0000
sub-002,ses-01,Pz,2,2,2,2,12.6192,1.9217,7.4991,3.6005,0.0000,3.4875,5.3916,5.3609,4.7696,4.6441,27.3162,1.0000
sub-002,ses-01,Pz,3,2,2,0,19.2136,8.7459,11.6377,7.0104,0.0000,6.3442,5.9324,5.7772,6.2491,5.3937,57.9151,1.0000
sub-002,ses-01,Pz,4,2,4,2,22.7636,4.8988,21.1063,4.5003,0.0000,6.8789,5.7934,5.6238,8.6281,6.3850,77.8099,1.0000
sub-002,ses-01,Pz,5,2,4,2,26.9370,20.6756,13.9291,8.5442,0.0000,8.9558,11.9124,11.8551,15.6617,10.0221,57.0435,3.0000
sub-002,ses-01,Pz,6,2,2,2,18.2157,5.2031,9.0214,3.7249,0.0000,4.5634,5.5719,5.5061,4.7002,5.0043,53.5285,1.0000
sub-002,ses-01,Pz,7,2,2,2,2.6786,5.3742,7.9597,4.0811,0.0000,3.0936,5.6697,5.6825,3.9940,6.9646,24.5539,11.0000
sub-002,ses-01,Pz,8,2,2,0,13.1417,4.8311,3.6550,2.1450,0.0000,2.8304,5.1472,5.1498,7.5969,5.5613,20.1346,3.0000
sub-002,ses-01,Pz,9,2,2,0,22.0326,5.4816,6.5070,5.0201,0.0000,4.9851,5.7205,5.5716,4.0310,5.6404,60.2148,1.0000
sub-002,ses-01,Pz,10,2,2,0,7.4752,4.7462,13.3335,4.5701,0.0000,4.3790,6.4585,6.3917,4.4427,6.0880,38.3915,11.0000
sub-002,ses-01,Pz,11,4,2,0,10.5516,4.2440,14.9138,5.1024,0.0000,4.9999,5.2547,5.1696,4.5986,4.6160,36.8495,11.0000
sub-002,ses-01,Pz,12,4,2,0,25.1532,6.3913,13.4166,5.6729,0.0000,6.5215,5.6398,5.4710,4.1217,4.5371,63.6978,1.0000
sub-002,ses-01,Pz,13,2,2,0,20.3714,12.4752,12.3897,5.0797,0.0000,6.3200,6.2819,6.1703,9.5108,5.1464,63.8974,1.0000
sub-002,ses-01,Pz,14,4,2,0,18.8156,7.1977,7.0833,5.0897,0.0000,4.9470,5.2296,5.1629,3.8264,5.0279,24.9741,1.0000
sub-002,ses-01,Pz,15,4,2,0,1.6059,2.0537,14.9465,4.4540,0.0000,3.7725,6.3941,6.3782,6.0453,4.8248,39.2947,11.0000
sub-002,ses-01,Pz,16,2,2,0,7.3567,4.5044,7.3186,4.6229,0.0000,3.5222,5.7024,5.6830,7.8063,5.6669,16.7536,10.0000
sub-002,ses-01,Pz,17,4,2,0,11.1473,17.8061,11.5935,4.2488,0.0000,5.5955,5.6779,5.6054,5.1482,4.9646,31.9916,6.0000
sub-002,ses-01,Pz,18,2,2,0,3.9398,2.2411,10.7085,5.2299,0.0000,3.6503,5.1597,5.1223,6.3935,5.3979,28.8082,11.0000
sub-002,ses-01,Pz,19,4,2,0,5.8044,2.6754,6.8765,2.6415,0.0000,2.5469,5.5125,5.5063,4.2674,7.9629,12.6243,11.0000
sub-002,ses-01,Pz,20,2,2,0,19.6829,7.0452,5.6502,3.0623,0.0000,4.2005,5.4820,5.3634,2.8531,6.7974,53.9773,1.0000
sub-002,ses-01,Pz,21,2,2,0,4.6686,9.0000,8.4555,2.8088,0.0000,3.3005,5.2598,5.2475,6.1954,5.3145,26.8552,12.0000
sub-002,ses-01,Pz,22,2,4,0,22.7057,3.9941,7.9224,5.9422,0.0000,5.3856,5.7385,5.5983,5.3112,4.8050,65.2686,1.0000
sub-002,ses-01,Pz,23,2,4,0,18.0758,5.8830,7.3651,3.8007,0.0000,4.4055,5.2313,5.1211,5.7342,4.9353,58.0677,1.0000
sub-002,ses-01,Pz,24,2,4,0,12.7280,2.2925,8.5929,3.7073,0.0000,3.7171,6.2199,6.2125,6.6755,7.3204,37.6954,1.0000
sub-002,ses-01,Pz,25,4,2,0,18.9467,2.3410,11.9545,6.8652,0.0000,5.7238,6.1217,6.0117,6.5022,7.5796,56.5035,1.0000
sub-002,ses-01,Pz,26,4,2,0,15.1631,4.6620,6.2577,4.2830,0.0000,4.0122,5.7484,5.7166,6.5124,4.6780,40.9399,1.0000
sub-002,ses-01,Pz,27,2,2,2,3.3772,6.3022,6.6643,6.4688,0.0000,3.7860,5.1756,5.1339,7.5782,4.4731,31.4272,21.0000
sub-002,ses-01,Pz,28,2,2,0,3.4129,2.8676,4.3019,3.4669,0.0000,2.2326,5.3014,5.3027,6.0818,4.9165,16.2208,18.0000
sub-002,ses-01,Pz,29,2,2,2,25.4585,8.5951,11.8844,4.7013,0.0000,6.2474,5.5852,5.4331,5.4745,6.4533,58.9641,1.0000
sub-002,ses-01,Pz,30,4,2,2,25.8277,3.8770,13.1112,5.1804,0.0000,6.1589,5.9618,5.8191,6.4438,4.8871,66.8566,1.0000
sub-002,ses-01,Pz,31,2,2,2,13.0754,6.9985,6.7097,4.2399,0.0000,4.0854,5.0908,5.0455,5.6857,6.3950,37.6284,1.0000
sub-002,ses-01,Fp2,0,2,2,2,1.1798,4.4065,15.0417,4.1808,0.0000,3.8825,5.2456,5.2044,5.9084,4.8942,45.3550,10.0000
sub-002,ses-01,Fp2,1,2,2,2,6.8500,6.0432,11.4662,2.8290,0.0000,3.6546,6.0903,6.0901,6.0521,5.6534,28.7428,10.0000
sub-002,ses-01,Fp2,2,2,2,2,16.2674,5.6308,9.8875,6.2117,0.0000,5.2947,5.5645,5.4898,3.7458,5.6506,32.5604,1.0000
sub-002,ses-01,Fp2,3,2,2,0,22.5021,4.0095,19.1026,2.9103,0.0000,6.0115,5.6403,5.4751,6.2780,5.9884,56.6550,1.0000
sub-002,ses-01,Fp2,4,2,4,2,6.1048,4.6696,15.3605,4.2752,0.0000,4.4381,5.8261,5.7748,6.9649,5.6296,36.8093,10.0000
sub-002,ses-01,Fp2,5,2,4,2,19.8675,4.4989,14.5928,3.1513,0.0000,5.2556,6.6842,6.6296,6.1635,5.3414,40.6058,10.0000
sub-002,ses-01,Fp2,6,2,2,2,7.0211,3.2079,8.7948,3.0225,0.0000,3.0925,5.5204,5.5138,2.1437,4.9178,25.7234,10.0000
sub-002,ses-01,Fp2,7,2,2,2,8.5872,6.3723,15.5289,4.3837,0.0000,4.8837,5.9961,5.9074,3.7180,5.5825,54.5598,11.0000
sub-002,ses-01,Fp2,8,2,2,0,8.7028,3.4681,16.4832,3.5067,0.0000,4.4923,5.9875,5.9512,7.0643,5.5094,44.1755,10.0000
sub-002,ses-01,Fp2,9,2,2,0,11.8344,11.2770,11.9807,3.7504,0.0000,4.9555,5.1878,5.1131,4.2972,4.5458,34.3303,11.0000
sub-002,ses-01,Fp2,10,2,2,0,1.8690,9.9956,8.5123,2.7580,0.0000,3.1253,5.8561,5.8479,5.1570,5.0671,29.9254,11.0000
sub-002,ses-01,Fp2,11,4,2,0,3.7710,4.4763,7.4135,4.0529,0.0000,3.0269,5.3994,5.3937,5.4038,4.7580,26.5568,11.0000
sub-002,ses-01,Fp2,12,4,2,0,4.0614,3.6024,15.9552,3.8598,0.0000,4.1061,5.6886,5.6488,7.0267,4.9021,45.2398,10.0000
sub-002,ses-01,Fp2,13,2,2,0,6.8207,2.6151,5.6186,2.1616,0.0000,2.3153,5.4270,5.4589,8.2175,6.6538,17.9746,2.0000
sub-002,ses-01,Fp2,14,4,2,0,10.4312,3.4406,11.3568,3.1300,0.0000,3.8214,5.6817,5.6297,4.7729,4.6052,44.5796,10.0000
sub-002,ses-01,Fp2,15,4,2,0,13.9969,1.6657,17.3627,4.4666,0.0000,5.2300,5.9431,5.8596,9.2986,4.4597,47.8155,10.0000
sub-002,ses-01,Fp2,16,2,2,0,3.9148,0.9257,6.8516,3.5387,0.0000,2.4761,5.1760,5.1954,5.6485,4.8841,16.9905,14.0000
sub-002,ses-01,Fp2,17,4,2,0,5.5833,5.4843,11.3120,3.3535,0.0000,3.6218,5.8031,5.7836,7.4432,5.0491,32.8838,10.0000
sub-002,ses-01,Fp2,18,2,2,0,6.3104,2.1454,14.9640,1.9671,0.0000,3.4693,5.2638,5.2412,3.9491,6.1235,42.6872,11.0000
sub-002,ses-01,Fp2,19,4,2,0,7.1443,6.0862,10.4907,3.0789,0.0000,3.6254,5.5735,5.5433,3.2661,5.8150,25.2691,11.0000
sub-002,ses-01,Fp2,20,2,2,0,7.9920,2.2952,10.6283,5.1602,0.0000,4.0000,5.5134,5.4537,4.5992,4.0592,28.5307,10.0000
sub-002,ses-01,Fp2,21,2,2,0,5.0244,3.1651,10.6669,4.4936,0.0000,3.6088,5.3587,5.3348,6.6050,7.4311,40.0407,10.0000
sub-002,ses-01,Fp2,22,2,4,0,9.0349,6.0467,10.6489,2.7899,0.0000,3.7323,5.6129,5.5806,6.6814,5.3559,28.4167,10.0000
sub-002,ses-01,Fp2,23,2,4,0,13.6994,5.2410,15.8843,2.6154,0.0000,4.7690,5.8815,5.7843,4.9988,6.5010,45.6762,10.0000
sub-002,ses-01,Fp2,24,2,4,0,8.7259,1.0934,14.6686,3.4389,0.0000,3.9999,5.6398,5.5922,6.0966,4.8877,25.6820,9.0000
sub-002,ses-01,Fp2,25,4,2,0,12.0103,5.4426,17.5321,3.7841,0.0000,5.2139,6.6182,6.5536,4.5929,7.2696,64.4343,10.0000
sub-002,ses-01,Fp2,26,4,2,0,12.0564,5.2586,10.9700,3.8911,0.0000,4.3178,5.1720,5.1100,5.5736,4.3793,46.4495,1.0000
sub-002,ses-01,Fp2,27,2,2,2,6.1169,4.0814,10.0275,4.9312,0.0000,3.8387,5.8873,5.8698,9.8068,6.5606,24.2132,11.0000
sub-002,ses-01,Fp2,28,2,2,0,10.9533,8.3397,6.9891,7.4437,0.0000,5.0203,5.8472,5.7710,5.0783,4.5787,32.1873,1.0000
sub-002,ses-01,Fp2,29,2,2,2,9.6430,4.5753,8.2501,2.9066,0.0000,3.3526,5.6450,5.6346,10.2843,6.9117,19.7134,1.0000
sub-002,ses-01,Fp2,30,4,2,2,17.0221,2.6873,15.0862,1.3257,0.0000,4.3393,5.5643,5.4514,9.1924,4.8103,49.7589,1.0000
sub-002,ses-01,Fp2,31,2,2,2,19.0261,4.6422,12.6167,5.5598,0.0000,5.6431,5.0747,4.9287,3.2332,4.8947,62.8015,1.0000
sub-002,ses-01,Fz,0,2,2,2,2.8316,5.3068,15.9294,3.4254,0.0000,4.0154,5.1665,5.1171,5.1931,4.1027,49.4309,10.0000
sub-002,ses-01,Fz,1,2,2,2,13.2842,5.1070,9.7719,4.0107,0.0000,4.2869,5.4421,5.3457,4.1829,5.0406,40.0499,1.0000
sub-002,ses-01,Fz,2,2,2,2,7.4005,7.1289,9.3420,3.3425,0.0000,3.6657,5.4627,5.4365,5.6417,4.7028,29.5062,10.0000
sub-002,ses-01,Fz,3,2,2,0,9.6721,2.7249,17.5270,5.0486,0.0000,5.1252,4.9475,4.8348,6.3855,4.0766,48.2970,11.0000
sub-002,ses-01,Fz,4,2,4,2,14.8098,7.8214,15.5408,4.7737,0.0000,5.7169,5.5733,5.4313,6.1524,4.9022,37.0498,1.0000
sub-002,ses-01,Fz,5,2,4,2,7.3031,5.9081,11.5978,4.0926,0.0000,4.0845,6.1686,6.1485,5.7813,6.0003,32.7598,10.0000
sub-002,ses-01,Fz,6,2,2,2,10.0577,5.1011,10.0381,3.5576,0.0000,3.8863,5.4848,5.4437,6.5245,6.1366,33.0359,1.0000
sub-002,ses-01,Fz,7,2,2,2,5.9017,4.6726,17.3961,2.9282,0.0000,4.2963,5.6021,5.5710,4.5376,5.6236,53.6250,11.0000
sub-002,ses-01,Fz,8,2,2,0,9.4813,0.7385,10.6556,4.8101,0.0000,3.8917,5.2177,5.1791,3.4120,5.7341,23.6575,10.0000
sub-002,ses-01,Fz,9,2,2,0,16.6132,2.6940,11.9328,3.7163,0.0000,4.5846,5.7013,5.6278,4.7729,5.3654,41.1991,11.0000
sub-002,ses-01,Fz,10,2,2,0,5.5176,6.5552,7.0313,3.6870,0.0000,3.2188,5.3656,5.3505,6.1682,5.0346,16.2760,7.0000
sub-002,ses-01,Fz,11,4,2,0,11.1905,3.4189,8.4688,3.8848,0.0000,3.7152,5.6112,5.5738,2.9796,5.4500,28.4729,1.0000
sub-002,ses-01,Fz,12,4,2,0,20.1666,4.8284,17.5189,3.2620,0.0000,5.7558,5.8454,5.7019,7.0963,5.7355,47.8246,1.0000
sub-002,ses-01,Fz,13,2,2,0,7.4176,11.1289,8.3786,2.8018,0.0000,3.7414,5.0381,5.0290,5.4422,5.7113,26.8779,4.0000
sub-002,ses-01,Fz,14,4,2,0,22.1758,3.9295,13.4135,2.7095,0.0000,5.1192,5.3426,5.2128,6.2347,3.7611,52.5476,10.0000
sub-002,ses-01,Fz,15,4,2,0,7.3942,3.8160,16.9745,5.8863,0.0000,5.1909,5.9024,5.8105,5.1760,5.3494,44.6691,10.0000
sub-002,ses-01,Fz,16,2,2,0,10.4095,4.3746,9.0376,4.9394,0.0000,4.1296,5.2654,5.2179,3.8604,4.1018,17.9524,3.0000
sub-002,ses-01,Fz,17,4,2,0,8.1471,2.7411,10.1588,2.0170,0.0000,3.0402,5.5035,5.5032,5.7308,5.7381,28.4405,10.0000
sub-002,ses-01,Fz,18,2,2,0,13.7170,7.6593,13.3726,3.5159,0.0000,4.9174,5.8520,5.8095,6.0855,5.0789,36.7224,11.0000
sub-002,ses-01,Fz,19,4,2,0,4.6379,6.3916,11.0486,4.0858,0.0000,3.8029,5.8604,5.8233,4.5239,7.0929,33.9328,11.0000
sub-002,ses-01,Fz,20,2,2,0,6.4827,3.1969,10.1559,5.0310,0.0000,3.8385,5.8195,5.7651,5.8198,4.7231,26.3710,10.0000
sub-002,ses-01,Fz,21,2,2,0,9.0052,6.3817,8.6822,4.5602,0.0000,4.0215,5.2953,5.2418,6.0914,6.1941,29.1122,10.0000
sub-002,ses-01,Fz,22,2,4,0,16.6207,4.3957,8.3151,2.3397,0.0000,3.8226,5.8682,5.8223,6.4224,5.4161,47.3132,1.0000
sub-002,ses-01,Fz,23,2,4,0,16.1645,7.6813,13.9157,3.0603,0.0000,5.0851,5.6364,5.5274,6.0992,4.9704,52.5764,1.0000
sub-002,ses-01,Fz,24,2,4,0,5.5527,2.3354,13.0730,5.0838,0.0000,4.0949,5.5404,5.5074,4.3816,4.6390,29.5291,11.0000
sub-002,ses-01,Fz,25,4,2,0,9.7521,4.6199,22.1241,4.7571,0.0000,5.8622,6.1064,5.9909,3.9363,6.9072,71.9260,10.0000
sub-002,ses-01,Fz,26,4,2,0,4.6692,3.7122,13.6699,2.7128,0.0000,3.5072,5.0491,5.0190,5.0216,5.7421,50.1994,10.0000
sub-002,ses-01,Fz,27,2,2,2,5.1545,4.3580,10.8616,4.6643,0.0000,3.8106,6.1338,6.1158,9.8251,6.9415,22.3420,11.0000
sub-002,ses-01,Fz,28,2,2,0,12.7695,3.6742,9.8504,2.7262,0.0000,3.7283,5.3160,5.2476,4.5460,4.6340,33.2599,1.0000
sub-002,ses-01,Fz,29,2,2,2,15.0953,10.6364,7.1377,2.6812,0.0000,4.2002,5.9422,5.9236,5.9413,6.5930,22.3967,4.0000
sub-002,ses-01,Fz,30,4,2,2,14.4861,7.3574,14.4091,3.1990,0.0000,5.0097,5.2835,5.1930,5.7108,4.4340,44.5961,1.0000
sub-002,ses-01,Fz,31,2,2,2,8.4644,3.3082,14.0541,5.3703,0.0000,4.6797,5.7296,5.6645,7.3115,4.9649,33.7985,11.0000
sub-002,ses-01,FCz,0,2,2,2,10.9477,8.2794,18.3936,3.0334,0.0000,5.2722,6.2679,6.1930,5.2137,4.9337,57.9540,10.0000
sub-002,ses-01,FCz,1,2,2,2,6.9576,3.8823,8.6590,3.3645,0.0000,3.2337,5.6442,5.6405,3.5326,4.9933,24.7107,11.0000
sub-002,ses-01,FCz,2,2,2,2,6.9530,7.2314,10.3591,3.8534,0.0000,3.9299,5.6657,5.6204,4.5146,4.3155,26.6345,10.0000
sub-002,ses-01,FCz,3,2,2,0,15.2476,4.3274,14.3250,3.7033,0.0000,4.9394,5.1115,4.9996,5.0987,4.0426,48.5062,1.0000
sub-002,ses-01,FCz,4,2,4,2,5.2961,6.4416,17.0671,6.2348,0.0000,5.3583,6.1187,6.0386,6.8181,5.7009,30.5339,9.0000
sub-002,ses-01,FCz,5,2,4,2,8.3553,7.5460,11.5766,4.4252,0.0000,4.4324,6.0651,6.0264,5.6357,6.1621,31.6172,10.0000
sub-002,ses-01,FCz,6,2,2,2,13.6017,4.2705,10.6903,2.0894,0.0000,3.7859,5.7016,5.6558,10.2402,6.0073,46.6682,1.0000
sub-002,ses-01,FCz,7,2,2,2,4.3387,4.5082,12.6577,3.8970,0.0000,3.7673,5.7668,5.7527,4.9026,5.1151,47.0514,11.0000
sub-002,ses-01,FCz,8,2,2,0,7.2383,2.5599,7.8930,4.0161,0.0000,3.2270,5.0323,5.0050,4.3391,5.0622,20.4076,11.0000
sub-002,ses-01,FCz,9,2,2,0,17.7142,5.4710,9.5108,4.3230,0.0000,4.7908,5.8329,5.7229,4.3483,6.2585,43.0285,11.0000
sub-002,ses-01,FCz,10,2,2,0,7.7336,10.7082,6.7567,2.7769,0.0000,3.4978,5.8396,5.8365,6.4679,5.6089,19.6325,7.0000
sub-002,ses-01,FCz,11,4,2,0,9.1024,3.3965,9.8065,4.6382,0.0000,3.9333,5.4577,5.4222,4.9740,6.2044,24.2567,1.0000
sub-002,ses-01,FCz,12,4,2,0,13.6866,5.4216,14.9151,3.1314,0.0000,4.8054,5.5895,5.4751,6.9533,5.3194,30.5608,10.0000
sub-002,ses-01,FCz,13,2,2,0,7.2987,5.8907,8.7044,2.9050,0.0000,3.3198,5.4163,5.4005,4.5420,5.0817,20.1492,10.0000
sub-002,ses-01,FCz,14,4,2,0,19.2659,3.2994,13.8764,2.1292,0.0000,4.6791,5.3955,5.3190,5.5548,3.5951,50.7345,10.0000
sub-002,ses-01,FCz,15,4,2,0,3.0010,6.8309,17.2429,5.2431,0.0000,4.9057,6.4469,6.3896,5.3596,5.5955,39.1277,10.0000
sub-002,ses-01,FCz,16,2,2,0,11.2425,4.5828,9.8252,4.2071,0.0000,4.1150,5.2398,5.1717,3.3662,4.9569,29.3429,1.0000
sub-002,ses-01,FCz,17,4,2,0,4.4613,4.2990,10.5664,2.9719,0.0000,3.1878,5.7186,5.6836,6.5832,5.6023,21.2347,11.0000
sub-002,ses-01,FCz,18,2,2,0,12.2558,8.0647,11.2964,4.0726,0.0000,4.6978,5.8912,5.8427,5.5841,5.3598,36.1037,11.0000
sub-002,ses-01,FCz,19,4,2,0,4.0400,8.1357,8.6860,3.9471,0.0000,3.5379,5.4801,5.4377,6.3042,7.6444,20.1849,11.0000
sub-002,ses-01,FCz,20,2,2,0,11.6479,3.3404,10.4859,5.6579,0.0000,4.5679,6.0857,5.9710,5.3307,5.1989,37.6923,1.0000
sub-002,ses-01,FCz,21,2,2,0,17.4248,3.1761,8.7225,5.3198,0.0000,4.7418,5.6703,5.5671,6.7284,6.5144,52.2428,1.0000
sub-002,ses-01,FCz,22,2,4,0,23.8956,2.0123,9.5239,4.7641,0.0000,5.1793,5.8939,5.7487,6.3675,5.6955,76.2636,1.0000
sub-002,ses-01,FCz,23,2,4,0,9.6340,9.2640,10.4873,2.3517,0.0000,3.9323,5.3219,5.2579,8.2884,4.0057,26.1624,1.0000
sub-002,ses-01,FCz,24,2,4,0,10.5822,4.9209,12.5606,3.7564,0.0000,4.3304,5.3551,5.3179,4.3011,5.3155,26.7570,1.0000
sub-002,ses-01,FCz,25,4,2,0,18.6562,7.1441,23.9854,4.9874,0.0000,7.2546,6.5805,6.3812,5.1058,7.7624,73.9188,10.0000
sub-002,ses-01,FCz,26,4,2,0,16.1855,6.0278,15.2638,4.2852,0.0000,5.4917,5.6437,5.5565,4.8871,4.7448,57.1300,10.0000
sub-002,ses-01,FCz,27,2,2,2,8.0679,10.1823,10.5393,6.0513,0.0000,4.9978,5.9730,5.9130,11.4303,6.4137,25.1059,8.0000
sub-002,ses-01,FCz,28,2,2,0,13.4069,8.0943,8.7008,2.2819,0.0000,3.9041,5.4695,5.4303,4.0747,4.8950,28.5756,1.0000
sub-002,ses-01,FCz,29,2,2,2,12.9333,12.2791,9.3728,2.5039,0.0000,4.4102,5.6723,5.6496,5.4866,5.1854,32.4680,4.0000
sub-002,ses-01,FCz,30,4,2,2,18.2990,6.2373,11.9976,2.0801,0.0000,4.5854,5.7253,5.6393,6.6433,4.4463,54.8517,1.0000
sub-002,ses-01,FCz,31,2,2,2,7.9275,2.7783,13.1287,5.9623,0.0000,4.6304,6.2265,6.1800,7.5561,5.8291,38.4201,11.0000
sub-002,ses-01,Cz,0,2,2,2,4.4036,2.1578,20.8799,2.7859,0.0000,4.3661,5.9453,5.8841,2.9902,4.0216,59.7088,10.0000
sub-002,ses-01,Cz,1,2,2,2,7.8608,3.0580,7.3319,4.9717,0.0000,3.5418,5.7641,5.7472,3.9682,5.4834,20.3626,18.0000
sub-002,ses-01,Cz,2,2,2,2,9.6325,4.1187,10.5506,4.0324,0.0000,3.9705,5.5996,5.5525,4.1872,4.7159,28.8403,10.0000
sub-002,ses-01,Cz,3,2,2,0,17.4066,4.2238,11.8455,6.9395,0.0000,5.7630,5.5104,5.3617,5.2793,4.9313,58.5189,1.0000
sub-002,ses-01,Cz,4,2,4,2,18.8089,7.5205,16.8449,4.4246,0.0000,6.1374,5.7048,5.5460,5.0325,6.7551,56.6161,1.0000
sub-002,ses-01,Cz,5,2,4,2,10.1589,5.6035,10.0982,3.9338,0.0000,4.0646,6.3693,6.3385,6.8452,6.4795,32.0565,10.0000
sub-002,ses-01,Cz,6,2,2,2,11.5641,4.7952,6.7757,4.0266,0.0000,3.6846,5.6412,5.6042,7.1872,5.8176,37.8526,1.0000
sub-002,ses-01,Cz,7,2,2,2,7.4871,5.9099,12.0914,4.7466,0.0000,4.3684,6.0992,6.0608,4.8922,5.2655,48.3031,11.0000
sub-002,ses-01,Cz,8,2,2,0,10.4430,3.7897,8.4653,3.1561,0.0000,3.4594,4.8424,4.8224,3.8645,5.1209,18.1444,3.0000
sub-002,ses-01,Cz,9,2,2,0,23.0401,8.8218,10.2045,2.7348,0.0000,5.2146,6.2726,6.1562,4.2426,5.7879,53.0922,1.0000
sub-002,ses-01,Cz,10,2,2,0,8.4862,6.5983,4.7678,5.2374,0.0000,3.6519,5.6260,5.5898,5.3277,6.5617,21.1593,14.0000
sub-002,ses-01,Cz,11,4,2,0,20.7189,3.9911,8.5759,5.4077,0.0000,5.1301,5.3139,5.2082,3.8371,6.0980,59.9777,1.0000
sub-002,ses-01,Cz,12,4,2,0,18.9914,3.6880,12.4191,5.9945,0.0000,5.6549,5.7960,5.6369,7.3776,5.3474,54.4683,1.0000
sub-002,ses-01,Cz,13,2,2,0,7.9984,1.7659,10.5428,4.4906,0.0000,3.7370,5.5674,5.5384,4.5050,4.8223,22.5156,10.0000
sub-002,ses-01,Cz,14,4,2,0,23.8905,6.5496,10.6842,1.8969,0.0000,4.8959,5.2525,5.1508,3.9344,4.3446,60.4794,1.0000
sub-002,ses-01,Cz,15,4,2,0,2.5737,5.3791,13.3707,3.6130,0.0000,3.6978,6.5997,6.5933,4.0082,5.6663,37.3913,10.0000
sub-002,ses-01,Cz,16,2,2,0,2.0795,4.5870,8.6997,5.0539,0.0000,3.3620,5.3363,5.3118,5.2556,4.2387,25.5775,10.0000
sub-002,ses-01,Cz,17,4,2,0,4.0702,4.8241,11.5724,5.2568,0.0000,4.0314,5.3916,5.3285,5.3739,4.6198,23.7943,16.0000
sub-002,ses-01,Cz,18,2,2,0,10.8090,3.1778,8.3920,5.4054,0.0000,4.1063,5.4042,5.3303,3.8778,5.4828,30.1446,1.0000
sub-002,ses-01,Cz,19,4,2,0,9.1327,7.3626,10.7262,2.5285,0.0000,3.7956,5.6241,5.5903,7.5704,5.5719,20.2973,10.0000
sub-002,ses-01,Cz,20,2,2,0,8.0892,3.5326,9.0803,2.1832,0.0000,3.0081,5.6046,5.5754,7.6854,7.1359,24.9469,10.0000
sub-002,ses-01,Cz,21,2,2,0,9.3383,2.6365,10.7828,3.4074,0.0000,3.6487,5.6672,5.6395,8.4716,6.1207,29.2666,1.0000
sub-002,ses-01,Cz,22,2,4,0,24.8514,2.9355,9.0395,3.4506,0.0000,4.8894,5.6365,5.5008,6.6891,6.1799,79.0144,1.0000
sub-002,ses-01,Cz,23,2,4,0,9.8942,11.8831,13.7044,3.4572,0.0000,4.9832,5.6237,5.5281,9.2721,3.8571,31.2877,1.0000
sub-002,ses-01,Cz,24,2,4,0,17.4405,5.4087,12.7335,4.2061,0.0000,5.1739,5.5016,5.4197,3.2177,5.7226,46.1710,1.0000
sub-002,ses-01,Cz,25,4,2,0,24.7443,6.9562,21.7852,5.7978,0.0000,7.7415,6.4036,6.1718,4.4830,8.0095,75.2877,10.0000
sub-002,ses-01,Cz,26,4,2,0,20.4923,4.4070,13.9814,5.8070,0.0000,6.0227,5.5995,5.4434,5.4623,5.6094,55.9499,1.0000
sub-002,ses-01,Cz,27,2,2,2,13.7896,12.2729,10.1779,5.8941,0.0000,5.6265,5.3977,5.3097,13.8610,5.0667,28.4177,22.0000
sub-002,ses-01,Cz,28,2,2,0,9.6511,6.2195,10.1569,3.4221,0.0000,3.9282,5.9363,5.9106,4.7572,4.6015,17.4302,10.0000
sub-002,ses-01,Cz,29,2,2,2,15.5261,8.5601,10.3137,2.8395,0.0000,4.5381,5.2553,5.1960,4.2196,5.3511,37.0865,11.0000
sub-002,ses-01,Cz,30,4,2,2,16.1903,6.5092,10.8599,3.8660,0.0000,4.7957,5.3537,5.2609,7.5732,5.4678,44.1495,1.0000
sub-002,ses-01,Cz,31,2,2,2,3.3653,2.7528,10.8013,4.6652,0.0000,3.4867,5.6004,5.5830,7.1074,6.8335,31.1877,11.0000
sub-002,ses-01,C4,0,2,2,2,3.9774,3.3667,15.8023,4.4248,0.0000,4.2259,5.7310,5.6876,7.0520,4.2193,44.4082,10.0000
sub-002,ses-01,C4,1,2,2,2,16.9856,3.5923,7.0689,1.5957,0.0000,3.3830,5.0229,4.9668,4.6148,5.3906,42.0058,1.0000
sub-002,ses-01,C4,2,2,2,2,18.9330,4.6335,11.4680,2.9912,0.0000,4.6967,5.6439,5.5371,8.8319,5.6800,56.6206,1.0000
sub-002,ses-01,C4,3,2,2,0,15.7969,5.5986,7.7972,4.3020,0.0000,4.3789,5.5344,5.4155,5.4377,5.0593,53.8296,1.0000
sub-002,ses-01,C4,4,2,4,2,3.3572,10.3957,18.0102,2.7908,0.0000,4.6361,5.4184,5.3507,4.7906,5.8144,38.0350,6.0000
sub-002,ses-01,C4,5,2,4,2,10.5566,4.9797,10.1834,5.4746,0.0000,4.5213,6.2599,6.2219,5.5537,7.1206,28.2937,21.0000
sub-002,ses-01,C4,6,2,2,2,4.0062,2.5601,4.7330,3.8211,0.0000,2.4265,5.2435,5.2465,8.9975,5.8849,11.1092,11.0000
sub-002,ses-01,C4,7,2,2,2,10.8958,8.5233,13.5521,3.9470,0.0000,4.8907,5.8592,5.7871,5.0578,4.4124,54.3043,11.0000
sub-002,ses-01,C4,8,2,2,0,7.3059,6.9438,7.0950,1.7629,0.0000,2.8485,5.2672,5.2732,5.9562,5.3351,19.4913,11.0000
sub-002,ses-01,C4,9,2,2,0,18.8015,7.3644,12.6907,5.1471,0.0000,5.7609,5.8736,5.7462,6.4563,5.0659,57.8192,1.0000
sub-002,ses-01,C4,10,2,2,0,11.1063,5.2335,4.1932,3.3808,0.0000,3.1272,5.6835,5.6762,4.1110,7.3374,31.4114,1.0000
sub-002,ses-01,C4,11,4,2,0,9.8703,4.3281,10.4579,2.7566,0.0000,3.6134,5.5158,5.4570,4.7153,5.3699,37.5794,1.0000
sub-002,ses-01,C4,12,4,2,0,7.1175,3.9427,10.4869,3.7647,0.0000,3.6303,4.7998,4.7620,5.0550,5.3717,22.0277,8.0000
sub-002,ses-01,C4,13,2,2,0,13.5541,5.5212,12.0217,4.2696,0.0000,4.7427,5.5539,5.5038,4.5619,6.2909,26.6537,14.0000
sub-002,ses-01,C4,14,4,2,0,6.7928,2.4797,11.1539,3.2771,0.0000,3.4097,4.9805,4.9384,4.2160,4.4979,33.8726,10.0000
sub-002,ses-01,C4,15,4,2,0,6.1905,3.8330,10.1522,4.4253,0.0000,3.6869,5.9363,5.9179,3.4012,5.9151,21.6566,10.0000
sub-002,ses-01,C4,16,2,2,0,5.3464,3.8509,3.6211,5.2268,0.0000,2.9410,5.5652,5.5631,4.2735,5.5182,27.8739,14.0000
sub-002,ses-01,C4,17,4,2,0,6.4003,6.7655,7.3961,3.6871,0.0000,3.3715,5.2557,5.2351,6.4231,4.3891,14.7867,10.0000
sub-002,ses-01,C4,18,2,2,0,7.3927,9.4040,7.8416,4.8650,0.0000,4.1275,5.6200,5.5847,3.2228,4.2696,19.3873,11.0000
sub-002,ses-01,C4,19,4,2,0,6.2852,7.8216,10.2335,4.9311,0.0000,4.2310,5.8942,5.8621,5.1804,8.3326,23.6248,11.0000
sub-002,ses-01,C4,20,2,2,0,18.6554,4.9318,14.6919,3.8611,0.0000,5.4115,6.7518,6.6630,5.6439,7.0087,70.0847,1.0000
sub-002,ses-01,C4,21,2,2,0,4.0594,6.6543,13.3454,3.7244,0.0000,3.9848,6.2250,6.2013,6.3654,6.6433,40.0141,10.0000
sub-002,ses-01,C4,22,2,4,0,6.4541,4.6102,5.8216,3.2739,0.0000,2.8313,5.2857,5.2749,5.5825,4.7404,19.4591,1.0000
sub-002,ses-01,C4,23,2,4,0,4.4234,3.2130,9.2952,2.1642,0.0000,2.6617,5.3536,5.3646,12.3442,5.8656,26.1787,11.0000
sub-002,ses-01,C4,24,2,4,0,2.2354,1.5961,10.6744,3.7504,0.0000,2.9797,5.3776,5.3839,2.4418,5.8115,25.0482,11.0000
sub-002,ses-01,C4,25,4,2,0,6.0332,2.6018,15.9647,3.5010,0.0000,4.0893,5.9814,5.9314,4.8068,5.8581,53.7524,10.0000
sub-002,ses-01,C4,26,4,2,0,9.9400,4.4454,9.4306,3.6108,0.0000,3.7457,5.3619,5.3173,7.5376,4.9673,48.5201,10.0000
sub-002,ses-01,C4,27,2,2,2,2.1781,9.9479,8.0262,3.8143,0.0000,3.4011,6.1349,6.1318,11.2371,5.7934,29.6181,5.0000
sub-002,ses-01,C4,28,2,2,0,8.7326,6.9939,6.2636,4.5899,0.0000,3.7246,6.1169,6.1025,5.7225,6.7097,24.5354,18.0000
sub-002,ses-01,C4,29,2,2,2,14.5771,8.9131,6.2066,5.9084,0.0000,4.8375,5.6896,5.6248,5.9179,5.9014,47.6677,1.0000
sub-002,ses-01,C4,30,4,2,2,17.4050,3.3632,13.6398,4.0001,0.0000,5.0445,5.8552,5.7467,5.3756,5.8584,54.1116,1.0000
sub-002,ses-01,C4,31,2,2,2,7.6529,6.0947,8.3654,4.7234,0.0000,3.8741,5.4622,5.4265,7.0361,5.1810,21.5586,11.0000
sub-002,ses-01,CP4,0,2,2,2,8.0536,5.6940,14.4569,4.5300,0.0000,4.6656,5.8611,5.8119,9.9971,5.5532,44.0960,10.0000
sub-002,ses-01,CP4,1,2,2,2,7.9382,1.4875,7.8384,2.0696,0.0000,2.5962,5.0592,5.0653,5.4328,4.6027,24.2941,11.0000
sub-002,ses-01,CP4,2,2,2,2,7.7638,4.7914,11.9124,2.8930,0.0000,3.7047,6.3365,6.3452,12.9903,8.3060,23.1000,12.0000
sub-002,ses-01,CP4,3,2,2,0,9.7772,4.3552,7.6785,3.5562,0.0000,3.4612,5.0317,5.0174,5.6534,5.2030,19.7386,1.0000
sub-002,ses-01,CP4,4,2,4,2,8.0522,9.8643,14.7435,3.3736,0.0000,4.7438,5.1306,5.0511,4.7948,4.8935,32.5400,6.0000
sub-002,ses-01,CP4,5,2,4,2,19.5463,5.6265,10.6121,5.1073,0.0000,5.3665,6.7174,6.6471,7.1244,5.6107,48.5680,1.0000
sub-002,ses-01,CP4,6,2,2,2,10.9366,4.5280,4.6132,2.3468,0.0000,2.7918,5.6405,5.6493,8.4336,5.7189,37.7637,1.0000
sub-002,ses-01,CP4,7,2,2,2,24.9733,7.6633,13.9942,5.4104,0.0000,6.6243,6.1937,6.0374,4.2029,4.5560,78.9793,1.0000
sub-002,ses-01,CP4,8,2,2,0,4.1030,8.7603,9.2241,3.2168,0.0000,3.4562,5.8064,5.8023,4.8607,5.7754,23.0944,6.0000
sub-002,ses-01,CP4,9,2,2,0,7.4685,7.7981,12.2119,5.2822,0.0000,4.7211,5.3236,5.2612,5.3845,5.4924,41.8144,11.0000
sub-002,ses-01,CP4,10,2,2,0,10.2616,3.5201,7.3089,3.1794,0.0000,3.2631,5.6536,5.6505,3.7207,7.6288,25.5034,1.0000
sub-002,ses-01,CP4,11,4,2,0,12.5303,5.6952,10.9563,3.0506,0.0000,4.1465,5.7166,5.6729,2.7996,5.9469,46.5776,1.0000
sub-002,ses-01,CP4,12,4,2,0,5.4277,5.3050,8.9071,4.0904,0.0000,3.4779,4.4916,4.4621,5.1260,4.6064,18.0050,22.0000
sub-002,ses-01,CP4,13,2,2,0,16.9681,5.8974,7.7847,2.2754,0.0000,3.9012,5.3266,5.3031,3.4662,4.6300,34.7029,1.0000
sub-002,ses-01,CP4,14,4,2,0,6.2306,3.2718,6.5251,3.2211,0.0000,2.7683,5.3363,5.3376,3.2361,4.9076,18.2826,10.0000
sub-002,ses-01,CP4,15,4,2,0,1.7986,3.9081,8.0563,4.1278,0.0000,2.9029,5.7717,5.7799,3.0957,5.6690,20.3366,10.0000
sub-002,ses-01,CP4,16,2,2,0,12.5802,2.1784,4.0223,5.3185,0.0000,3.5421,5.0108,4.9565,4.5692,5.6194,30.9920,1.0000
sub-002,ses-01,CP4,17,4,2,0,6.4220,3.9929,4.2804,3.5036,0.0000,2.6253,5.3609,5.3716,6.1322,4.5025,15.0725,16.0000
sub-002,ses-01,CP4,18,2,2,0,17.1904,8.8713,7.2080,5.0440,0.0000,4.9550,5.2601,5.1678,4.1061,4.0684,45.6513,1.0000
sub-002,ses-01,CP4,19,4,2,0,9.0183,7.3781,10.9735,3.9932,0.0000,4.2637,5.7962,5.7632,4.6354,8.6920,27.4752,11.0000
sub-002,ses-01,CP4,20,2,2,0,11.3763,5.7226,11.5997,3.6419,0.0000,4.3102,6.0746,5.9872,5.3469,6.5177,32.9467,1.0000
sub-002,ses-01,CP4,21,2,2,0,5.3744,3.4402,20.7661,6.6588,0.0000,5.7307,6.0472,5.9271,5.2549,6.3300,43.9802,10.0000
sub-002,ses-01,CP4,22,2,4,0,20.1499,4.7470,5.4011,2.8200,0.0000,3.9222,5.6473,5.6017,5.1982,6.1821,71.5430,1.0000
sub-002,ses-01,CP4,23,2,4,0,7.3273,4.0214,10.7169,3.1526,0.0000,3.5042,5.6655,5.6551,9.5328,6.9899,25.3422,11.0000
sub-002,ses-01,CP4,24,2,4,0,4.1485,4.2573,10.6194,2.3091,0.0000,2.9618,5.1885,5.1868,3.5556,4.7791,21.0610,11.0000
sub-002,ses-01,CP4,25,4,2,0,19.0583,4.1339,14.8465,2.8191,0.0000,5.0813,6.0076,5.8906,3.5391,7.1304,53.3253,1.0000
sub-002,ses-01,CP4,26,4,2,0,6.8540,4.1981,10.0734,4.0807,0.0000,3.6674,5.7855,5.7659,7.9458,6.8657,46.5302,10.0000
sub-002,ses-01,CP4,27,2,2,2,3.1374,5.5471,4.5605,3.0857,0.0000,2.3771,5.9638,5.9988,8.2496,5.7176,16.2942,5.0000
sub-002,ses-01,CP4,28,2,2,0,8.5280,4.6237,8.9554,5.3822,0.0000,4.1002,5.8798,5.8434,7.5644,6.7119,18.5674,19.0000
sub-002,ses-01,CP4,29,2,2,2,7.5815,8.8809,4.1314,5.0937,0.0000,3.6478,5.8467,5.8332,5.8364,6.6508,25.8780,5.0000
sub-002,ses-01,CP4,30,4,2,2,12.1049,1.9503,10.5560,3.8014,0.0000,3.9297,5.1247,5.1082,5.3237,6.2186,30.1412,13.0000
sub-002,ses-01,CP4,31,2,2,2,3.9001,2.8549,9.9437,4.8048,0.0000,3.4685,5.5770,5.5424,5.8638,4.8617,35.2964,11.0000
sub-002,ses-01,O2,0,2,2,2,9.0224,4.0660,9.5895,4.6846,0.0000,3.9719,5.5174,5.4692,3.8744,5.2634,33.7808,10.0000
sub-002,ses-01,O2,1,2,2,2,18.8109,6.4465,6.1305,5.8081,0.0000,4.9609,5.3053,5.2202,4.4710,5.0182,52.8849,1.0000
sub-002,ses-01,O2,2,2,2,2,15.2430,2.5358,7.2358,2.8628,0.0000,3.5290,6.0057,5.9863,4.6751,5.6499,43.9723,1.0000
sub-002,ses-01,O2,3,2,2,0,17.0384,3.4841,2.9309,4.3517,0.0000,3.6336,4.9312,4.8470,6.1262,4.5580,58.6314,1.0000
sub-002,ses-01,O2,4,2,4,2,11.7521,5.8105,10.1173,4.8145,0.0000,4.5010,11.3254,11.3780,4.4653,8.2656,30.6999,13.0000
sub-002,ses-01,O2,5,2,4,2,10.8334,2.6403,9.6217,2.2270,0.0000,3.2692,5.8010,5.7992,6.5552,5.7392,20.2315,3.0000
sub-002,ses-01,O2,6,2,2,2,6.4117,6.3811,5.8989,5.8702,0.0000,3.7878,5.9760,5.9586,8.5884,5.6837,15.9466,19.0000
sub-002,ses-01,O2,7,2,2,2,35.7667,23.1795,23.8276,9.2213,0.0000,11.5960,15.2106,15.0769,21.6804,14.4524,52.1919,1.0000
sub-002,ses-01,O2,8,2,2,0,4.2298,2.6293,7.0203,3.7806,0.0000,2.7606,5.6129,5.6230,5.5853,5.9992,17.0344,12.0000
sub-002,ses-01,O2,9,2,2,0,22.3518,11.8142,5.7990,5.0471,0.0000,5.5133,5.8790,5.8016,5.1153,6.6049,56.0565,1.0000
sub-002,ses-01,O2,10,2,2,0,18.1118,8.9365,6.0241,2.3930,0.0000,4.0802,5.4771,5.4223,7.9344,5.2773,42.0746,1.0000
sub-002,ses-01,O2,11,4,2,0,16.7014,7.6780,13.7975,5.4191,0.0000,5.8314,7.1796,7.0568,8.9761,5.9624,44.7702,1.0000
sub-002,ses-01,O2,12,4,2,0,9.9668,4.5769,8.3683,3.7162,0.0000,3.6441,5.5431,5.5197,5.9802,5.1139,26.3988,1.0000
sub-002,ses-01,O2,13,2,2,0,4.6550,3.0261,4.5609,3.1839,0.0000,2.3135,5.0749,5.0924,4.7425,4.8326,14.0115,14.0000
sub-002,ses-01,O2,14,4,2,0,9.9432,10.5754,5.3268,3.1983,0.0000,3.6189,5.9395,5.9426,3.6289,5.3493,20.0519,4.0000
sub-002,ses-01,O2,15,4,2,0,10.3854,2.7305,9.8541,5.3899,0.0000,4.2246,5.4104,5.3513,3.8007,4.8906,39.0407,1.0000
sub-002,ses-01,O2,16,2,2,0,2.6666,1.9091,8.8689,4.0031,0.0000,2.8734,5.5783,5.5928,4.1417,4.5726,13.3353,13.0000
sub-002,ses-01,O2,17,4,2,0,11.4858,4.9371,4.3311,4.8260,0.0000,3.5911,5.2139,5.1969,3.0630,5.9030,32.3907,1.0000
sub-002,ses-01,O2,18,2,2,0,12.1828,7.4542,7.1067,4.0000,0.0000,4.0276,5.0191,4.9787,6.1033,5.2497,26.3762,1.0000
sub-002,ses-01,O2,19,4,2,0,9.1736,4.9043,11.1526,6.4082,0.0000,4.8031,6.2205,6.1728,7.0627,8.0967,23.1813,1.0000
sub-002,ses-01,O2,20,2,2,0,39.1154,24.6185,16.1014,18.0577,0.0000,13.6348,21.0382,21.0059,26.9834,21.1839,52.8862,15.0000
sub-002,ses-01,O2,21,2,2,0,3.9630,7.2286,8.0495,6.5762,0.0000,4.1524,5.0671,4.9874,5.6009,4.1240,21.0354,18.0000
sub-002,ses-01,O2,22,2,4,0,21.4696,3.8187,6.0205,3.8654,0.0000,4.3611,5.5156,5.3851,4.8985,6.2443,74.8660,1.0000
sub-002,ses-01,O2,23,2,4,0,7.6656,4.8247,6.2868,3.4706,0.0000,3.0884,5.7019,5.6872,7.4933,6.6731,17.7072,1.0000
sub-002,ses-01,O2,24,2,4,0,8.2145,3.3016,5.8885,4.3321,0.0000,3.2026,5.2211,5.2116,5.6200,5.6557,22.1178,1.0000
sub-002,ses-01,O2,25,4,2,0,25.5096,11.5705,4.6073,7.3376,0.0000,6.3105,5.9191,5.7709,4.3694,6.6212,67.4173,1.0000
sub-002,ses-01,O2,26,4,2,0,6.2266,6.2485,5.2974,4.2424,0.0000,3.1822,5.6135,5.6185,4.9720,5.9668,13.2942,4.0000
sub-002,ses-01,O2,27,2,2,2,6.5051,3.9711,13.5534,2.7166,0.0000,3.6870,5.9792,5.9472,8.2477,6.5106,39.9824,11.0000
sub-002,ses-01,O2,28,2,2,0,12.9879,2.7083,3.8569,3.0395,0.0000,2.9172,6.3175,6.3385,7.6908,6.5353,33.9726,1.0000
sub-002,ses-01,O2,29,2,2,2,16.9864,3.0119,9.1298,3.4568,0.0000,4.1793,5.5939,5.5021,8.6972,5.7477,57.0002,1.0000
sub-002,ses-01,O2,30,4,2,2,17.5342,1.5921,3.3499,4.8002,0.0000,3.6978,5.0191,4.9642,3.9862,5.1550,45.1884,1.0000
sub-002,ses-01,O2,31,2,2,2,5.0825,5.9299,7.3032,4.5840,0.0000,3.4293,5.1791,5.1537,4.6726,4.5037,28.4833,17.0000
sub-002,ses-02,Fp1,0,4,2,0,20.7018,1.8350,7.8234,3.1555,0.0000,4.1421,6.1869,6.1374,8.2419,5.4845,39.4635,2.0000
sub-002,ses-02,Fp1,1,2,2,2,10.3802,2.7084,8.4837,3.0133,0.0000,3.3123,5.9761,5.9738,4.9968,6.1650,33.0415,1.0000
sub-002,ses-02,Fp1,2,2,2,0,4.4115,7.7372,10.5207,4.6713,0.0000,4.0104,5.2943,5.2598,4.5446,5.2205,36.0739,10.0000
sub-002,ses-02,Fp1,3,2,4,2,5.2440,7.3194,17.2750,3.4391,0.0000,4.6189,5.8791,5.8180,8.1219,6.4414,43.3814,11.0000
sub-002,ses-02,Fp1,4,4,2,2,16.7639,4.5909,8.4673,3.4663,0.0000,4.2159,6.3091,6.2302,7.1986,6.0959,62.3117,1.0000
sub-002,ses-02,Fp1,5,2,4,2,16.0182,7.2927,11.3274,4.1456,0.0000,5.0023,6.6816,6.6345,8.5791,5.3750,42.1996,1.0000
sub-002,ses-02,Fp1,6,2,2,2,15.4791,12.5610,15.0638,4.7138,0.0000,6.1354,5.6436,5.5197,4.9503,4.8646,43.2844,1.0000
sub-002,ses-02,Fp1,7,2,2,2,12.8669,8.1957,9.6876,4.7749,0.0000,4.7546,5.3614,5.2876,3.9687,6.0673,42.0228,1.0000
sub-002,ses-02,Fp1,8,2,2,2,6.4747,3.7596,10.2106,4.4146,0.0000,3.7114,5.0519,5.0145,5.6838,4.8841,29.3952,11.0000
sub-002,ses-02,Fp1,9,2,2,0,3.9229,4.7443,16.4163,3.7726,0.0000,4.2375,6.5614,6.5324,7.8289,6.2673,53.8792,10.0000
sub-002,ses-02,Fp1,10,2,2,2,25.1339,7.5390,7.3981,5.8637,0.0000,5.8444,6.0301,5.9216,5.5659,5.9109,59.1298,1.0000
sub-002,ses-02,Fp1,11,4,2,2,7.2936,7.5154,10.9118,5.2584,0.0000,4.4899,5.3088,5.2479,4.9203,5.3638,28.2360,11.0000
sub-002,ses-02,Fp1,12,4,2,2,19.3678,5.2150,9.4592,4.2348,0.0000,4.8870,6.4869,6.3906,12.0822,5.9426,53.6871,1.0000
sub-002,ses-02,Fp1,13,2,2,2,12.4546,4.3135,14.6863,3.2454,0.0000,4.5902,5.8118,5.7544,8.2052,5.5148,49.8918,10.0000
sub-002,ses-02,Fp1,14,4,2,2,9.1160,3.6492,8.8295,6.1061,0.0000,4.2655,5.5221,5.4646,5.3040,7.0902,22.3602,11.0000
sub-002,ses-02,Fp1,15,2,2,2,3.3839,3.5367,11.6354,3.4380,0.0000,3.3067,5.8046,5.8038,4.6554,5.4238,39.0317,11.0000
sub-002,ses-02,Fp1,16,2,2,2,8.7054,5.6926,9.9417,3.6126,0.0000,3.8188,5.8711,5.8627,6.8072,6.7187,19.8859,11.0000
sub-002,ses-02,Fp1,17,4,2,2,13.4268,2.0665,14.3629,3.6221,0.0000,4.5404,5.9704,5.8992,5.5998,4.6092,45.7137,1.0000
sub-002,ses-02,Fp1,18,4,2,2,2.1404,1.6677,9.4924,5.2342,0.0000,3.2612,4.8091,4.7827,7.3984,5.9443,22.2136,11.0000
sub-002,ses-02,Fp1,19,2,2,2,10.2680,4.6268,10.3943,4.7595,0.0000,4.2748,5.4736,5.4251,4.8219,5.8767,27.8880,1.0000
sub-002,ses-02,Fp1,20,2,2,2,7.9484,4.7788,12.1897,2.6974,0.0000,3.7003,5.0470,5.0125,2.2065,4.4041,36.8917,10.0000
sub-002,ses-02,Fp1,21,4,2,2,19.7292,11.5110,7.1037,4.2959,0.0000,5.1961,5.8959,5.8247,6.4620,5.3077,47.8262,1.0000
sub-002,ses-02,C3,0,4,2,0,3.3992,9.5208,9.9618,5.8836,0.0000,4.3707,5.2781,5.2062,6.4676,5.7817,24.6384,11.0000
sub-002,ses-02,C3,1,2,2,2,4.1337,5.5502,15.4450,3.1025,0.0000,3.9939,5.5785,5.5431,5.9463,7.3553,39.8963,10.0000
sub-002,ses-02,C3,2,2,2,0,5.5369,2.3838,8.1183,3.6880,0.0000,2.9846,5.9080,5.9007,6.6888,7.6208,21.3111,10.0000
sub-002,ses-02,C3,3,2,4,2,9.0605,4.0876,18.4499,4.7922,0.0000,5.2463,6.2102,6.1373,7.0029,6.0732,44.9564,10.0000
sub-002,ses-02,C3,4,4,2,2,9.3813,8.9118,5.6645,4.1515,0.0000,3.7472,5.9520,5.9274,8.2388,5.5644,21.1935,11.0000
sub-002,ses-02,C3,5,2,4,2,5.1889,4.2419,11.1746,4.9702,0.0000,3.9391,5.5395,5.5027,5.0424,5.1501,37.8741,10.0000
sub-002,ses-02,C3,6,2,2,2,3.8720,3.7647,8.0097,2.8525,0.0000,2.6904,5.3142,5.3186,2.6808,4.1546,26.0018,10.0000
sub-002,ses-02,C3,7,2,2,2,8.8498,2.2829,5.6165,3.1628,0.0000,2.7755,5.5534,5.5664,6.7277,4.0880,19.0700,2.0000
sub-002,ses-02,C3,8,2,2,2,16.4133,5.5021,15.6947,5.7589,0.0000,5.9697,5.4314,5.2716,6.2668,5.1311,52.8040,1.0000
sub-002,ses-02,C3,9,2,2,0,5.9810,2.2370,18.1134,6.8597,0.0000,5.3658,5.7924,5.7044,4.1912,5.4917,47.1938,11.0000
sub-002,ses-02,C3,10,2,2,2,11.5308,3.7935,8.5982,4.8109,0.0000,4.0797,6.3019,6.2698,7.5920,5.6736,30.3644,11.0000
sub-002,ses-02,C3,11,4,2,2,14.8182,1.0182,9.0483,1.5802,0.0000,3.2135,4.8807,4.7925,5.4723,4.7730,50.7453,1.0000
sub-002,ses-02,C3,12,4,2,2,7.1905,8.2760,7.1850,4.6054,0.0000,3.8336,6.5469,6.5400,8.7106,5.9174,28.7192,21.0000
sub-002,ses-02,C3,13,2,2,2,7.5817,6.1161,14.7578,2.1218,0.0000,3.9749,5.4200,5.3785,7.8753,5.3378,54.5947,10.0000
sub-002,ses-02,C3,14,4,2,2,11.9162,4.0402,5.0034,3.8188,0.0000,3.3370,5.8639,5.8619,7.2607,4.3055,28.0500,1.0000
sub-002,ses-02,C3,15,2,2,2,2.8437,2.5011,20.5123,4.9134,0.0000,4.8448,6.1190,6.0739,3.5159,8.3095,44.4648,11.0000
sub-002,ses-02,C3,16,2,2,2,7.3499,4.5792,9.6549,3.4947,0.0000,3.5134,5.8885,5.8759,7.5586,5.6256,21.6701,1.0000
sub-002,ses-02,C3,17,4,2,2,6.6189,1.9548,9.2544,4.4440,0.0000,3.4324,5.5358,5.5154,4.3936,6.3359,21.7369,21.0000
sub-002,ses-02,C3,18,4,2,2,7.1948,8.1193,15.5721,5.5618,0.0000,5.2789,6.0596,5.9894,7.9732,6.6114,35.4018,11.0000
sub-002,ses-02,C3,19,2,2,2,3.1017,3.4469,9.6136,5.5170,0.0000,3.6185,5.1908,5.1716,5.7083,3.9143,18.6087,11.0000
sub-002,ses-02,C3,20,2,2,2,13.6777,7.6962,11.5592,3.5110,0.0000,4.6627,5.7006,5.6120,3.5238,6.3083,32.8319,1.0000
sub-002,ses-02,C3,21,4,2,2,12.0878,3.9605,10.5159,5.6906,0.0000,4.6806,5.8373,5.7741,6.2067,4.7861,44.2979,1.0000
sub-002,ses-02,CP3,0,4,2,0,11.4717,5.8312,11.1168,4.1528,0.0000,4.4162,5.6290,5.5443,6.5440,5.4498,34.5915,11.0000
sub-002,ses-02,CP3,1,2,2,2,1.3705,3.1997,13.6316,3.2136,0.0000,3.2988,5.3789,5.3493,5.7685,6.4530,32.8174,10.0000
sub-002,ses-02,CP3,2,2,2,0,2.9110,2.2186,7.1622,2.1524,0.0000,2.1273,5.3367,5.3692,4.1103,5.7987,20.9854,11.0000
sub-002,ses-02,CP3,3,2,4,2,16.2173,7.3816,19.3821,5.0351,0.0000,6.4220,5.6230,5.4879,5.8543,5.0116,45.5651,11.0000
sub-002,ses-02,CP3,4,4,2,2,19.1173,3.6027,4.5578,3.4820,0.0000,3.8022,5.8466,5.7732,6.9804,6.6354,60.9000,1.0000
sub-002,ses-02,CP3,5,2,4,2,3.5259,4.8034,10.6278,6.2855,0.0000,4.1580,6.1296,6.0807,4.5781,5.2796,34.9318,10.0000
sub-002,ses-02,CP3,6,2,2,2,16.0112,3.2957,7.1091,4.3194,0.0000,4.0938,4.6754,4.5783,3.2697,4.2742,48.1698,1.0000
sub-002,ses-02,CP3,7,2,2,2,18.7210,6.1525,9.1227,6.2564,0.0000,5.4782,5.4343,5.3199,5.4768,4.1567,54.1038,1.0000
sub-002,ses-02,CP3,8,2,2,2,13.4111,4.7074,14.0360,6.2408,0.0000,5.5307,6.2015,6.1473,4.9740,6.1385,34.2165,1.0000
sub-002,ses-02,CP3,9,2,2,0,5.8196,3.5316,14.9212,5.2774,0.0000,4.5474,6.1513,6.1025,3.0788,6.1014,36.3332,11.0000
sub-002,ses-02,CP3,10,2,2,2,13.0834,4.4106,13.1141,4.6693,0.0000,4.8689,5.4507,5.3916,5.7747,4.7026,39.8449,1.0000
sub-002,ses-02,CP3,11,4,2,2,6.2823,7.7521,9.4173,3.4602,0.0000,3.6657,6.1106,6.0895,10.1387,5.2140,25.4880,11.0000
sub-002,ses-02,CP3,12,4,2,2,3.5082,3.4264,6.3938,4.6800,0.0000,2.9521,5.4717,5.4801,6.3312,4.9701,23.6383,11.0000
sub-002,ses-02,CP3,13,2,2,2,3.5214,3.4602,14.8621,2.9427,0.0000,3.6129,5.5777,5.5417,5.3279,4.4573,29.9542,10.0000
sub-002,ses-02,CP3,14,4,2,2,8.0114,6.6014,4.3650,2.4959,0.0000,2.7230,5.0544,5.0630,6.6481,5.0709,15.9025,19.0000
sub-002,ses-02,CP3,15,2,2,2,5.0199,2.5540,21.4796,7.3985,0.0000,5.9385,6.2007,6.1083,4.8994,6.1756,70.3021,11.0000
sub-002,ses-02,CP3,16,2,2,2,3.5741,2.7530,10.5760,6.2984,0.0000,3.9685,5.5471,5.5016,5.4203,3.8985,21.9976,16.0000
sub-002,ses-02,CP3,17,4,2,2,5.5079,3.8191,7.8135,4.9773,0.0000,3.4626,5.1657,5.1415,3.9995,4.9311,20.9040,11.0000
sub-002,ses-02,CP3,18,4,2,2,11.2944,3.9399,11.8022,3.9994,0.0000,4.2731,5.9162,5.8524,7.6549,6.5335,41.3704,1.0000
sub-002,ses-02,CP3,19,2,2,2,11.1095,2.0024,12.4187,4.8437,0.0000,4.4169,5.3632,5.3007,5.4784,4.9795,32.9242,1.0000
sub-002,ses-02,CP3,20,2,2,2,20.3617,4.8302,9.7515,8.7332,0.0000,6.3444,5.9106,5.7849,4.0731,6.8536,58.3480,1.0000
sub-002,ses-02,CP3,21,4,2,2,10.0800,3.5023,14.1481,4.8472,0.0000,4.7030,5.5242,5.4547,5.0285,5.2242,60.0170,11.0000
sub-002,ses-02,O1,0,4,2,0,8.9900,4.9506,13.1439,3.9891,0.0000,4.3369,6.0618,6.0070,5.4512,7.4291,44.6106,11.0000
sub-002,ses-02,O1,1,2,2,2,3.9590,2.6675,10.6177,2.3277,0.0000,2.8017,5.4365,5.4299,6.1570,5.2976,38.5297,10.0000
sub-002,ses-02,O1,2,2,2,0,2.4619,4.7409,9.1107,5.2846,0.0000,3.5390,5.2006,5.1878,6.9955,5.2421,19.8974,10.0000
sub-002,ses-02,O1,3,2,4,2,26.7031,3.4308,13.7777,4.2308,0.0000,6.0047,7.2790,7.1183,7.0636,9.0647,73.4599,1.0000
sub-002,ses-02,O1,4,4,2,2,21.0529,12.1997,7.1982,4.2405,0.0000,5.3797,5.3875,5.2253,8.8399,4.7138,65.5967,1.0000
sub-002,ses-02,O1,5,2,4,2,9.3649,4.5790,9.4374,4.6748,0.0000,4.0273,5.8621,5.8142,4.3606,6.9150,29.3411,1.0000
sub-002,ses-02,O1,6,2,2,2,18.5916,2.2027,8.5505,4.1765,0.0000,4.3901,5.2961,5.2481,4.6724,4.1666,58.5927,1.0000
sub-002,ses-02,O1,7,2,2,2,13.2962,2.5950,4.4062,3.5645,0.0000,3.1707,5.7552,5.7476,6.8826,6.4716,37.0975,1.0000
sub-002,ses-02,O1,8,2,2,2,10.3814,8.7807,9.3796,5.1307,0.0000,4.6424,5.3368,5.2476,4.6223,6.1957,23.3084,11.0000
sub-002,ses-02,O1,9,2,2,0,20.9643,4.0253,9.7685,4.7894,0.0000,5.1356,6.3191,6.1905,3.4987,7.8546,72.7841,1.0000
sub-002,ses-02,O1,10,2,2,2,20.2675,5.5315,10.4039,5.6755,0.0000,5.5675,6.2944,6.1528,10.3701,6.2866,67.1404,1.0000
sub-002,ses-02,O1,11,4,2,2,14.3633,2.0273,9.2844,3.8815,0.0000,3.9937,5.2580,5.1924,8.8568,4.1508,46.3714,1.0000
sub-002,ses-02,O1,12,4,2,2,20.5831,2.7894,15.2833,3.3233,0.0000,5.3115,5.1150,4.9594,4.8029,5.6280,43.7693,1.0000
sub-002,ses-02,O1,13,2,2,2,1.5120,6.4181,9.5698,3.3667,0.0000,3.0908,5.2711,5.2560,6.6965,4.3732,24.7631,11.0000
sub-002,ses-02,O1,14,4,2,2,13.1268,4.9563,13.2328,2.3490,0.0000,4.2387,5.8033,5.7562,7.4267,5.5404,39.0783,1.0000
sub-002,ses-02,O1,15,2,2,2,3.2880,6.7602,4.1681,5.9004,0.0000,3.3002,5.4437,5.4265,5.2918,4.2387,16.9084,17.0000
sub-002,ses-02,O1,16,2,2,2,18.1972,4.5042,8.3864,5.5866,0.0000,4.9709,5.2377,5.1520,6.3465,5.2687,45.5592,1.0000
sub-002,ses-02,O1,17,4,2,2,20.5929,9.3287,12.8333,5.4379,0.0000,6.2181,5.1829,5.0668,5.7487,5.9102,45.1920,1.0000
sub-002,ses-02,O1,18,4,2,2,28.5057,1.8358,4.9424,6.1152,0.0000,5.3609,5.7757,5.6069,4.3175,4.5932,74.3052,1.0000
sub-002,ses-02,O1,19,2,2,2,22.1001,3.8180,5.7469,5.7972,0.0000,4.9655,6.2569,6.1459,6.4437,4.6565,62.5152,1.0000
sub-002,ses-02,O1,20,2,2,2,28.2839,4.4744,16.5852,3.0803,0.0000,6.2927,5.2458,5.0917,3.6491,5.5452,66.3729,1.0000
sub-002,ses-02,O1,21,4,2,2,19.4817,6.0744,5.1836,3.8535,0.0000,4.2656,5.6558,5.5796,7.9272,4.6232,65.2083,1.0000
sub-002,ses-02,Pz,0,4,2,0,1.7693,4.8799,5.4067,2.2812,0.0000,2.0626,5.5509,5.5910,6.1133,6.0046,17.2770,8.0000
sub-002,ses-02,Pz,1,2,2,2,4.6080,6.4339,9.1133,5.5562,0.0000,3.9786,5.8231,5.7853,5.3403,5.4259,30.4447,10.0000
sub-002,ses-02,Pz,2,2,2,0,11.0640,7.4553,6.0334,3.3396,0.0000,3.5742,5.4788,5.4616,5.8351,4.8428,30.6550,1.0000
sub-002,ses-02,Pz,3,2,4,2,12.3004,4.1856,8.8803,4.8276,0.0000,4.2322,5.6823,5.6163,5.4202,5.4980,30.6154,1.0000
sub-002,ses-02,Pz,4,4,2,2,11.9836,4.0514,7.0652,3.7215,0.0000,3.6026,5.5739,5.5274,4.7512,5.1648,30.1341,1.0000
sub-002,ses-02,Pz,5,2,4,2,9.2984,6.6454,9.5694,4.5489,0.0000,4.1937,5.5967,5.5488,7.8140,5.8641,22.8046,17.0000
sub-002,ses-02,Pz,6,2,2,2,8.9964,4.3076,8.3429,4.9440,0.0000,3.8964,5.2469,5.2170,3.5077,5.9336,25.2718,14.0000
sub-002,ses-02,Pz,7,2,2,2,6.7051,10.0416,12.7232,3.6711,0.0000,4.4430,5.4222,5.3654,6.1914,6.1437,46.4104,11.0000
sub-002,ses-02,Pz,8,2,2,2,6.4830,3.9922,8.3106,3.6289,0.0000,3.2312,5.1293,5.1134,5.5149,5.2197,21.4870,11.0000
sub-002,ses-02,Pz,9,2,2,0,11.9252,4.6773,10.9272,5.6691,0.0000,4.7831,5.5321,5.4618,2.9606,4.6492,34.0153,10.0000
sub-002,ses-02,Pz,10,2,2,2,8.7405,2.2525,11.6306,4.4207,0.0000,3.9820,4.9722,4.9244,5.4099,6.4083,33.1080,11.0000
sub-002,ses-02,Pz,11,4,2,2,15.9382,7.8864,11.1087,2.4256,0.0000,4.4996,5.8114,5.7282,9.6392,4.7627,59.5763,1.0000
sub-002,ses-02,Pz,12,4,2,2,3.6016,4.7767,11.1564,2.4370,0.0000,3.0729,5.4992,5.4976,5.3894,7.0223,30.0231,11.0000
sub-002,ses-02,Pz,13,2,2,2,8.2533,8.5773,8.9146,3.8645,0.0000,3.9779,5.5365,5.4738,4.8873,4.4990,16.3971,10.0000
sub-002,ses-02,Pz,14,4,2,2,13.4827,6.6091,11.8217,3.3158,0.0000,4.5210,5.1467,5.0829,7.8525,4.9780,35.6710,1.0000
sub-002,ses-02,Pz,15,2,2,2,8.0243,4.9560,10.7208,2.6434,0.0000,3.5026,5.9176,5.8961,5.5651,5.4946,28.7763,11.0000
sub-002,ses-02,Pz,16,2,2,2,10.0083,2.8321,6.7560,3.3438,0.0000,3.1481,5.0992,5.0818,4.4629,4.6354,37.3219,1.0000
sub-002,ses-02,Pz,17,4,2,2,0.5679,2.8656,14.1224,4.2376,0.0000,3.5711,4.7650,4.7284,6.3753,4.1765,22.7355,11.0000
sub-002,ses-02,Pz,18,4,2,2,6.9150,5.5172,12.0174,4.9534,0.0000,4.3309,5.4697,5.4317,6.2761,4.9244,43.4937,11.0000
sub-002,ses-02,Pz,19,2,2,2,47.1625,33.7792,27.6271,24.8094,0.0000,18.8849,28.0225,27.9567,34.8643,27.0231,64.8558,3.0000
sub-002,ses-02,Pz,20,2,2,2,8.7295,3.2656,14.5228,5.6897,0.0000,4.8624,5.5616,5.4870,4.5155,5.6282,30.6563,11.0000
sub-002,ses-02,Pz,21,4,2,2,12.0812,16.1680,11.8714,4.7747,0.0000,5.7278,8.0802,8.0241,18.8341,6.2251,31.3640,6.0000
sub-002,ses-02,Fp2,0,4,2,0,18.4280,5.6259,8.6607,2.3655,0.0000,4.1612,5.0048,4.9149,6.3832,4.8726,33.2357,1.0000
sub-002,ses-02,Fp2,1,2,2,2,7.0714,5.0054,9.5424,2.5555,0.0000,3.2275,5.6645,5.6632,6.1234,5.5633,29.8374,10.0000
sub-002,ses-02,Fp2,2,2,2,0,3.2970,6.5213,6.0769,4.8817,0.0000,3.2371,5.4608,5.4504,5.1758,5.0852,16.9756,10.0000
sub-002,ses-02,Fp2,3,2,4,2,1.5917,7.5023,18.6647,2.7744,0.0000,4.2891,5.7526,5.7046,8.8503,5.5484,50.2006,11.0000
sub-002,ses-02,Fp2,4,4,2,2,18.0737,5.1861,10.8510,5.2138,0.0000,5.2541,6.1448,6.0205,7.0209,4.7798,61.5709,1.0000
sub-002,ses-02,Fp2,5,2,4,2,10.5582,1.9165,8.2047,4.4369,0.0000,3.6467,6.5184,6.5150,10.0578,6.5522,32.9033,1.0000
sub-002,ses-02,Fp2,6,2,2,2,22.1888,11.4296,13.0804,5.7119,0.0000,6.6793,5.5944,5.4373,3.1138,5.9529,60.4964,1.0000
sub-002,ses-02,Fp2,7,2,2,2,10.7263,9.2377,11.3053,3.2961,0.0000,4.4311,5.6494,5.5907,6.8080,4.6205,40.2614,1.0000
sub-002,ses-02,Fp2,8,2,2,2,21.1665,4.0906,9.9228,4.5723,0.0000,5.1164,5.6257,5.5211,5.1293,5.2231,71.3831,1.0000
sub-002,ses-02,Fp2,9,2,2,0,2.7383,7.7196,17.7368,3.6328,0.0000,4.5460,6.0166,5.9696,4.9851,5.8313,54.1273,10.0000
sub-002,ses-02,Fp2,10,2,2,2,5.6065,5.7065,8.1171,5.6683,0.0000,3.8987,5.3149,5.2689,3.1046,5.6876,20.6989,11.0000
sub-002,ses-02,Fp2,11,4,2,2,16.4185,10.5562,13.5548,6.5418,0.0000,6.3784,5.6313,5.4906,3.5782,6.6905,53.9113,1.0000
sub-002,ses-02,Fp2,12,4,2,2,21.7635,7.7015,13.1862,2.8923,0.0000,5.4553,6.6108,6.4790,17.8623,6.8888,62.7222,1.0000
sub-002,ses-02,Fp2,13,2,2,2,18.3888,5.0635,13.7229,3.4360,0.0000,5.1352,6.0130,5.9359,7.7402,5.2110,52.7909,1.0000
sub-002,ses-02,Fp2,14,4,2,2,4.7862,3.3533,11.1762,5.2553,0.0000,3.9054,5.3266,5.2913,3.9637,6.8474,21.8109,21.0000
sub-002,ses-02,Fp2,15,2,2,2,7.7764,5.7818,10.7674,3.1981,0.0000,3.7305,5.3501,5.3150,6.1910,5.4833,39.0776,11.0000
sub-002,ses-02,Fp2,16,2,2,2,10.9589,6.7502,8.2401,4.0099,0.0000,4.0094,5.0884,5.0496,4.4466,5.3076,22.4606,11.0000
sub-002,ses-02,Fp2,17,4,2,2,9.5480,1.6008,13.7769,3.5428,0.0000,4.0305,5.7211,5.6524,7.4958,5.2612,31.1158,10.0000
sub-002,ses-02,Fp2,18,4,2,2,16.1716,4.1423,9.8150,3.4980,0.0000,4.3167,5.5193,5.4346,8.5501,5.9756,60.9391,1.0000
sub-002,ses-02,Fp2,19,2,2,2,4.5395,4.9991,11.2417,5.6359,0.0000,4.1598,5.5447,5.5018,3.2251,6.2446,25.7614,10.0000
sub-002,ses-02,Fp2,20,2,2,2,18.9624,1.8488,10.2091,4.6903,0.0000,4.7785,5.3976,5.3102,5.2991,5.5145,56.7440,1.0000
sub-002,ses-02,Fp2,21,4,2,2,17.1670,6.4664,8.1035,4.8528,0.0000,4.7963,5.9183,5.8272,5.9784,4.7890,45.4106,1.0000
sub-002,ses-02,Fz,0,4,2,0,11.8620,3.9652,7.0823,1.5444,0.0000,2.9274,5.3228,5.3224,7.2099,5.6283,23.8269,11.0000
sub-002,ses-02,Fz,1,2,2,2,4.4413,2.8423,11.9096,2.0189,0.0000,2.9497,5.2704,5.2670,3.9368,5.3404,47.0607,10.0000
sub-002,ses-02,Fz,2,2,2,0,4.7458,5.3123,12.3791,3.2741,0.0000,3.6528,5.4775,5.4587,7.1527,4.5665,26.5972,10.0000
sub-002,ses-02,Fz,3,2,4,2,9.2697,9.1653,19.6507,2.6876,0.0000,5.2694,5.4645,5.3921,5.8052,7.5798,48.5379,11.0000
sub-002,ses-02,Fz,4,4,2,2,4.8441,5.6560,10.1508,5.6710,0.0000,4.1076,6.3111,6.3018,8.5578,6.6608,23.5138,11.0000
sub-002,ses-02,Fz,5,2,4,2,3.8883,1.5304,9.4866,4.2661,0.0000,3.1175,6.1623,6.1500,7.3933,8.2111,36.0735,10.0000
sub-002,ses-02,Fz,6,2,2,2,9.5578,6.1149,14.3478,3.5968,0.0000,4.5474,4.8871,4.8323,3.4726,3.4781,47.6288,11.0000
sub-002,ses-02,Fz,7,2,2,2,4.2309,4.4391,12.9439,3.6679,0.0000,3.7215,5.5778,5.5585,6.9076,5.4424,30.5003,10.0000
sub-002,ses-02,Fz,8,2,2,2,3.5889,3.6607,13.4917,6.6987,0.0000,4.5821,5.3885,5.3300,3.9778,6.7119,23.5219,15.0000
sub-002,ses-02,Fz,9,2,2,0,9.9793,8.7188,22.4182,3.4616,0.0000,5.9140,6.8378,6.7495,3.5396,6.6950,52.3121,11.0000
sub-002,ses-02,Fz,10,2,2,2,13.5545,2.3840,11.3513,4.6523,0.0000,4.4731,5.1834,5.0990,4.8214,5.3074,31.4077,1.0000
sub-002,ses-02,Fz,11,4,2,2,2.8551,4.4948,13.6016,3.5990,0.0000,3.6697,5.6772,5.6587,3.0538,6.6898,37.4796,11.0000
sub-002,ses-02,Fz,12,4,2,2,16.1793,5.5328,6.8926,2.1646,0.0000,3.6359,6.6737,6.6816,12.1532,5.8233,28.5082,1.0000
sub-002,ses-02,Fz,13,2,2,2,9.1672,11.1447,15.9677,3.5653,0.0000,5.1954,5.7284,5.6509,4.7083,5.1917,58.8566,10.0000
sub-002,ses-02,Fz,14,4,2,2,17.6034,5.7869,9.0930,4.1264,0.0000,4.6922,5.5190,5.4407,6.9017,4.6257,36.5728,1.0000
sub-002,ses-02,Fz,15,2,2,2,12.3027,3.0909,10.3349,2.6323,0.0000,3.6699,5.7192,5.7005,5.5853,6.1549,35.0261,11.0000
sub-002,ses-02,Fz,16,2,2,2,15.0456,5.5343,10.6061,4.3022,0.0000,4.6950,6.6265,6.5917,4.6755,4.7456,32.4629,1.0000
sub-002,ses-02,Fz,17,4,2,2,3.5251,5.1714,13.3547,2.8932,0.0000,3.5471,5.4577,5.4394,7.4092,5.2627,50.9882,10.0000
sub-002,ses-02,Fz,18,4,2,2,14.3456,9.7116,10.9348,4.5240,0.0000,5.1314,5.6448,5.5574,9.6701,5.7269,34.4083,1.0000
sub-002,ses-02,Fz,19,2,2,2,11.3182,3.7756,12.1465,2.8639,0.0000,3.9648,5.1942,5.1425,6.5840,4.8617,31.9764,1.0000
sub-002,ses-02,Fz,20,2,2,2,1.8301,1.6314,10.6530,2.4354,0.0000,2.5448,5.6031,5.6217,2.9643,5.5692,27.4747,11.0000
sub-002,ses-02,Fz,21,4,2,2,13.0741,4.0261,7.3032,5.5179,0.0000,4.2780,5.2991,5.2171,6.2166,5.2752,28.4080,1.0000
sub-002,ses-02,FCz,0,4,2,0,8.2728,6.9439,5.2729,1.9396,0.0000,2.7377,5.1580,5.1591,6.6480,5.6632,19.5442,11.0000
sub-002,ses-02,FCz,1,2,2,2,2.8909,2.0459,11.1712,4.6410,0.0000,3.4211,5.3294,5.2901,4.2036,5.2463,42.9138,10.0000
sub-002,ses-02,FCz,2,2,2,0,4.2281,3.2128,9.2203,3.9178,0.0000,3.1632,6.1770,6.1841,8.9369,5.7209,22.4931,10.0000
sub-002,ses-02,FCz,3,2,4,2,5.5264,8.1971,20.6927,2.4384,0.0000,4.9011,5.3834,5.3156,5.4573,6.3189,44.5781,10.0000
sub-002,ses-02,FCz,4,4,2,2,4.3977,4.1847,12.8232,7.6113,0.0000,4.8887,7.0749,7.0387,8.6488,6.8277,25.3259,11.0000
sub-002,ses-02,FCz,5,2,4,2,4.7502,5.9332,10.9843,3.8050,0.0000,3.6769,5.4973,5.4736,5.8944,6.6885,41.6249,10.0000
sub-002,ses-02,FCz,6,2,2,2,2.8070,4.7458,18.2536,3.1553,0.0000,4.2035,5.2137,5.1726,4.4216,4.6573,54.9306,11.0000
sub-002,ses-02,FCz,7,2,2,2,4.0063,2.5221,12.2309,3.5227,0.0000,3.3789,5.0412,5.0146,4.9402,5.3089,29.7130,11.0000
sub-002,ses-02,FCz,8,2,2,2,9.2326,7.8587,13.4554,5.0949,0.0000,5.0077,5.6935,5.6419,5.7289,7.8673,25.5407,10.0000
sub-002,ses-02,FCz,9,2,2,0,13.1360,10.0870,23.2688,5.2097,0.0000,6.9821,6.4892,6.3469,4.0187,6.5463,54.4100,10.0000
sub-002,ses-02,FCz,10,2,2,2,7.2660,4.4387,10.4319,2.6240,0.0000,3.3377,5.8818,5.8857,5.9453,5.7189,21.1653,10.0000
sub-002,ses-02,FCz,11,4,2,2,5.5826,5.6994,12.2382,4.3704,0.0000,4.0784,5.4753,5.4316,3.9382,6.8342,26.9865,11.0000
sub-002,ses-02,FCz,12,4,2,2,24.0713,8.5293,7.6893,2.2276,0.0000,4.7790,6.9948,6.9665,9.4780,6.7172,48.8227,1.0000
sub-002,ses-02,FCz,13,2,2,2,8.3202,6.9737,15.8571,4.5303,0.0000,5.0049,5.7826,5.7126,4.2991,5.9958,61.0169,10.0000
sub-002,ses-02,FCz,14,4,2,2,6.6266,2.8635,7.0250,4.9278,0.0000,3.3528,4.7948,4.7651,5.9014,4.1676,19.2941,11.0000
sub-002,ses-02,FCz,15,2,2,2,8.2446,6.4954,9.9032,2.0572,0.0000,3.3749,5.7412,5.7339,3.7043,5.3524,31.9423,11.0000
sub-002,ses-02,FCz,16,2,2,2,8.1378,5.7062,13.1167,5.2181,0.0000,4.6956,5.9947,5.9485,4.9760,6.2282,26.4113,11.0000
sub-002,ses-02,FCz,17,4,2,2,6.3268,3.9096,12.0310,3.3312,0.0000,3.6381,5.4563,5.4179,7.5960,4.9610,44.0362,10.0000
sub-002,ses-02,FCz,18,4,2,2,11.6770,14.1042,13.3548,3.4851,0.0000,5.3153,5.9265,5.8553,10.2553,5.0558,35.4117,11.0000
sub-002,ses-02,FCz,19,2,2,2,8.6520,4.9510,10.7811,4.0292,0.0000,3.9879,5.2397,5.2032,3.2416,4.6796,30.6770,1.0000
sub-002,ses-02,FCz,20,2,2,2,3.8637,3.3309,15.0037,3.0702,0.0000,3.6910,5.6908,5.6492,4.8978,6.6913,37.4050,10.0000
sub-002,ses-02,FCz,21,4,2,2,5.2025,2.4742,5.5223,5.0226,0.0000,3.0031,5.7202,5.6836,4.1220,6.0929,20.8321,14.0000
sub-002,ses-02,Cz,0,4,2,0,7.3291,6.3592,4.8991,2.3986,0.0000,2.6821,5.3690,5.3890,5.3724,5.7212,17.9076,11.0000
sub-002,ses-02,Cz,1,2,2,2,18.9404,6.9334,7.2195,2.8259,0.0000,4.2686,5.8325,5.7940,4.6709,5.9986,48.2885,1.0000
sub-002,ses-02,Cz,2,2,2,0,4.4607,2.5297,6.2183,5.4305,0.0000,3.1597,5.9622,5.9720,7.9183,5.4787,13.3295,16.0000
sub-002,ses-02,Cz,3,2,4,2,6.0855,6.8418,18.6262,3.4213,0.0000,4.8359,5.7164,5.6606,6.4923,5.8992,48.7236,10.0000
sub-002,ses-02,Cz,4,4,2,2,6.9912,4.6643,12.4902,7.5156,0.0000,5.0992,5.7794,5.7126,5.9980,5.4286,25.8404,10.0000
sub-002,ses-02,Cz,5,2,4,2,16.8248,5.5000,12.1729,2.7249,0.0000,4.5991,6.6232,6.5792,6.4661,5.2367,41.2512,10.0000
sub-002,ses-02,Cz,6,2,2,2,9.3940,8.0635,17.7532,3.6886,0.0000,5.2163,5.3222,5.2207,2.9539,4.4646,50.6600,11.0000
sub-002,ses-02,Cz,7,2,2,2,6.8818,3.0901,9.5203,1.7486,0.0000,2.7847,5.3279,5.3317,4.7335,4.1720,20.9312,11.0000
sub-002,ses-02,Cz,8,2,2,2,11.0905,5.3687,11.3879,6.0162,0.0000,4.9390,5.8122,5.7465,5.5917,6.9470,25.8973,14.0000
sub-002,ses-02,Cz,9,2,2,0,8.2458,2.7820,19.4384,4.9941,0.0000,5.2480,6.4531,6.3856,5.7440,6.2713,49.8361,10.0000
sub-002,ses-02,Cz,10,2,2,2,14.8567,9.5335,12.4245,3.0421,0.0000,4.9222,6.0036,5.9531,10.4631,6.3891,28.2550,2.0000
sub-002,ses-02,Cz,11,4,2,2,7.8805,5.1155,10.2974,3.7481,0.0000,3.7789,5.3806,5.3463,5.5203,6.4889,21.9238,11.0000
sub-002,ses-02,Cz,12,4,2,2,12.4857,4.3276,6.2219,3.8268,0.0000,3.5891,5.7155,5.6971,5.5580,5.9299,27.2204,2.0000
sub-002,ses-02,Cz,13,2,2,2,6.2403,1.4044,16.6650,4.4018,0.0000,4.3673,6.5437,6.5105,2.1521,6.3215,58.9670,10.0000
sub-002,ses-02,Cz,14,4,2,2,12.2856,5.1434,12.3292,4.8082,0.0000,4.7953,5.3116,5.2328,5.3143,5.4121,30.2309,2.0000
sub-002,ses-02,Cz,15,2,2,2,12.2257,6.5965,14.6528,3.4269,0.0000,4.8315,6.1730,6.1271,4.3968,7.3209,25.3904,10.0000
sub-002,ses-02,Cz,16,2,2,2,7.9960,7.5910,11.9892,3.8565,0.0000,4.2888,6.0162,5.9795,5.1659,6.1784,19.3995,12.0000
sub-002,ses-02,Cz,17,4,2,2,6.2166,2.4023,13.0001,3.5826,0.0000,3.6988,5.5011,5.4722,8.7529,4.9426,38.2036,10.0000
sub-002,ses-02,Cz,18,4,2,2,12.6238,6.3154,10.1259,6.2984,0.0000,5.0789,6.0730,6.0157,5.4635,6.3001,26.7966,20.0000
sub-002,ses-02,Cz,19,2,2,2,7.5322,11.7297,13.0968,3.7366,0.0000,4.7489,5.7805,5.7195,4.5031,5.2457,26.4088,8.0000
sub-002,ses-02,Cz,20,2,2,2,11.6113,3.6555,14.4490,3.9111,0.0000,4.6187,5.7976,5.7403,4.9152,4.9713,38.7602,2.0000
sub-002,ses-02,Cz,21,4,2,2,12.5538,2.3929,4.7825,2.6138,0.0000,2.8479,5.7089,5.7185,4.6816,7.1331,40.2822,2.0000
sub-002,ses-02,C4,0,4,2,0,8.8527,4.7462,10.6920,4.3399,0.0000,4.0690,5.6015,5.5615,6.9987,6.3960,24.6135,8.0000
sub-002,ses-02,C4,1,2,2,2,3.7954,2.4458,6.4745,3.6292,0.0000,2.5812,5.2745,5.2928,3.9579,5.6673,15.5299,10.0000
sub-002,ses-02,C4,2,2,2,0,6.4052,4.3875,6.0207,3.3711,0.0000,2.8632,5.0582,5.0462,7.3596,6.4799,11.4979,10.0000
sub-002,ses-02,C4,3,2,4,2,8.7026,8.3501,19.4167,3.3933,0.0000,5.3215,5.7837,5.7009,4.7657,7.3797,50.7476,10.0000
sub-002,ses-02,C4,4,4,2,2,18.3054,4.0286,5.9940,7.1640,0.0000,5.0798,5.8544,5.7256,4.2492,5.7155,66.6471,1.0000
sub-002,ses-02,C4,5,2,4,2,5.1300,5.0866,9.1491,3.2324,0.0000,3.2042,5.5321,5.5295,3.7347,5.6895,28.4556,10.0000
sub-002,ses-02,C4,6,2,2,2,12.8957,9.0713,11.3630,3.1160,0.0000,4.5710,5.0095,4.9135,4.0323,4.1300,43.7841,11.0000
sub-002,ses-02,C4,7,2,2,2,10.8827,3.2768,11.1256,3.1722,0.0000,3.8286,5.4757,5.4402,3.7944,7.3948,24.7139,10.0000
sub-002,ses-02,C4,8,2,2,2,17.0339,3.7885,6.3374,4.6479,0.0000,4.2264,5.1979,5.1330,6.5177,5.3437,56.4747,1.0000
sub-002,ses-02,C4,9,2,2,0,26.7297,13.2986,15.6868,6.5508,0.0000,7.8929,7.1179,6.9510,3.4548,5.9663,72.2274,1.0000
sub-002,ses-02,C4,10,2,2,2,16.6614,5.4364,6.2657,3.4324,0.0000,3.9676,5.7642,5.7311,3.7527,4.6194,40.4510,1.0000
sub-002,ses-02,C4,11,4,2,2,8.4481,5.2167,8.2882,3.7957,0.0000,3.5752,5.5728,5.5475,8.1268,5.6058,25.3023,11.0000
sub-002,ses-02,C4,12,4,2,2,13.8545,5.0167,9.0199,4.5431,0.0000,4.3876,5.9720,5.9238,10.6526,4.6013,42.1952,1.0000
sub-002,ses-02,C4,13,2,2,2,7.1098,3.7680,13.5231,6.1917,0.0000,4.7707,5.2044,5.1338,5.3008,4.1515,47.3387,10.0000
sub-002,ses-02,C4,14,4,2,2,4.5525,6.5906,10.1078,5.2776,0.0000,4.0425,4.9514,4.8792,5.3877,4.7319,21.6482,11.0000
sub-002,ses-02,C4,15,2,2,2,16.0175,10.6897,7.5843,2.9533,0.0000,4.4355,6.3748,6.3347,6.9893,6.8877,31.7232,1.0000
sub-002,ses-02,C4,16,2,2,2,5.3971,1.8741,5.7561,4.6494,0.0000,2.8852,5.5121,5.5187,3.9847,4.9412,16.2848,21.0000
sub-002,ses-02,C4,17,4,2,2,12.7693,3.5449,8.6049,4.1117,0.0000,3.9614,6.2663,6.2399,4.8744,6.4008,28.4706,10.0000
sub-002,ses-02,C4,18,4,2,2,9.2282,11.4219,8.4362,4.5098,0.0000,4.4615,6.2344,6.1844,7.0471,6.2244,29.5929,11.0000
sub-002,ses-02,C4,19,2,2,2,5.6390,5.1250,12.1002,4.2246,0.0000,3.9669,5.4455,5.4049,3.3118,5.9349,32.3374,10.0000
sub-002,ses-02,C4,20,2,2,2,21.7652,2.5530,13.4317,3.1825,0.0000,5.0985,6.0570,5.9226,5.4018,4.4712,78.4917,1.0000
sub-002,ses-02,C4,21,4,2,2,20.8428,3.8152,8.5044,2.8328,0.0000,4.3369,5.4272,5.3452,5.6168,5.7621,67.5079,1.0000
sub-002,ses-02,CP4,0,4,2,0,13.6738,5.8264,10.8911,4.3319,0.0000,4.6433,5.9266,5.8427,6.5606,6.9784,39.3953,1.0000
sub-002,ses-02,CP4,1,2,2,2,8.7612,4.6359,5.6107,2.7762,0.0000,2.8684,5.2468,5.1948,4.8951,5.4035,22.6224,1.0000
sub-002,ses-02,CP4,2,2,2,0,5.6248,3.9678,3.7404,4.0534,0.0000,2.6397,5.2867,5.2987,6.4487,5.5099,17.7224,16.0000
sub-002,ses-02,CP4,3,2,4,2,16.8765,5.3180,15.9115,4.5001,0.0000,5.6453,6.2137,6.0892,4.8820,7.0681,46.9626,1.0000
sub-002,ses-02,CP4,4,4,2,2,18.4624,3.6646,6.2320,3.1469,0.0000,3.8793,5.8150,5.7186,5.8468,5.6455,70.2838,1.0000
sub-002,ses-02,CP4,5,2,4,2,13.9235,4.6947,10.0767,3.3952,0.0000,4.1644,5.1275,5.0869,4.2381,5.0099,48.3759,1.0000
sub-002,ses-02,CP4,6,2,2,2,19.1325,4.7197,12.5967,3.0891,0.0000,4.9104,4.9553,4.8113,5.0475,3.7332,50.3786,1.0000
sub-002,ses-02,CP4,7,2,2,2,21.2139,4.2181,12.0534,3.3955,0.0000,5.0742,5.7410,5.6450,3.3422,7.9952,52.7800,1.0000
sub-002,ses-02,CP4,8,2,2,2,20.4411,4.6617,6.8233,4.3723,0.0000,4.6091,5.3133,5.2168,7.0654,5.4284,57.8747,1.0000
sub-002,ses-02,CP4,9,2,2,0,25.3021,9.8341,11.3004,5.7725,0.0000,6.5905,6.8169,6.6816,3.7780,5.8795,70.1604,1.0000
sub-002,ses-02,CP4,10,2,2,2,10.8874,8.3234,5.0240,2.3818,0.0000,3.2082,5.7218,5.7298,3.9811,4.9182,21.0638,1.0000
sub-002,ses-02,CP4,11,4,2,2,19.1952,4.5762,7.1651,2.6737,0.0000,4.0194,5.5841,5.4965,8.4671,5.8670,64.6243,1.0000
sub-002,ses-02,CP4,12,4,2,2,17.6971,3.6976,7.4989,3.6269,0.0000,4.1331,5.8182,5.7310,8.2706,5.3613,56.9364,1.0000
sub-002,ses-02,CP4,13,2,2,2,5.2844,3.6885,15.0028,7.1884,0.0000,5.1013,5.7474,5.6805,4.8200,5.2021,47.4675,10.0000
sub-002,ses-02,CP4,14,4,2,2,8.6898,8.4495,12.9140,4.6670,0.0000,4.8073,5.3117,5.2503,5.3895,5.0765,21.6890,10.0000
sub-002,ses-02,CP4,15,2,2,2,5.6302,10.1181,9.1570,2.9777,0.0000,3.6429,6.2353,6.2279,5.5585,7.8330,37.5449,11.0000
sub-002,ses-02,CP4,16,2,2,2,11.5556,0.6038,7.2606,4.6325,0.0000,3.5447,6.1438,6.1423,6.5562,4.4287,43.8922,1.0000
sub-002,ses-02,CP4,17,4,2,2,16.7774,2.7566,6.6073,3.7344,0.0000,3.8681,5.5455,5.4962,5.0590,5.7634,52.1248,1.0000
sub-002,ses-02,CP4,18,4,2,2,25.5805,7.4449,6.5806,5.4765,0.0000,5.6460,6.4516,6.3023,6.1955,6.7489,65.5201,1.0000
sub-002,ses-02,CP4,19,2,2,2,18.0180,5.4100,11.1497,3.8533,0.0000,4.9001,6.3177,6.2282,4.5725,5.5390,60.7196,1.0000
sub-002,ses-02,CP4,20,2,2,2,24.3107,2.9842,13.2025,3.4398,0.0000,5.4212,5.5290,5.3608,5.4325,4.8771,79.3337,1.0000
sub-002,ses-02,CP4,21,4,2,2,24.7691,3.7053,7.1610,4.5458,0.0000,5.0223,6.0064,5.8668,4.0608,5.9148,77.4757,1.0000
sub-002,ses-02,O2,0,4,2,0,16.8183,3.9817,12.9435,2.8755,0.0000,4.6103,5.2965,5.1835,5.4267,5.9941,53.7216,1.0000
sub-002,ses-02,O2,1,2,2,2,3.8369,4.5696,11.9146,4.7786,0.0000,3.8892,5.2074,5.1758,8.1614,5.6713,28.0046,10.0000
sub-002,ses-02,O2,2,2,2,0,6.4393,9.7317,8.2630,4.8054,0.0000,4.1100,5.8617,5.8425,10.0046,5.0032,20.2327,6.0000
sub-002,ses-02,O2,3,2,4,2,24.8480,4.2129,12.4368,5.0006,0.0000,5.9505,6.1721,6.0057,7.5208,5.8266,76.9776,1.0000
sub-002,ses-02,O2,4,4,2,2,20.7169,5.5162,13.6088,4.2559,0.0000,5.6259,5.7668,5.6048,7.3101,5.4722,65.5021,1.0000
sub-002,ses-02,O2,5,2,4,2,15.6431,3.2861,3.1802,2.0385,0.0000,2.8209,5.7115,5.6945,5.8191,4.6754,55.4954,1.0000
sub-002,ses-02,O2,6,2,2,2,17.5890,4.4031,4.3110,4.6079,0.0000,4.0404,5.0174,4.9382,6.8132,3.8225,38.8031,1.0000
sub-002,ses-02,O2,7,2,2,2,14.1268,4.6714,7.6221,1.9614,0.0000,3.4052,5.5430,5.5162,4.1825,5.4298,47.1406,1.0000
sub-002,ses-02,O2,8,2,2,2,20.5376,4.7956,7.9200,2.5140,0.0000,4.2217,4.9068,4.8513,3.5969,5.0656,49.9822,1.0000
sub-002,ses-02,O2,9,2,2,0,25.9430,6.0083,3.4749,3.3267,0.0000,4.4628,6.6518,6.5467,3.8024,5.3128,73.6299,1.0000
sub-002,ses-02,O2,10,2,2,2,19.0848,3.7667,8.8982,6.6683,0.0000,5.3833,5.8101,5.6748,3.7747,6.1661,67.6748,1.0000
sub-002,ses-02,O2,11,4,2,2,16.2194,4.8451,6.8526,4.1182,0.0000,4.1607,4.6205,4.5556,4.4464,4.4851,45.2484,1.0000
sub-002,ses-02,O2,12,4,2,2,29.9352,7.6203,11.9819,4.0511,0.0000,6.3902,5.9959,5.8230,3.6647,6.8687,60.1545,1.0000
sub-002,ses-02,O2,13,2,2,2,6.5681,6.4750,5.0805,2.7303,0.0000,2.7477,5.3739,5.3813,3.4814,4.5932,14.2214,15.0000
sub-002,ses-02,O2,14,4,2,2,14.3678,6.7901,9.3060,3.1879,0.0000,4.2305,4.9261,4.8702,6.1503,5.9112,38.8624,1.0000
sub-002,ses-02,O2,15,2,2,2,10.4184,10.6265,6.6399,6.7120,0.0000,4.9134,6.5668,6.5209,4.6234,7.7156,28.9338,1.0000
sub-002,ses-02,O2,16,2,2,2,17.9486,7.8912,1.8922,3.1526,0.0000,3.6208,5.8331,5.8213,3.6992,5.3035,53.9871,1.0000
sub-002,ses-02,O2,17,4,2,2,12.3405,9.8039,2.2915,4.2732,0.0000,3.6716,5.4680,5.4477,4.1449,5.5455,23.9446,4.0000
sub-002,ses-02,O2,18,4,2,2,30.8103,5.6491,5.6471,2.9276,0.0000,5.0646,5.8492,5.6919,4.8818,5.9558,73.1005,1.0000
sub-002,ses-02,O2,19,2,2,2,18.3638,6.7904,2.6973,4.9431,0.0000,4.2107,5.9491,5.8868,2.0618,4.4588,53.3270,1.0000
sub-002,ses-02,O2,20,2,2,2,23.5593,4.0653,12.8909,5.7959,0.0000,6.1207,6.2138,6.0919,6.2199,5.4921,58.7270,1.0000
sub-002,ses-02,O2,21,4,2,2,24.8039,5.6991,3.5007,5.2954,0.0000,4.9269,6.8248,6.7133,3.0294,5.3573,71.0991,1.0000
sub-003,ses-01,Fp1,0,2,4,0,7.0419,6.4556,11.8882,5.5125,0.0000,4.5810,6.7205,6.6825,6.7684,7.8206,34.5690,11.0000
sub-003,ses-01,Fp1,1,8,0,0,9.5058,1.1638,13.7238,3.2872,0.0000,3.9013,6.1394,6.1161,5.2709,8.0689,28.1514,11.0000
sub-003,ses-01,Fp1,2,2,4,0,7.0394,2.3795,19.3308,6.7093,0.0000,5.6019,7.2601,7.1602,11.4033,7.3501,38.1640,9.0000
sub-003,ses-01,Fp1,3,2,2,0,9.4973,5.1252,12.6536,4.5199,0.0000,4.4923,6.4496,6.4051,4.9557,7.7789,33.9300,11.0000
sub-003,ses-01,Fp1,4,4,2,2,13.0658,6.8368,7.0908,2.7645,0.0000,3.6766,9.4699,9.5283,6.0048,9.0362,26.5591,1.0000
sub-003,ses-01,Fp1,5,8,0,0,5.6930,5.3255,8.8085,7.9594,0.0000,4.6604,6.7740,6.7382,6.7725,10.1119,24.2112,14.0000
sub-003,ses-01,Fp1,6,2,4,0,9.6521,5.3739,11.8520,2.6475,0.0000,3.8519,5.9117,5.8792,4.5071,9.6164,24.6668,9.0000
sub-003,ses-01,Fp1,7,4,2,0,7.1691,10.8058,7.2525,5.3270,0.0000,4.2945,6.0378,5.9930,8.6993,6.4126,26.5861,6.0000
sub-003,ses-01,Fp1,8,2,4,0,3.8294,2.5207,5.2635,4.2471,0.0000,2.6092,5.5516,5.5691,7.4978,6.2485,14.2039,11.0000
sub-003,ses-01,C3,0,2,4,0,6.6075,7.2929,7.5847,1.6048,0.0000,2.8366,5.5094,5.5093,3.9851,6.7166,17.0817,6.0000
sub-003,ses-01,C3,1,8,0,0,8.9771,7.6237,14.8994,5.0842,0.0000,5.1603,6.2235,6.1514,7.5897,6.3838,34.8864,12.0000
sub-003,ses-01,C3,2,2,4,0,7.1214,6.6642,9.2530,4.7645,0.0000,4.0139,6.3115,6.3106,6.8052,5.7312,15.3368,12.0000
sub-003,ses-01,C3,3,2,2,0,3.7098,6.9007,13.7813,4.1278,0.0000,4.1579,6.2977,6.2642,10.9770,7.7414,35.0657,11.0000
sub-003,ses-01,C3,4,4,2,2,12.6235,9.5757,8.5766,8.3817,0.0000,5.7958,10.9761,10.9844,6.6665,8.9011,29.4670,20.0000
sub-003,ses-01,C3,5,8,0,0,9.3300,5.2021,5.0641,3.8700,0.0000,3.2284,5.6121,5.5832,5.2923,5.6364,18.6800,2.0000
sub-003,ses-01,C3,6,2,4,0,16.9694,14.4227,6.8302,4.8048,0.0000,5.3259,5.7307,5.6535,6.0212,7.0919,33.6210,1.0000
sub-003,ses-01,C3,7,4,2,0,2.7025,8.0568,8.4154,5.5841,0.0000,3.8633,5.9277,5.8992,5.2951,6.0397,15.6252,5.0000
sub-003,ses-01,C3,8,2,4,0,19.5070,5.1230,4.9903,4.0284,0.0000,4.2054,5.8287,5.7903,8.1886,6.2175,59.7349,1.0000
sub-003,ses-01,CP3,0,2,4,0,19.3269,5.3696,12.0015,2.8895,0.0000,4.8456,5.7144,5.6311,5.5924,7.4043,50.5690,2.0000
sub-003,ses-01,CP3,1,8,0,0,13.9872,6.9642,11.6123,7.1133,0.0000,5.7198,6.4436,6.3563,7.0058,5.2939,37.0895,1.0000
sub-003,ses-01,CP3,2,2,4,0,6.7907,8.0113,8.1562,3.1971,0.0000,3.4816,5.7728,5.7638,8.3517,6.3212,17.3922,12.0000
sub-003,ses-01,CP3,3,2,2,0,9.5542,9.3679,13.8628,4.1608,0.0000,4.9525,6.2944,6.2276,11.0419,6.6902,28.3087,1.0000
sub-003,ses-01,CP3,4,4,2,2,9.3671,9.7344,8.9095,6.2401,0.0000,4.9066,13.3159,13.4116,7.5047,10.1803,22.7115,5.0000
sub-003,ses-01,CP3,5,8,0,0,5.5241,3.5332,3.9988,5.6606,0.0000,3.1119,5.8491,5.8544,4.9833,6.7877,19.5235,15.0000
sub-003,ses-01,CP3,6,2,4,0,8.9390,10.8066,6.7152,5.3128,0.0000,4.3800,5.2922,5.2354,4.7466,5.8693,17.1691,5.0000
sub-003,ses-01,CP3,7,4,2,0,11.9512,11.9106,7.3489,5.0934,0.0000,4.7850,6.1553,6.1185,4.4877,6.2733,23.5881,1.0000
sub-003,ses-01,CP3,8,2,4,0,14.4692,9.7097,7.9256,5.2350,0.0000,4.9378,5.9128,5.8736,7.2764,7.4682,32.4609,1.0000
sub-003,ses-01,O1,0,2,4,0,15.7812,8.1736,15.4477,4.7304,0.0000,5.8140,6.7781,6.7048,5.7355,7.6093,68.2587,11.0000
sub-003,ses-01,O1,1,8,0,0,14.7392,4.1619,13.3702,3.4211,0.0000,4.6581,6.8331,6.7751,2.9277,5.8156,43.2093,1.0000
sub-003,ses-01,O1,2,2,4,0,11.3444,4.7161,8.2356,5.2550,0.0000,4.2319,6.5532,6.5298,6.7006,8.2860,28.7194,1.0000
sub-003,ses-01,O1,3,2,2,0,21.7309,6.4945,17.2555,3.3632,0.0000,6.0501,5.9550,5.7733,3.2897,8.0699,66.3611,1.0000
sub-003,ses-01,O1,4,4,2,2,8.0458,8.9388,17.0672,7.2855,0.0000,6.1640,13.4422,13.5039,14.4136,13.4674,34.3420,11.0000
sub-003,ses-01,O1,5,8,0,0,16.2620,9.7024,14.2939,5.0229,0.0000,5.9284,6.8179,6.7408,6.6514,6.8659,43.0274,1.0000
sub-003,ses-01,O1,6,2,4,0,10.6590,5.6854,11.6575,6.1467,0.0000,5.0054,6.3983,6.3171,7.2572,6.7932,27.7876,1.0000
sub-003,ses-01,O1,7,4,2,0,5.7757,7.7000,14.6250,4.3429,0.0000,4.6072,6.3330,6.2989,10.9616,6.4147,51.6699,11.0000
sub-003,ses-01,O1,8,2,4,0,19.3921,5.4403,8.3091,2.5992,0.0000,4.2552,6.8044,6.7897,6.7516,7.9235,37.9126,1.0000
sub-003,ses-01,Pz,0,2,4,0,46.7917,16.3902,22.7331,6.6044,0.0000,11.0461,10.2759,10.0782,12.0179,7.2083,72.7191,2.0000
sub-003,ses-01,Pz,1,8,0,0,8.3485,4.8665,11.6679,2.4870,0.0000,3.6092,6.2535,6.2502,5.0116,6.9374,38.8178,11.0000
sub-003,ses-01,Pz,2,2,4,0,21.3232,13.9207,13.3305,4.5740,0.0000,6.5214,7.6407,7.5612,5.0381,9.0039,33.2372,1.0000
sub-003,ses-01,Pz,3,2,2,0,13.0474,2.7887,8.9654,3.5779,0.0000,3.8058,5.5896,5.5324,8.7958,6.0764,42.0117,1.0000
sub-003,ses-01,Pz,4,4,2,2,12.3497,8.0732,9.7245,8.2296,0.0000,5.7447,17.9796,18.1621,10.8557,15.2629,39.5912,21.0000
sub-003,ses-01,Pz,5,8,0,0,18.2644,12.3748,13.1392,5.5681,0.0000,6.3669,7.1174,7.0091,7.7546,9.9907,49.0854,1.0000
sub-003,ses-01,Pz,6,2,4,0,12.4991,8.1417,12.9956,6.6546,0.0000,5.7453,5.9021,5.7692,7.3018,6.5022,31.3798,1.0000
sub-003,ses-01,Pz,7,4,2,0,11.7007,9.9838,3.3735,5.6440,0.0000,4.1942,5.9374,5.8990,5.7102,7.0927,38.3091,1.0000
sub-003,ses-01,Pz,8,2,4,0,22.8372,6.1815,10.9006,4.3504,0.0000,5.5357,6.3408,6.2614,5.5158,6.6722,45.0192,3.0000
sub-003,ses-01,Fp2,0,2,4,0,6.2464,11.3531,11.5146,4.2333,0.0000,4.5237,6.3344,6.2808,7.0706,8.0553,29.3252,11.0000
sub-003,ses-01,Fp2,1,8,0,0,7.5263,4.2089,13.5054,4.7039,0.0000,4.3982,5.9710,5.9318,5.5071,7.5502,32.0024,11.0000
sub-003,ses-01,Fp2,2,2,4,0,11.8191,1.6349,18.1883,6.3269,0.0000,5.7022,6.5861,6.4667,10.1596,6.9380,42.3792,1.0000
sub-003,ses-01,Fp2,3,2,2,0,7.3226,6.3012,11.1581,4.5487,0.0000,4.1995,6.0231,5.9822,6.6762,7.7285,28.8401,11.0000
sub-003,ses-01,Fp2,4,4,2,2,12.5491,7.6219,7.9142,2.7043,0.0000,3.7982,9.6490,9.7053,7.4116,8.5704,27.5776,1.0000
sub-003,ses-01,Fp2,5,8,0,0,6.2286,6.4215,11.0544,6.2918,0.0000,4.6214,6.8697,6.8334,6.3766,8.9166,24.6203,11.0000
sub-003,ses-01,Fp2,6,2,4,0,8.5242,10.4120,9.5445,1.8828,0.0000,3.6625,5.7141,5.6625,3.9132,9.0493,20.5265,11.0000
sub-003,ses-01,Fp2,7,4,2,0,10.2399,9.8672,8.3969,6.9832,0.0000,5.1533,6.1643,6.0881,8.6467,6.1492,27.8084,18.0000
sub-003,ses-01,Fp2,8,2,4,0,5.3860,6.4001,6.6524,3.5043,0.0000,3.0841,5.7828,5.7845,9.1668,6.1444,17.7828,6.0000
sub-003,ses-01,Fz,0,2,4,0,11.4365,8.8308,9.8195,4.9554,0.0000,4.7536,6.2091,6.1386,3.9171,7.5698,28.6657,11.0000
sub-003,ses-01,Fz,1,8,0,0,12.3561,5.2912,17.0948,3.4262,0.0000,5.0628,5.7481,5.6349,2.8863,7.1632,35.3121,11.0000
sub-003,ses-01,Fz,2,2,4,0,3.0223,3.7608,16.8168,6.9718,0.0000,5.0853,7.5033,7.4766,12.3266,8.0440,25.2782,19.0000
sub-003,ses-01,Fz,3,2,2,0,7.4093,5.3059,12.3057,4.5826,0.0000,4.2853,5.8135,5.7685,3.9443,7.4859,40.8977,11.0000
sub-003,ses-01,Fz,4,4,2,2,20.6241,10.4868,8.0637,2.0302,0.0000,4.6330,9.7741,9.8008,7.7985,9.3205,51.2981,1.0000
sub-003,ses-01,Fz,5,8,0,0,8.9272,5.2730,8.0502,5.7423,0.0000,4.1803,7.1207,7.1025,13.9601,8.7622,19.2848,11.0000
sub-003,ses-01,Fz,6,2,4,0,6.6946,8.8683,9.7701,3.0988,0.0000,3.7478,5.8596,5.7966,5.8907,8.5829,24.6500,11.0000
sub-003,ses-01,Fz,7,4,2,0,15.0783,6.2658,7.2274,8.9715,0.0000,5.7063,6.0764,5.9678,7.9007,6.7536,42.3773,1.0000
sub-003,ses-01,Fz,8,2,4,0,19.3068,11.5208,5.0941,4.0615,0.0000,4.8064,5.9641,5.9092,8.0821,6.8796,51.9176,1.0000
sub-003,ses-01,FCz,0,2,4,0,5.3366,8.1581,10.7263,4.8147,0.0000,4.2076,5.5564,5.5138,4.1642,7.4807,29.5861,11.0000
sub-003,ses-01,FCz,1,8,0,0,4.9514,6.1987,19.2473,4.2914,0.0000,5.0203,6.1243,6.0551,3.9100,6.4051,35.0896,11.0000
sub-003,ses-01,FCz,2,2,4,0,3.6903,5.4646,15.7848,7.5193,0.0000,5.3274,7.5661,7.5308,10.4669,8.1666,28.7518,13.0000
sub-003,ses-01,FCz,3,2,2,0,4.1094,8.8165,11.5164,4.0171,0.0000,4.0238,5.4472,5.4213,4.4266,7.7654,36.1690,11.0000
sub-003,ses-01,FCz,4,4,2,2,15.5655,10.2042,9.8869,2.6574,0.0000,4.5801,10.0123,10.0492,7.7505,8.0562,36.0311,1.0000
sub-003,ses-01,FCz,5,8,0,0,7.8709,9.1231,6.0722,5.4251,0.0000,4.0683,6.5062,6.5015,12.2730,6.6444,20.0601,11.0000
sub-003,ses-01,FCz,6,2,4,0,12.3941,4.3100,13.3444,3.4927,0.0000,4.4718,5.7206,5.6662,3.4247,6.7046,28.6381,11.0000
sub-003,ses-01,FCz,7,4,2,0,8.0571,3.0291,6.8690,10.6134,0.0000,5.1984,6.2348,6.1399,5.8315,7.4315,41.2932,14.0000
sub-003,ses-01,FCz,8,2,4,0,6.7264,10.9624,5.5443,4.7091,0.0000,3.8428,5.5637,5.5194,5.7325,6.9733,21.5658,6.0000
sub-003,ses-01,Cz,0,2,4,0,40.0882,22.8362,16.5568,6.9385,0.0000,10.2614,19.6270,19.6928,20.8467,14.7313,54.5707,3.0000
sub-003,ses-01,Cz,1,8,0,0,11.0415,4.4634,17.5357,4.5763,0.0000,5.2727,5.9318,5.8401,3.5518,5.9083,32.6636,10.0000
sub-003,ses-01,Cz,2,2,4,0,9.3284,3.7975,14.4688,7.8727,0.0000,5.6200,7.3243,7.2587,7.7320,8.2804,30.7852,1.0000
sub-003,ses-01,Cz,3,2,2,0,13.8579,10.0177,10.2813,3.4995,0.0000,4.7136,5.4791,5.4055,7.3279,8.0540,44.0642,1.0000
sub-003,ses-01,Cz,4,4,2,2,10.4877,9.2678,8.6607,5.0556,0.0000,4.5746,8.7901,8.7962,5.7025,6.3515,25.4626,1.0000
sub-003,ses-01,Cz,5,8,0,0,7.7630,6.2166,5.9973,4.2953,0.0000,3.4358,5.6987,5.6991,5.4551,6.1946,24.3499,11.0000
sub-003,ses-01,Cz,6,2,4,0,5.1054,3.3644,10.3324,5.9202,0.0000,4.0194,5.8392,5.7878,7.6464,5.7548,19.2083,12.0000
sub-003,ses-01,Cz,7,4,2,0,4.5107,3.6709,8.1089,6.8953,0.0000,3.9772,6.4723,6.4656,6.0185,6.7130,16.9451,20.0000
sub-003,ses-01,Cz,8,2,4,0,10.6433,8.3516,6.9866,5.7709,0.0000,4.4865,6.1313,6.0961,4.0513,6.6561,23.9060,1.0000
sub-003,ses-01,C4,0,2,4,0,9.3675,3.9049,12.5695,5.0946,0.0000,4.5288,6.1937,6.1460,5.2151,7.7438,25.6714,1.0000
sub-003,ses-01,C4,1,8,0,0,3.8552,2.4083,14.6037,4.9774,0.0000,4.1252,5.8205,5.7905,4.2034,7.2872,42.0082,11.0000
sub-003,ses-01,C4,2,2,4,0,6.6585,6.9558,9.8289,5.9250,0.0000,4.4292,6.3055,6.2782,4.0758,7.4644,19.0509,18.0000
sub-003,ses-01,C4,3,2,2,0,7.1330,12.9397,6.7054,4.0009,0.0000,4.0124,5.7640,5.7395,8.7712,6.7310,33.9757,7.0000
sub-003,ses-01,C4,4,4,2,2,5.9355,9.1484,8.4424,1.8219,0.0000,3.1320,7.2558,7.2926,7.2736,5.3746,20.1665,8.0000
sub-003,ses-01,C4,5,8,0,0,8.1147,6.9416,9.8244,4.8694,0.0000,4.2436,6.8634,6.8146,9.2945,8.8636,22.0510,1.0000
sub-003,ses-01,C4,6,2,4,0,4.3909,2.1598,17.0568,5.9001,0.0000,4.7731,5.4700,5.3753,7.7927,6.4923,31.9883,11.0000
sub-003,ses-01,C4,7,4,2,0,5.6835,3.2846,7.2485,4.3286,0.0000,3.1543,6.0900,6.0731,4.4090,6.0148,23.4779,10.0000
sub-003,ses-01,C4,8,2,4,0,12.7494,10.1885,9.8693,6.5742,0.0000,5.4984,5.9857,5.9000,6.1587,5.2925,29.3629,6.0000
sub-003,ses-01,CP4,0,2,4,0,18.1774,3.0334,13.3305,4.4731,0.0000,5.1855,6.5682,6.4829,4.0283,7.4907,27.7879,9.0000
sub-003,ses-01,CP4,1,8,0,0,7.8690,3.7536,13.7035,4.1904,0.0000,4.2601,5.4465,5.4000,4.1777,6.6508,22.8865,12.0000
sub-003,ses-01,CP4,2,2,4,0,7.9261,6.7005,9.0048,5.7231,0.0000,4.3473,6.3098,6.2834,4.7565,7.3619,23.2319,16.0000
sub-003,ses-01,CP4,3,2,2,0,3.5905,6.7539,6.1634,5.2663,0.0000,3.4144,5.2952,5.2803,7.7407,4.9235,18.8394,14.0000
sub-003,ses-01,CP4,4,4,2,2,5.1693,8.1362,5.9804,2.7136,0.0000,2.8926,9.1837,9.2758,8.3092,5.4572,16.1355,8.0000
sub-003,ses-01,CP4,5,8,0,0,15.3581,8.2674,11.7377,6.4922,0.0000,5.7983,7.0471,6.9281,9.1575,8.9611,43.8829,1.0000
sub-003,ses-01,CP4,6,2,4,0,6.3945,5.5408,18.7698,7.7434,0.0000,6.0703,5.9823,5.8696,8.6206,6.5310,37.0359,12.0000
sub-003,ses-01,CP4,7,4,2,0,5.1613,6.1350,4.8201,4.8119,0.0000,3.1782,5.7774,5.7729,4.4792,5.5912,17.3653,14.0000
sub-003,ses-01,CP4,8,2,4,0,15.6913,6.9951,9.1650,6.5760,0.0000,5.3773,6.5788,6.5092,6.1951,6.1183,35.5145,1.0000
sub-003,ses-01,O2,0,2,4,0,21.4979,6.5628,10.1368,7.7697,0.0000,6.3737,6.5570,6.4328,8.7427,5.9280,62.3993,1.0000
sub-003,ses-01,O2,1,8,0,0,6.6518,4.2376,16.7198,3.7163,0.0000,4.4695,6.0025,5.9432,3.2540,6.8819,42.9005,11.0000
sub-003,ses-01,O2,2,2,4,0,5.3426,9.9670,7.1645,4.5581,0.0000,3.8019,6.0997,6.0797,4.6175,7.4451,19.1258,7.0000
sub-003,ses-01,O2,3,2,2,0,21.0888,3.2491,11.4520,6.4785,0.0000,5.8206,6.0185,5.8720,4.4481,6.7382,72.7437,1.0000
sub-003,ses-01,O2,4,4,2,2,14.1597,6.5638,10.1870,6.2585,0.0000,5.2413,7.6627,7.6269,8.1480,7.2789,40.8613,1.0000
sub-003,ses-01,O2,5,8,0,0,14.4151,4.9663,13.2101,3.4015,0.0000,4.6746,7.7311,7.6978,4.0028,8.1665,52.1746,1.0000
sub-003,ses-01,O2,6,2,4,0,18.8502,5.9808,10.7752,5.0562,0.0000,5.3420,6.5571,6.4511,5.4121,8.2751,64.0068,1.0000
sub-003,ses-01,O2,7,4,2,0,12.7861,3.1661,8.8495,6.2512,0.0000,4.6086,5.7907,5.7035,7.9963,6.9600,43.3483,1.0000
sub-003,ses-01,O2,8,2,4,0,15.9568,4.3196,8.8387,4.0620,0.0000,4.3475,5.9230,5.8819,6.4814,6.6711,54.5442,1.0000
sub-003,ses-02,Fp1,0,4,2,0,8.8798,2.0152,16.6997,5.0122,0.0000,4.8590,5.5853,5.5185,3.0210,8.6850,42.5889,11.0000
sub-003,ses-02,Fp1,1,4,2,2,11.3929,4.8483,21.2099,5.7409,0.0000,6.2060,6.0581,5.9277,4.1895,5.6552,39.4425,11.0000
sub-003,ses-02,Fp1,2,4,0,0,9.2949,9.2551,7.9754,2.6674,0.0000,3.6449,6.3187,6.3153,4.2533,6.4658,27.2389,11.0000
sub-003,ses-02,Fp1,3,2,4,2,4.5877,2.4804,5.5207,5.7517,0.0000,3.1667,5.4797,5.4832,6.2640,6.4412,13.6731,13.0000
sub-003,ses-02,Fp1,4,2,2,4,13.1647,9.4974,20.6482,4.3350,0.0000,6.2998,6.2177,6.1091,6.9607,7.9867,63.1457,11.0000
sub-003,ses-02,Fp1,5,2,8,2,8.1075,3.4482,9.0224,4.8100,0.0000,3.7881,5.8960,5.8663,3.6272,5.9037,33.0261,11.0000
sub-003,ses-02,Fp1,6,4,2,2,18.3161,2.3175,8.9035,7.3769,0.0000,5.3920,6.6850,6.6076,5.7262,6.7175,69.5411,1.0000
sub-003,ses-02,Fp1,7,4,2,2,9.2011,5.0509,14.2134,4.0490,0.0000,4.5331,5.9369,5.8807,8.1049,7.9088,42.7743,11.0000
sub-003,ses-02,Fp1,8,8,2,0,13.1178,6.0799,3.0024,7.4659,0.0000,4.4619,6.2418,6.1981,8.5369,8.8586,28.9252,1.0000
sub-003,ses-02,Fp1,9,2,2,0,4.2324,8.4829,20.2988,6.6149,0.0000,6.0151,6.2227,6.1345,7.3696,6.8086,36.4456,11.0000
sub-003,ses-02,Fp1,10,4,2,2,4.7140,7.3166,9.7364,1.9729,0.0000,3.0742,6.4606,6.4819,3.9489,5.9784,18.1244,11.0000
sub-003,ses-02,Fp1,11,4,2,0,1.5317,4.9084,15.1201,3.7250,0.0000,3.8350,5.5596,5.5261,5.5376,5.7658,37.3538,11.0000
sub-003,ses-02,Fp1,12,4,2,2,11.2628,5.2299,14.5884,3.5255,0.0000,4.6356,22.0472,22.3526,4.6599,7.8182,28.3394,12.0000
sub-003,ses-02,Fp1,13,4,4,4,5.2880,7.6222,8.1660,10.2061,0.0000,5.4259,11.4891,11.5255,4.7480,7.6481,46.3616,19.0000
sub-003,ses-02,Fp1,14,4,2,2,5.4236,5.0872,13.5164,3.5290,0.0000,3.9307,5.7517,5.7239,6.5500,6.0542,28.6278,9.0000
sub-003,ses-02,Fp1,15,2,2,4,4.9313,2.1061,7.7619,4.1204,0.0000,2.9834,5.5178,5.5003,5.3489,5.4939,15.7582,12.0000
sub-003,ses-02,Fp1,16,2,2,2,13.5536,5.9578,23.8600,6.4098,0.0000,7.0822,7.5950,7.4275,10.8756,9.5329,60.4646,11.0000
sub-003,ses-02,Fp1,17,8,2,2,19.8403,5.2713,12.7333,4.7747,0.0000,5.5562,6.1452,6.0396,3.0144,7.7101,63.2205,1.0000
sub-003,ses-02,Fp1,18,8,2,0,11.3359,4.3722,22.4769,3.9419,0.0000,5.7893,6.3861,6.2995,6.5368,7.0584,55.9942,11.0000
sub-003,ses-02,Fp1,19,8,2,0,4.2369,4.9708,12.9444,4.5634,0.0000,4.0424,6.0391,5.9878,5.8064,5.9997,23.1411,11.0000
sub-003,ses-02,Fp1,20,8,2,0,59.8143,54.8662,39.8126,15.1049,0.0000,20.7898,23.3191,23.1132,58.7642,24.4040,96.2886,3.0000
sub-003,ses-02,Fp1,21,4,2,2,18.4904,9.6947,14.9448,3.4661,0.0000,5.7551,6.7239,6.6139,7.9617,5.0327,58.7179,1.0000
sub-003,ses-02,C3,0,4,2,0,10.2058,2.8405,12.6024,5.8348,0.0000,4.7361,6.4840,6.4339,6.3762,6.8555,30.0978,1.0000
sub-003,ses-02,C3,1,4,2,2,22.2819,6.5125,14.8337,7.1268,0.0000,6.9030,6.6707,6.4886,5.6039,6.4269,75.5274,1.0000
sub-003,ses-02,C3,2,4,0,0,8.1442,6.0533,6.4763,4.2545,0.0000,3.5106,5.8836,5.8849,3.7184,6.2448,20.8104,1.0000
sub-003,ses-02,C3,3,2,4,2,4.8245,3.2955,9.0079,2.5883,0.0000,2.7948,5.1631,5.1657,4.6539,4.6143,41.7086,12.0000
sub-003,ses-02,C3,4,2,2,4,13.5521,5.1845,17.0883,3.6295,0.0000,5.2247,5.7274,5.6064,7.0831,7.4662,54.3407,11.0000
sub-003,ses-02,C3,5,2,8,2,21.1591,6.6797,11.8275,4.6646,0.0000,5.6502,7.3456,7.2380,8.6591,5.9611,57.6608,1.0000
sub-003,ses-02,C3,6,4,2,2,19.6638,7.2353,8.1688,6.5886,0.0000,5.6340,6.2657,6.1776,8.6206,5.6174,69.0461,1.0000
sub-003,ses-02,C3,7,4,2,2,13.1692,14.3400,10.1797,3.7312,0.0000,5.1075,6.3246,6.2600,7.2947,6.7041,36.0594,1.0000
sub-003,ses-02,C3,8,8,2,0,19.5886,2.4830,4.8428,4.7140,0.0000,4.1541,6.1812,6.1226,5.4292,7.2738,68.2370,1.0000
sub-003,ses-02,C3,9,2,2,0,1.9208,4.7416,17.8059,6.5652,0.0000,5.0891,6.7619,6.7240,6.8812,6.4581,38.2335,9.0000
sub-003,ses-02,C3,10,4,2,2,15.4322,7.2956,6.4067,2.8016,0.0000,3.8552,6.3251,6.2996,10.0149,5.5951,49.4326,1.0000
sub-003,ses-02,C3,11,4,2,0,3.8726,6.1116,17.0841,2.4419,0.0000,4.0508,5.4635,5.4249,4.9758,5.6353,47.3684,11.0000
sub-003,ses-02,C3,12,4,2,2,57.1916,16.4851,8.5201,17.1537,0.0000,13.2285,38.3429,38.6188,11.6773,23.1224,85.9508,2.0000
sub-003,ses-02,C3,13,4,4,4,44.6738,13.8796,9.9754,21.6459,0.0000,13.3828,55.5714,56.2068,13.0646,35.6112,69.4240,22.0000
sub-003,ses-02,C3,14,4,2,2,10.2841,4.7003,5.3455,2.9407,0.0000,3.0288,5.4030,5.3763,3.3390,5.7522,31.2140,1.0000
sub-003,ses-02,C3,15,2,2,4,11.1851,4.6123,16.8222,4.9071,0.0000,5.3004,6.2318,6.1607,12.8792,6.2521,34.5463,8.0000
sub-003,ses-02,C3,16,2,2,2,21.1836,7.3198,11.7186,5.9178,0.0000,6.0757,6.5288,6.3745,8.1423,6.6206,70.0464,1.0000
sub-003,ses-02,C3,17,8,2,2,7.4778,7.9946,9.9498,2.7728,0.0000,3.6659,5.7178,5.7087,5.5926,5.1432,26.0096,11.0000
sub-003,ses-02,C3,18,8,2,0,17.7329,2.8389,15.1198,3.1831,0.0000,4.9857,5.8905,5.8238,7.0126,5.6148,46.9531,11.0000
sub-003,ses-02,C3,19,8,2,0,10.6513,2.3656,11.8545,4.6932,0.0000,4.2839,6.7194,6.6833,7.7838,8.8767,40.1389,11.0000
sub-003,ses-02,C3,20,8,2,0,15.2869,6.0501,10.3025,6.6604,0.0000,5.4360,10.1811,10.1856,5.9932,5.4194,48.0203,1.0000
sub-003,ses-02,C3,21,4,2,2,19.2501,2.7593,10.3702,4.0353,0.0000,4.7144,6.6050,6.5277,6.4906,6.0298,62.7805,1.0000
sub-003,ses-02,CP3,0,4,2,0,5.0612,4.4695,13.0437,4.9329,0.0000,4.1980,6.3629,6.3148,3.8963,6.7561,33.1737,11.0000
sub-003,ses-02,CP3,1,4,2,2,10.8932,11.2575,10.0773,7.4981,0.0000,5.7335,5.6508,5.5457,7.0633,5.6405,33.2493,1.0000
sub-003,ses-02,CP3,2,4,0,0,10.0136,4.7469,8.8364,4.6229,0.0000,4.0037,5.8788,5.8502,4.4713,6.1007,23.6646,1.0000
sub-003,ses-02,CP3,3,2,4,2,5.3097,9.8910,12.5067,2.9096,0.0000,4.0388,5.6512,5.5986,7.1453,6.6315,51.4272,12.0000
sub-003,ses-02,CP3,4,2,2,4,14.2894,7.7405,16.8731,5.3162,0.0000,6.0109,6.3445,6.2472,9.2085,6.9388,51.0441,11.0000
sub-003,ses-02,CP3,5,2,8,2,7.1655,5.4570,11.9061,4.4542,0.0000,4.1821,6.0166,5.9892,7.1023,5.8072,32.5363,11.0000
sub-003,ses-02,CP3,6,4,2,2,10.1608,9.4092,6.6321,3.3556,0.0000,3.7604,5.8950,5.8799,7.7921,6.6034,28.7787,1.0000
sub-003,ses-02,CP3,7,4,2,2,5.5752,14.9103,10.7431,3.8486,0.0000,4.5682,6.8333,6.7997,11.0968,8.4685,29.3499,7.0000
sub-003,ses-02,CP3,8,8,2,0,18.0788,5.9514,8.5086,4.2704,0.0000,4.7137,7.9576,7.9559,4.7396,6.4819,38.9331,1.0000
sub-003,ses-02,CP3,9,2,2,0,12.2839,5.1075,14.1452,6.5845,0.0000,5.5822,7.1433,7.0896,7.8711,8.7857,28.9170,11.0000
sub-003,ses-02,CP3,10,4,2,2,3.3102,13.9790,7.4803,5.4095,0.0000,4.2875,6.9687,6.9338,14.1523,6.9385,24.0459,7.0000
sub-003,ses-02,CP3,11,4,2,0,9.7215,5.9972,18.2188,2.0024,0.0000,4.6097,5.7539,5.6929,5.0478,6.7295,44.7792,11.0000
sub-003,ses-02,CP3,12,4,2,2,55.0440,13.3892,4.8171,14.8800,0.0000,11.5366,40.5861,40.9579,8.4833,27.0368,83.9199,2.0000
sub-003,ses-02,CP3,13,4,4,4,46.8210,11.0020,13.0420,28.1836,0.0000,15.7193,56.3441,56.8883,13.9977,36.4628,88.5054,22.0000
sub-003,ses-02,CP3,14,4,2,2,21.3065,2.4565,9.8294,4.5607,0.0000,4.9609,5.9029,5.7976,5.1256,7.1076,53.2629,1.0000
sub-003,ses-02,CP3,15,2,2,4,3.9333,8.1035,11.5146,5.0581,0.0000,4.2556,6.3735,6.3503,15.5141,5.7737,30.0138,8.0000
sub-003,ses-02,CP3,16,2,2,2,14.0604,7.8817,13.6471,4.2744,0.0000,5.2376,6.2655,6.1961,10.3623,6.9785,36.5690,1.0000
sub-003,ses-02,CP3,17,8,2,2,7.7803,7.4373,10.0751,2.3880,0.0000,3.5434,5.9633,5.9409,4.2964,5.5812,21.9711,11.0000
sub-003,ses-02,CP3,18,8,2,0,11.9759,2.5744,17.2552,5.9321,0.0000,5.5547,6.3199,6.2414,7.0348,5.4962,53.2669,11.0000
sub-003,ses-02,CP3,19,8,2,0,4.3159,1.1731,16.0888,4.4315,0.0000,4.0953,7.6611,7.6314,10.7750,11.0927,38.5580,11.0000
sub-003,ses-02,CP3,20,8,2,0,15.3186,5.1597,7.8754,3.9786,0.0000,4.2067,9.2540,9.2579,7.3039,6.1136,20.8116,1.0000
sub-003,ses-02,CP3,21,4,2,2,14.6196,1.3499,15.2994,7.2285,0.0000,5.8057,6.3375,6.2445,8.4795,5.9694,39.1782,1.0000
sub-003,ses-02,O1,0,4,2,0,25.4112,7.6703,10.6438,4.2697,0.0000,5.8534,5.9026,5.7925,7.1635,6.1079,48.8899,1.0000
sub-003,ses-02,O1,1,4,2,2,13.9248,7.2905,12.8027,3.4376,0.0000,4.7992,5.8245,5.7724,5.2958,5.5323,41.8497,11.0000
sub-003,ses-02,O1,2,4,0,0,20.3403,4.7774,9.6463,6.0712,0.0000,5.5180,6.4633,6.3388,5.8704,5.8231,55.9406,1.0000
sub-003,ses-02,O1,3,2,4,2,8.0078,1.5860,16.5684,3.2397,0.0000,4.1837,5.8131,5.7528,3.3921,4.6955,33.9939,10.0000
sub-003,ses-02,O1,4,2,2,4,22.6101,6.7696,7.8494,4.1343,0.0000,5.0782,6.1963,6.0807,5.8771,4.7513,69.9018,1.0000
sub-003,ses-02,O1,5,2,8,2,24.9018,2.3258,10.9959,2.8362,0.0000,4.9246,5.5033,5.3983,3.1924,6.0847,70.5306,1.0000
sub-003,ses-02,O1,6,4,2,2,29.9157,8.9647,7.5411,6.3561,0.0000,6.5906,5.6907,5.4916,8.1602,5.1563,72.4653,1.0000
sub-003,ses-02,O1,7,4,2,2,10.8706,11.0182,9.7832,4.6651,0.0000,4.8116,5.7704,5.6535,8.8344,6.1791,40.0026,11.0000
sub-003,ses-02,O1,8,8,2,0,3.9963,8.0634,22.2391,5.0791,0.0000,5.7605,7.0873,7.0213,8.3486,7.2167,40.3518,11.0000
sub-003,ses-02,O1,9,2,2,0,14.4308,4.2507,7.0596,3.3309,0.0000,3.7299,6.4485,6.3976,6.3192,5.5836,40.9511,1.0000
sub-003,ses-02,O1,10,4,2,2,16.9114,3.7734,15.1631,6.2829,0.0000,5.9394,6.1566,5.9994,6.6330,5.9774,60.6504,1.0000
sub-003,ses-02,O1,11,4,2,0,15.7302,9.4218,5.0374,4.1694,0.0000,4.3031,5.8305,5.7765,6.2190,5.2634,41.7814,1.0000
sub-003,ses-02,O1,12,4,2,2,5.9874,4.5750,7.5041,5.2175,0.0000,3.6070,9.8660,9.9427,10.8649,5.6259,19.9239,2.0000
sub-003,ses-02,O1,13,4,4,4,13.7410,13.2567,6.8559,9.2614,0.0000,6.2680,10.4612,10.4416,8.1918,6.5175,41.5527,1.0000
sub-003,ses-02,O1,14,4,2,2,15.0842,5.5965,7.7968,3.7565,0.0000,4.1474,7.3660,7.3517,7.6089,7.2180,31.6748,1.0000
sub-003,ses-02,O1,15,2,2,4,18.6108,8.1517,7.9130,3.5570,0.0000,4.6691,6.6951,6.6591,9.1185,4.1202,32.2327,9.0000
sub-003,ses-02,O1,16,2,2,2,21.8300,4.5212,11.9229,4.3882,0.0000,5.4416,6.2425,6.1550,5.6077,5.9079,67.5000,1.0000
sub-003,ses-02,O1,17,8,2,2,5.5572,1.5562,16.6629,3.9564,0.0000,4.1829,5.5334,5.4785,7.3757,9.7898,56.9111,11.0000
sub-003,ses-02,O1,18,8,2,0,18.9986,8.1568,3.6692,4.1150,0.0000,4.2822,5.5248,5.4405,5.9498,6.5234,63.0470,1.0000
sub-003,ses-02,O1,19,8,2,0,2.8406,3.9461,13.3918,3.0696,0.0000,3.4280,5.4757,5.4667,5.5425,5.9376,33.1908,11.0000
sub-003,ses-02,O1,20,8,2,0,16.7150,7.1288,7.7560,8.0932,0.0000,5.7470,17.7117,17.8769,6.9142,12.0717,35.7550,20.0000
sub-003,ses-02,O1,21,4,2,2,5.0722,5.2059,15.7259,5.0671,0.0000,4.6823,6.3345,6.2944,5.0566,6.6746,29.0911,10.0000
sub-003,ses-02,Pz,0,4,2,0,11.0557,8.6736,11.6142,4.0623,0.0000,4.6840,6.5390,6.4904,6.4276,8.8361,36.8127,11.0000
sub-003,ses-02,Pz,1,4,2,2,7.9535,9.3375,4.8440,4.2003,0.0000,3.5542,6.5916,6.5825,8.9695,9.0956,24.4454,1.0000
sub-003,ses-02,Pz,2,4,0,0,12.0746,1.5363,11.3065,4.1511,0.0000,4.0988,5.2833,5.2153,7.0341,4.1090,38.4532,1.0000
sub-003,ses-02,Pz,3,2,4,2,4.2766,6.2015,14.1189,3.8336,0.0000,4.1038,6.3636,6.3466,6.0069,8.1352,34.5553,9.0000
sub-003,ses-02,Pz,4,2,2,4,2.7907,8.7660,12.4568,5.8852,0.0000,4.5924,5.6248,5.5481,6.2083,6.3654,44.7374,11.0000
sub-003,ses-02,Pz,5,2,8,2,17.1646,2.3928,13.8420,5.5778,0.0000,5.4370,6.6883,6.6196,3.7490,7.0711,34.4031,3.0000
sub-003,ses-02,Pz,6,4,2,2,10.0392,9.1610,14.8410,3.2117,0.0000,4.8279,5.7942,5.7345,5.4195,5.5620,40.0581,11.0000
sub-003,ses-02,Pz,7,4,2,2,18.3696,10.6091,16.6224,6.6429,0.0000,7.0234,7.0392,6.8842,7.6122,7.7480,51.4662,1.0000
sub-003,ses-02,Pz,8,8,2,0,3.3582,7.7106,11.4324,4.3480,0.0000,3.9394,5.6433,5.6241,5.9823,6.9231,19.7225,11.0000
sub-003,ses-02,Pz,9,2,2,0,5.5597,3.4147,17.8897,3.0190,0.0000,4.2438,6.1996,6.1655,5.3422,6.6137,42.4739,11.0000
sub-003,ses-02,Pz,10,4,2,2,13.0693,5.1585,10.1527,5.5717,0.0000,4.7967,6.1521,6.0967,3.3270,5.2331,35.8665,1.0000
sub-003,ses-02,Pz,11,4,2,0,19.0648,7.6423,9.6141,3.7645,0.0000,4.9640,6.6649,6.5969,3.3583,8.4370,37.6050,1.0000
sub-003,ses-02,Pz,12,4,2,2,18.0976,7.2995,7.9601,3.8741,0.0000,4.6445,11.7446,11.8135,5.8895,5.3784,34.1756,1.0000
sub-003,ses-02,Pz,13,4,4,4,9.3662,6.0309,9.8632,3.8413,0.0000,3.9699,11.0628,11.1435,8.0626,6.7733,24.0093,1.0000
sub-003,ses-02,Pz,14,4,2,2,13.2769,6.8002,10.4621,3.5542,0.0000,4.4020,5.7761,5.7166,6.6904,6.9783,24.8034,2.0000
sub-003,ses-02,Pz,15,2,2,4,18.3690,7.2126,12.3117,4.0630,0.0000,5.3259,6.2042,6.1292,8.7439,6.3899,62.3671,1.0000
sub-003,ses-02,Pz,16,2,2,2,3.3616,5.0830,14.1892,5.2172,0.0000,4.3427,5.9420,5.9074,6.4617,4.3895,27.9304,10.0000
sub-003,ses-02,Pz,17,8,2,2,12.5331,3.1456,14.1126,3.3836,0.0000,4.4506,5.5777,5.5253,4.7533,5.4752,42.6787,11.0000
sub-003,ses-02,Pz,18,8,2,0,11.6565,3.0036,12.8104,3.5116,0.0000,4.2129,6.6787,6.6562,4.0451,8.7740,35.2068,1.0000
sub-003,ses-02,Pz,19,8,2,0,11.3540,5.9881,13.2183,6.6895,0.0000,5.4800,5.4268,5.3351,3.0032,5.4061,41.1953,11.0000
sub-003,ses-02,Pz,20,8,2,0,76.2900,24.9190,25.3255,15.0259,0.0000,17.4913,27.2094,27.1170,28.4742,20.0141,87.3643,3.0000
sub-003,ses-02,Pz,21,4,2,2,4.7173,6.8948,16.9710,5.6875,0.0000,5.1677,6.0925,6.0404,5.9479,6.4846,40.0384,11.0000
sub-003,ses-02,Fp2,0,4,2,0,7.9839,3.0729,16.9680,6.4629,0.0000,5.3500,6.1779,6.1070,3.6406,9.4114,46.0343,11.0000
sub-003,ses-02,Fp2,1,4,2,2,11.9368,12.2552,21.9370,4.3905,0.0000,6.6388,5.7513,5.6023,5.7299,5.7631,43.4417,11.0000
sub-003,ses-02,Fp2,2,4,0,0,4.1988,9.6461,8.0286,2.9818,0.0000,3.3096,6.2275,6.2354,4.1294,6.9512,25.9008,11.0000
sub-003,ses-02,Fp2,3,2,4,2,3.3068,2.9024,5.4018,4.4057,0.0000,2.6633,5.9687,6.0050,7.7789,4.9652,14.9922,13.0000
sub-003,ses-02,Fp2,4,2,2,4,10.9956,7.4796,23.1111,5.6041,0.0000,6.6377,6.2382,6.1184,7.4722,7.7014,61.2287,11.0000
sub-003,ses-02,Fp2,5,2,8,2,10.1926,4.0671,9.5818,5.1935,0.0000,4.2336,5.8235,5.7823,3.7746,6.4373,41.7728,11.0000
sub-003,ses-02,Fp2,6,4,2,2,13.2850,1.4217,7.9250,6.6957,0.0000,4.4982,6.0413,5.9944,4.2503,6.3616,48.7396,1.0000
sub-003,ses-02,Fp2,7,4,2,2,7.0036,6.9367,14.7303,2.6338,0.0000,4.1484,6.0422,6.0117,6.4483,7.8628,50.0077,11.0000
sub-003,ses-02,Fp2,8,8,2,0,8.3546,6.1279,4.0456,5.4765,0.0000,3.5674,6.0620,6.0483,6.2487,7.7812,14.0510,17.0000
sub-003,ses-02,Fp2,9,2,2,0,7.7302,10.7468,17.0797,5.2768,0.0000,5.6973,6.4314,6.3460,5.8443,7.8437,35.5894,11.0000
sub-003,ses-02,Fp2,10,4,2,2,10.3640,9.9459,9.4689,2.6368,0.0000,4.0077,6.2105,6.1934,4.0831,5.7195,23.2882,2.0000
sub-003,ses-02,Fp2,11,4,2,0,2.2837,5.5265,11.2750,3.6760,0.0000,3.4111,5.8349,5.8289,4.7646,6.5222,32.6497,11.0000
sub-003,ses-02,Fp2,12,4,2,2,10.8079,7.0082,12.7823,4.1150,0.0000,4.6850,18.6059,18.8298,4.3013,6.8611,26.7760,12.0000
sub-003,ses-02,Fp2,13,4,4,4,6.3096,5.9953,6.7987,12.7597,0.0000,5.9509,11.4905,11.4979,5.0237,6.2370,50.1729,19.0000
sub-003,ses-02,Fp2,14,4,2,2,5.6637,4.6831,13.1183,2.7658,0.0000,3.6291,5.4116,5.3887,7.0080,5.2235,30.3092,9.0000
sub-003,ses-02,Fp2,15,2,2,4,9.9856,8.9531,7.9123,2.4488,0.0000,3.6061,5.6930,5.6694,7.4880,4.9384,21.5674,1.0000
sub-003,ses-02,Fp2,16,2,2,2,13.2823,8.0678,23.1239,5.7791,0.0000,6.9598,7.4534,7.2821,9.6262,9.8000,61.7819,11.0000
sub-003,ses-02,Fp2,17,8,2,2,19.7400,3.9686,12.2055,4.2622,0.0000,5.1971,5.7467,5.6725,4.6574,7.4231,69.0419,1.0000
sub-003,ses-02,Fp2,18,8,2,0,18.5181,7.8876,19.7743,2.5968,0.0000,6.0006,6.5191,6.4298,6.9097,8.5087,46.3678,11.0000
sub-003,ses-02,Fp2,19,8,2,0,4.1936,2.9432,14.5869,5.3326,0.0000,4.3114,6.0411,6.0064,5.2631,5.3726,25.3908,9.0000
sub-003,ses-02,Fp2,20,8,2,0,14.5205,7.8768,12.2870,6.7247,0.0000,5.8310,10.4618,10.4771,4.4670,4.9867,42.9951,20.0000
sub-003,ses-02,Fp2,21,4,2,2,15.9556,9.1325,14.9528,2.8970,0.0000,5.2960,6.7190,6.6661,7.5708,5.5697,44.6910,1.0000
sub-003,ses-02,Fz,0,4,2,0,5.1742,2.9435,18.3875,6.3216,0.0000,5.2320,6.7028,6.6499,3.9000,9.6284,43.7337,11.0000
sub-003,ses-02,Fz,1,4,2,2,10.2031,7.4853,19.7304,4.7966,0.0000,5.8486,5.8732,5.7686,7.3232,4.7792,43.8382,11.0000
sub-003,ses-02,Fz,2,4,0,0,15.6999,10.4958,8.4910,4.3280,0.0000,4.9301,6.4460,6.3843,4.6007,8.7143,39.7803,1.0000
sub-003,ses-02,Fz,3,2,4,2,7.9698,2.3058,3.6546,3.7559,0.0000,2.6013,5.8928,5.8935,5.3434,5.1925,23.3449,1.0000
sub-003,ses-02,Fz,4,2,2,4,8.5947,6.7588,21.1868,5.9053,0.0000,6.1699,6.4057,6.3070,4.6338,7.6083,60.6938,11.0000
sub-003,ses-02,Fz,5,2,8,2,20.2843,7.6217,9.0271,3.8391,0.0000,5.0162,6.8314,6.7571,4.3060,8.4105,67.5235,1.0000
sub-003,ses-02,Fz,6,4,2,2,19.0275,3.3077,5.6101,5.6270,0.0000,4.5617,6.6491,6.5960,5.3390,6.4457,70.2056,1.0000
sub-003,ses-02,Fz,7,4,2,2,11.5202,4.8522,16.8463,2.9937,0.0000,4.7787,6.3799,6.2759,9.3543,9.0466,45.5916,11.0000
sub-003,ses-02,Fz,8,8,2,0,7.0223,4.0456,2.2972,5.7198,0.0000,3.0793,6.1354,6.1497,7.2562,7.5947,14.1219,22.0000
sub-003,ses-02,Fz,9,2,2,0,7.5152,10.3039,16.6828,3.9910,0.0000,5.1920,6.5086,6.4564,4.7974,6.8469,31.8378,11.0000
sub-003,ses-02,Fz,10,4,2,2,16.4173,10.6924,8.4324,4.0884,0.0000,4.9345,6.2942,6.2234,4.6518,7.2738,54.1316,1.0000
sub-003,ses-02,Fz,11,4,2,0,11.6463,4.1177,14.2142,2.5572,0.0000,4.2229,5.7229,5.6739,3.5736,4.6447,43.1563,1.0000
sub-003,ses-02,Fz,12,4,2,2,20.8575,1.7897,12.4668,1.0241,0.0000,4.1559,13.1115,13.2266,5.5449,6.0958,42.8618,1.0000
sub-003,ses-02,Fz,13,4,4,4,14.5391,8.5630,8.9431,4.4040,0.0000,4.7284,7.2894,7.2269,8.8799,6.6597,54.2343,1.0000
sub-003,ses-02,Fz,14,4,2,2,6.3728,11.1387,8.6416,2.3438,0.0000,3.5434,5.1969,5.1692,7.1079,5.4299,23.5410,7.0000
sub-003,ses-02,Fz,15,2,2,4,8.4106,10.4323,6.2172,3.7379,0.0000,3.7504,6.2802,6.2648,12.7802,5.3582,18.6733,7.0000
sub-003,ses-02,Fz,16,2,2,2,20.3769,4.7268,20.7117,4.9993,0.0000,6.7366,7.1576,6.9926,6.5845,8.1221,62.9276,1.0000
sub-003,ses-02,Fz,17,8,2,2,4.5042,4.5425,13.2397,5.8810,0.0000,4.4669,6.0368,5.9929,3.9618,6.9767,38.5890,11.0000
sub-003,ses-02,Fz,18,8,2,0,2.5358,3.4887,21.2032,2.8620,0.0000,4.3842,5.8446,5.8012,5.6998,6.3878,43.3588,11.0000
sub-003,ses-02,Fz,19,8,2,0,7.4577,3.3289,12.7735,4.0753,0.0000,4.0178,6.1494,6.1307,5.0064,6.2406,23.3475,11.0000
sub-003,ses-02,Fz,20,8,2,0,4.3238,2.5362,12.8868,6.3901,0.0000,4.3682,6.8637,6.8525,6.1997,5.3109,25.0279,11.0000
sub-003,ses-02,Fz,21,4,2,2,22.9011,7.7598,12.6312,2.3243,0.0000,5.3174,6.9186,6.8278,7.6168,5.4031,64.1912,1.0000
sub-003,ses-02,FCz,0,4,2,0,4.3976,5.0727,19.6466,5.5965,0.0000,5.3143,6.7393,6.6918,4.6359,8.4004,44.7661,11.0000
sub-003,ses-02,FCz,1,4,2,2,16.9900,7.6427,17.9253,5.5423,0.0000,6.4682,6.2143,6.0915,8.7722,4.8915,51.3194,1.0000
sub-003,ses-02,FCz,2,4,0,0,10.8419,10.9529,9.0984,6.5528,0.0000,5.2780,6.2733,6.2245,4.1548,8.3859,33.9237,11.0000
sub-003,ses-02,FCz,3,2,4,2,6.8580,2.6481,5.7480,4.4615,0.0000,3.0352,6.2646,6.2854,6.1679,5.5947,19.1996,22.0000
sub-003,ses-02,FCz,4,2,2,4,8.7208,6.2887,19.6923,5.3770,0.0000,5.7696,6.2524,6.1629,4.2417,7.7277,55.7654,11.0000
sub-003,ses-02,FCz,5,2,8,2,17.9544,10.0687,9.4123,3.6026,0.0000,5.0093,6.7314,6.6569,4.6060,10.2080,64.6555,1.0000
sub-003,ses-02,FCz,6,4,2,2,20.8714,3.9054,5.0065,5.4296,0.0000,4.6449,6.9412,6.8868,6.6343,6.1547,75.6059,1.0000
sub-003,ses-02,FCz,7,4,2,2,11.9857,5.5283,18.0620,2.3302,0.0000,4.8540,6.1809,6.0687,9.8834,8.3199,45.2723,11.0000
sub-003,ses-02,FCz,8,8,2,0,9.6054,4.7239,3.8320,5.5692,0.0000,3.5514,6.3291,6.3286,6.0250,7.7676,16.4431,18.0000
sub-003,ses-02,FCz,9,2,2,0,4.9043,8.1276,19.0790,3.7676,0.0000,5.0135,6.7252,6.6882,4.1407,6.4502,33.0040,11.0000
sub-003,ses-02,FCz,10,4,2,2,3.7566,9.8078,9.6179,5.4930,0.0000,4.2645,5.9729,5.9359,5.0935,7.5049,28.4540,7.0000
sub-003,ses-02,FCz,11,4,2,0,7.1285,3.0752,14.0697,2.0124,0.0000,3.5208,5.6201,5.6035,3.9380,4.8622,34.5707,11.0000
sub-003,ses-02,FCz,12,4,2,2,20.2377,1.7865,10.4546,1.4828,0.0000,3.9558,10.5160,10.5841,5.4216,6.9428,40.3615,12.0000
sub-003,ses-02,FCz,13,4,4,4,11.5275,7.6857,9.4835,3.2589,0.0000,4.0958,6.0626,6.0272,7.1397,5.7514,27.8155,1.0000
sub-003,ses-02,FCz,14,4,2,2,7.3777,10.8239,7.5510,3.0944,0.0000,3.6823,5.4805,5.4505,6.5879,5.6467,24.2306,7.0000
sub-003,ses-02,FCz,15,2,2,4,9.6694,10.0286,5.6177,3.7551,0.0000,3.7515,6.1877,6.1713,10.9568,5.9086,20.8834,11.0000
sub-003,ses-02,FCz,16,2,2,2,17.9092,4.6961,18.7420,5.4227,0.0000,6.3574,7.2488,7.1261,7.5134,7.1510,59.1249,11.0000
sub-003,ses-02,FCz,17,8,2,2,3.2742,3.8277,13.1750,4.8238,0.0000,3.9574,5.7593,5.7375,4.7238,5.9315,35.7875,11.0000
sub-003,ses-02,FCz,18,8,2,0,3.7189,2.6247,17.9907,4.3737,0.0000,4.4227,5.5811,5.5284,7.1798,6.0009,38.6895,11.0000
sub-003,ses-02,FCz,19,8,2,0,7.1507,3.1067,9.0994,3.5956,0.0000,3.3109,6.4063,6.3860,5.9975,6.6238,24.6720,11.0000
sub-003,ses-02,FCz,20,8,2,0,10.2788,2.3902,12.4028,4.0322,0.0000,4.1282,7.1073,7.1073,6.3728,6.2364,25.5662,11.0000
sub-003,ses-02,FCz,21,4,2,2,12.6068,7.8251,11.1692,3.1821,0.0000,4.4212,5.7318,5.6485,6.8273,5.5845,25.4293,1.0000
sub-003,ses-02,Cz,0,4,2,0,9.2863,2.8099,14.7490,5.1660,0.0000,4.7450,6.4782,6.4143,4.0393,8.2173,37.4690,11.0000
sub-003,ses-02,Cz,1,4,2,2,20.1319,12.9970,12.8119,6.3283,0.0000,6.7827,6.6119,6.4328,7.4764,5.2876,58.6477,1.0000
sub-003,ses-02,Cz,2,4,0,0,17.5591,9.4291,11.0858,3.6239,0.0000,5.1530,5.4261,5.3272,5.7772,5.9240,41.0477,1.0000
sub-003,ses-02,Cz,3,2,4,2,3.4065,1.6493,9.6207,3.8522,0.0000,2.9773,6.8631,6.8941,7.0678,5.9645,18.2641,9.0000
sub-003,ses-02,Cz,4,2,2,4,17.0431,8.6923,16.3844,4.7015,0.0000,6.1016,5.7961,5.6300,5.6562,7.2041,49.2109,11.0000
sub-003,ses-02,Cz,5,2,8,2,16.5943,8.4541,9.3119,3.1661,0.0000,4.5866,6.8250,6.7810,5.4479,11.3077,53.6143,1.0000
sub-003,ses-02,Cz,6,4,2,2,18.6499,3.5709,9.8271,7.4584,0.0000,5.6932,6.5491,6.4595,6.8348,6.5445,64.1871,1.0000
sub-003,ses-02,Cz,7,4,2,2,14.0876,10.7238,16.8920,6.3457,0.0000,6.5835,6.4055,6.2657,7.8962,8.2285,43.6618,1.0000
sub-003,ses-02,Cz,8,8,2,0,14.6306,9.1142,6.9197,5.1885,0.0000,4.7430,6.4524,6.4179,4.9941,7.7045,34.5787,1.0000
sub-003,ses-02,Cz,9,2,2,0,5.9184,5.5840,18.7192,3.7005,0.0000,4.8007,6.8642,6.8302,4.0581,5.8206,30.2554,11.0000
sub-003,ses-02,Cz,10,4,2,2,3.8903,7.0003,12.3581,5.5186,0.0000,4.4059,5.8416,5.7903,6.7790,5.4489,29.9500,16.0000
sub-003,ses-02,Cz,11,4,2,0,7.5059,4.6720,14.1399,3.0436,0.0000,4.0260,5.9346,5.8967,5.5323,6.4183,35.1641,10.0000
sub-003,ses-02,Cz,12,4,2,2,17.0402,5.9995,11.3701,3.2352,0.0000,4.7079,9.4479,9.4475,7.5552,7.8101,33.8133,12.0000
sub-003,ses-02,Cz,13,4,4,4,9.2046,3.2535,8.3317,3.6962,0.0000,3.4389,5.8482,5.8307,4.1161,5.7056,25.8665,10.0000
sub-003,ses-02,Cz,14,4,2,2,14.9020,8.7593,6.9471,5.9826,0.0000,4.9791,5.5139,5.4357,5.9157,5.7583,30.4883,1.0000
sub-003,ses-02,Cz,15,2,2,4,14.3885,5.0158,8.9274,2.7940,0.0000,3.8954,6.1183,6.0856,9.6094,5.9547,37.8756,1.0000
sub-003,ses-02,Cz,16,2,2,2,22.2046,8.4085,16.5007,5.8894,0.0000,6.9307,6.6465,6.4703,9.2739,5.3962,66.3529,1.0000
sub-003,ses-02,Cz,17,8,2,2,2.4800,1.4488,14.8871,4.7290,0.0000,3.8724,5.5579,5.5383,5.4195,6.0754,33.7198,11.0000
sub-003,ses-02,Cz,18,8,2,0,20.4290,3.4079,14.6334,4.0057,0.0000,5.4703,6.7315,6.6173,5.7495,6.7277,60.8779,1.0000
sub-003,ses-02,Cz,19,8,2,0,8.6046,4.8870,8.4265,3.3579,0.0000,3.4460,6.4328,6.4066,2.7888,7.9206,26.6140,11.0000
sub-003,ses-02,Cz,20,8,2,0,17.4932,2.3466,10.7176,3.6215,0.0000,4.4359,7.6235,7.5873,5.4989,7.5228,52.1863,1.0000
sub-003,ses-02,Cz,21,4,2,2,5.7436,9.3950,14.9441,2.2042,0.0000,4.1598,5.7535,5.7230,5.8243,5.6447,31.6131,11.0000
sub-003,ses-02,C4,0,4,2,0,12.4845,8.4489,13.7071,4.3983,0.0000,5.1896,6.1547,6.0730,4.5450,8.5974,44.7250,11.0000
sub-003,ses-02,C4,1,4,2,2,19.8008,5.0606,11.5399,6.2342,0.0000,5.8077,6.1802,6.0390,6.7057,5.9431,41.5370,11.0000
sub-003,ses-02,C4,2,4,0,0,13.2150,8.2840,5.7050,3.4462,0.0000,3.8378,5.3313,5.2886,4.6343,5.1967,22.2334,1.0000
sub-003,ses-02,C4,3,2,4,2,7.4033,8.0179,5.1920,5.4959,0.0000,3.8205,6.9982,6.9760,6.2408,5.8556,25.6788,5.0000
sub-003,ses-02,C4,4,2,2,4,35.5817,12.0834,16.6335,6.3502,0.0000,8.6748,14.4993,14.4830,10.1238,9.3314,65.8023,3.0000
sub-003,ses-02,C4,5,2,8,2,13.7011,4.5987,15.9151,3.3456,0.0000,4.9345,5.5425,5.4500,6.1025,8.2747,39.7247,11.0000
sub-003,ses-02,C4,6,4,2,2,20.9664,7.4180,10.0911,6.7558,0.0000,6.0909,6.3537,6.2578,4.5469,5.5644,58.7723,1.0000
sub-003,ses-02,C4,7,4,2,2,9.2246,6.7130,12.0948,6.6290,0.0000,5.1743,6.7169,6.6458,4.9141,7.3343,36.2640,11.0000
sub-003,ses-02,C4,8,8,2,0,4.7485,2.5671,8.6129,6.4114,0.0000,3.8206,5.7871,5.7575,3.4442,6.6404,21.1102,17.0000
sub-003,ses-02,C4,9,2,2,0,3.9021,4.0354,19.3429,3.9905,0.0000,4.6438,6.0347,5.9808,5.3742,5.5921,46.4910,11.0000
sub-003,ses-02,C4,10,4,2,2,9.2565,2.6310,6.6845,4.8646,0.0000,3.5092,5.4081,5.3907,6.7409,5.1941,16.5064,17.0000
sub-003,ses-02,C4,11,4,2,0,6.8095,5.4346,10.2730,3.6844,0.0000,3.6863,5.9175,5.9013,5.2044,5.6637,23.7361,8.0000
sub-003,ses-02,C4,12,4,2,2,29.1636,3.6668,4.1942,6.1800,0.0000,5.5076,19.6277,19.8391,8.3325,10.1841,42.3258,2.0000
sub-003,ses-02,C4,13,4,4,4,14.9289,5.9179,7.3567,23.4976,0.0000,10.0697,29.3110,29.5444,9.4279,10.8491,69.1158,20.0000
sub-003,ses-02,C4,14,4,2,2,2.1230,1.9613,8.0771,3.0063,0.0000,2.4158,5.6323,5.6563,7.8718,5.8277,21.3712,10.0000
sub-003,ses-02,C4,15,2,2,4,1.6044,14.6251,12.1347,3.3469,0.0000,4.2148,5.7117,5.6671,6.3724,5.0387,34.3010,5.0000
sub-003,ses-02,C4,16,2,2,2,18.0592,9.4265,14.5231,5.3988,0.0000,6.2155,6.6065,6.5031,8.5839,7.7706,42.2557,11.0000
sub-003,ses-02,C4,17,8,2,2,5.5706,2.1133,7.5181,1.2526,0.0000,2.1425,5.5346,5.5709,4.4466,5.7931,30.5147,11.0000
sub-003,ses-02,C4,18,8,2,0,12.6216,5.2746,10.2752,4.2293,0.0000,4.3772,6.5212,6.4859,10.8376,7.3333,30.2485,2.0000
sub-003,ses-02,C4,19,8,2,0,8.6303,3.9540,9.3261,3.5001,0.0000,3.5301,5.7755,5.7607,6.4528,7.0171,18.1078,12.0000
sub-003,ses-02,C4,20,8,2,0,12.0319,8.9400,11.8684,5.2654,0.0000,5.1988,8.6185,8.5951,9.6449,6.3094,23.5036,11.0000
sub-003,ses-02,C4,21,4,2,2,3.9682,3.1463,5.3717,4.3861,0.0000,2.7374,5.8846,5.9053,6.0865,5.1716,19.1912,11.0000
sub-003,ses-02,CP4,0,4,2,0,9.4309,11.7431,9.8729,4.5872,0.0000,4.7341,6.6767,6.6537,7.3092,9.1978,35.1588,11.0000
sub-003,ses-02,CP4,1,4,2,2,10.2841,7.9818,9.8590,4.2530,0.0000,4.3606,5.4154,5.3338,5.2607,5.3203,33.0551,11.0000
sub-003,ses-02,CP4,2,4,0,0,7.8253,11.4211,7.5157,3.3487,0.0000,3.8515,5.2539,5.2169,3.3864,5.0514,21.6324,8.0000
sub-003,ses-02,CP4,3,2,4,2,2.8152,3.6800,5.2347,4.0089,0.0000,2.5466,5.6417,5.6620,7.5217,5.5349,16.8408,12.0000
sub-003,ses-02,CP4,4,2,2,4,5.2956,11.3581,13.6840,3.4033,0.0000,4.4875,5.6063,5.5564,9.8416,7.6716,28.8604,11.0000
sub-003,ses-02,CP4,5,2,8,2,2.6916,2.6101,14.0831,4.8590,0.0000,3.9273,5.5642,5.5281,6.9149,8.0939,35.2911,11.0000
sub-003,ses-02,CP4,6,4,2,2,6.1404,7.2035,10.6149,4.8347,0.0000,4.1841,5.8652,5.8364,5.5634,4.6720,18.3817,11.0000
sub-003,ses-02,CP4,7,4,2,2,9.3018,6.3911,9.8540,4.3016,0.0000,4.1353,6.6074,6.5833,4.6508,7.5201,30.9604,11.0000
sub-003,ses-02,CP4,8,8,2,0,6.1724,4.4548,8.8797,6.6179,0.0000,4.2284,6.0142,5.9918,4.5580,7.1698,22.0613,17.0000
sub-003,ses-02,CP4,9,2,2,0,8.4586,2.3182,15.4636,3.1419,0.0000,4.1101,6.1418,6.1090,6.4048,6.2732,43.1465,11.0000
sub-003,ses-02,CP4,10,4,2,2,6.8172,2.7807,7.4786,3.6325,0.0000,3.0346,5.4775,5.4777,7.3433,5.4191,17.3683,1.0000
sub-003,ses-02,CP4,11,4,2,0,7.6564,10.0298,9.1080,3.5322,0.0000,3.9840,6.1615,6.1457,5.4971,6.6523,16.3376,7.0000
sub-003,ses-02,CP4,12,4,2,2,20.1966,3.4503,4.0576,6.5257,0.0000,4.7388,18.7866,19.0167,6.3517,9.3836,27.7955,2.0000
sub-003,ses-02,CP4,13,4,4,4,15.1491,3.8334,6.6288,16.9230,0.0000,7.8070,23.7510,23.9555,8.5958,8.9054,50.9239,20.0000
sub-003,ses-02,CP4,14,4,2,2,4.4999,4.2390,7.9214,3.0536,0.0000,2.8414,5.6654,5.6782,8.7802,6.2902,18.1274,9.0000
sub-003,ses-02,CP4,15,2,2,4,6.1229,9.3508,9.9474,2.2660,0.0000,3.5125,5.7493,5.7336,7.1848,4.5657,17.9436,5.0000
sub-003,ses-02,CP4,16,2,2,2,9.1899,8.3591,13.8015,5.6621,0.0000,5.2700,6.0506,5.9587,4.3637,7.5071,39.1793,11.0000
sub-003,ses-02,CP4,17,8,2,2,6.5722,3.0353,10.4703,2.8185,0.0000,3.2068,5.6171,5.6134,4.0478,5.3547,38.1000,11.0000
sub-003,ses-02,CP4,18,8,2,0,24.3661,4.4590,6.4339,4.5387,0.0000,4.9513,7.1197,7.0652,12.0651,8.1669,58.6340,1.0000
sub-003,ses-02,CP4,19,8,2,0,10.6456,3.8357,8.5085,4.2137,0.0000,3.8082,5.7291,5.7058,6.9748,6.2715,21.3738,12.0000
sub-003,ses-02,CP4,20,8,2,0,17.7820,5.1387,9.5220,6.7259,0.0000,5.4942,7.9164,7.8431,5.0395,7.5877,45.9339,1.0000
sub-003,ses-02,CP4,21,4,2,2,11.8501,4.0453,5.7150,2.8686,0.0000,3.1433,6.6586,6.6681,5.9439,5.9264,34.2413,1.0000
sub-003,ses-02,O2,0,4,2,0,3.9841,6.1910,14.1824,6.3972,0.0000,4.8595,6.1113,6.0520,7.4136,8.6647,27.8205,11.0000
sub-003,ses-02,O2,1,4,2,2,22.7453,5.7109,10.0059,3.8799,0.0000,5.2163,5.7587,5.6798,4.7764,5.8010,73.0505,1.0000
sub-003,ses-02,O2,2,4,0,0,16.7988,4.5499,4.3978,3.8039,0.0000,3.7496,6.0552,6.0451,7.1435,5.9832,56.0754,1.0000
sub-003,ses-02,O2,3,2,4,2,5.0856,3.8677,3.0617,6.5185,0.0000,3.2308,5.4454,5.4418,3.6080,5.5256,22.6939,22.0000
sub-003,ses-02,O2,4,2,2,4,5.3654,4.2288,6.1845,4.1514,0.0000,3.0105,4.9270,4.9185,4.3154,4.2514,12.5923,9.0000
sub-003,ses-02,O2,5,2,8,2,3.1750,4.5375,14.9916,3.8568,0.0000,3.9753,5.8206,5.7914,4.8173,6.3199,39.2221,11.0000
sub-003,ses-02,O2,6,4,2,2,5.9694,3.6668,7.5728,2.7461,0.0000,2.7833,6.2564,6.2829,7.7040,7.8008,23.0787,11.0000
sub-003,ses-02,O2,7,4,2,2,21.6324,1.6713,10.9211,4.2258,0.0000,4.9692,6.3291,6.1951,5.2225,7.5489,73.8542,1.0000
sub-003,ses-02,O2,8,8,2,0,13.8918,6.3300,8.8939,3.1433,0.0000,4.0724,7.3732,7.3731,9.6036,6.4562,28.5830,1.0000
sub-003,ses-02,O2,9,2,2,0,6.1510,7.9001,11.9131,4.8894,0.0000,4.4476,5.2255,5.1653,3.5525,6.0585,22.4851,11.0000
sub-003,ses-02,O2,10,4,2,2,7.1317,5.7688,11.6299,3.7230,0.0000,3.9484,6.8259,6.8119,3.7804,7.4291,30.8918,10.0000
sub-003,ses-02,O2,11,4,2,0,7.1642,11.4174,6.0345,4.7318,0.0000,4.0011,6.5981,6.5831,7.9850,5.6817,21.6610,20.0000
sub-003,ses-02,O2,12,4,2,2,32.7489,5.1402,5.3863,3.8780,0.0000,5.4486,15.7437,15.8641,6.5804,6.2948,66.9485,2.0000
sub-003,ses-02,O2,13,4,4,4,21.8979,7.4908,14.4402,8.8083,0.0000,7.4117,18.2359,18.2977,5.0964,16.0711,61.4073,1.0000
sub-003,ses-02,O2,14,4,2,2,5.3602,8.2699,8.7748,4.1121,0.0000,3.7355,6.1937,6.1769,6.9209,7.5623,17.7056,10.0000
sub-003,ses-02,O2,15,2,2,4,32.8018,6.9716,11.0786,3.2832,0.0000,6.2383,7.1147,6.9515,7.8258,5.6556,78.0149,1.0000
sub-003,ses-02,O2,16,2,2,2,2.6907,2.2430,19.9394,5.8903,0.0000,5.0220,6.7504,6.7112,7.5332,10.8051,43.0246,11.0000
sub-003,ses-02,O2,17,8,2,2,17.9513,3.7429,16.6268,3.9083,0.0000,5.5197,7.1869,7.1061,5.3927,9.9159,59.9903,11.0000
sub-003,ses-02,O2,18,8,2,0,7.8756,5.0417,6.4059,6.9802,0.0000,4.2057,6.5518,6.5350,8.5112,7.0921,25.9933,21.0000
sub-003,ses-02,O2,19,8,2,0,16.8516,8.4665,10.4591,2.4120,0.0000,4.5438,6.1118,6.0315,2.9307,5.5664,50.2159,1.0000
sub-003,ses-02,O2,20,8,2,0,44.1000,25.1882,11.7422,6.5450,0.0000,10.0626,15.4568,15.4460,19.7018,11.1657,68.9870,3.0000
sub-003,ses-02,O2,21,4,2,2,3.1527,6.0029,14.7475,4.8796,0.0000,4.3847,5.3392,5.2871,6.5866,7.0499,48.8527,11.0000
sub-004,ses-01,Fp1,0,2,0,0,14.8702,5.8577,8.6228,4.5527,0.0000,4.5078,6.1985,6.1641,6.2999,6.4091,21.4224,1.0000
sub-004,ses-01,Fp1,1,2,0,0,1.3030,5.9984,12.8835,3.7470,0.0000,3.6097,6.0118,5.9993,3.2109,7.7504,52.3830,10.0000
sub-004,ses-01,Fp1,2,2,0,0,13.5473,1.2444,6.6172,4.7594,0.0000,3.7382,6.1136,6.0697,2.4307,8.0894,43.8197,1.0000
sub-004,ses-01,Fp1,3,2,0,0,2.7695,4.7088,6.5380,2.3974,0.0000,2.3327,5.2682,5.3031,4.0761,6.3996,16.2917,13.0000
sub-004,ses-01,Fp1,4,2,2,0,12.7186,2.3930,10.2034,4.2341,0.0000,4.1095,5.4232,5.3723,6.6098,4.4799,42.7442,1.0000
sub-004,ses-01,Fp1,5,2,0,0,4.0660,1.5585,5.1491,2.9638,0.0000,2.1377,6.1923,6.2311,6.6167,5.9717,15.1041,8.0000
sub-004,ses-01,Fp1,6,4,0,0,15.7223,10.0658,6.3025,3.3507,0.0000,4.2913,5.6911,5.6204,5.1008,7.8332,47.6094,1.0000
sub-004,ses-01,Fp1,7,4,0,0,9.0923,7.1144,13.5358,3.9602,0.0000,4.5936,6.3281,6.2863,9.8320,8.3725,28.8943,12.0000
sub-004,ses-01,Fp1,8,2,2,0,8.9391,10.7260,9.2431,4.1964,0.0000,4.3877,6.1628,6.1441,8.4779,6.4578,22.5134,10.0000
sub-004,ses-01,Fp1,9,2,2,0,8.2546,5.5316,5.7785,2.5792,0.0000,2.8685,5.9873,5.9958,6.5151,4.9587,17.7071,1.0000
sub-004,ses-01,Fp1,10,2,4,0,17.5201,5.4061,3.1457,4.9693,0.0000,4.0739,5.9112,5.8927,5.1850,4.3144,47.6224,1.0000
sub-004,ses-01,Fp1,11,4,0,0,20.7746,3.2691,10.7823,2.3830,0.0000,4.4616,5.6443,5.5368,3.5388,7.2539,58.6062,1.0000
sub-004,ses-01,Fp1,12,2,2,0,3.1197,2.8849,8.1523,4.1285,0.0000,2.9442,5.6241,5.6349,11.3464,5.3631,25.3576,10.0000
sub-004,ses-01,Fp1,13,2,2,0,12.1465,5.5350,8.4086,3.4105,0.0000,3.8492,5.8658,5.8348,3.8320,6.8657,43.0268,1.0000
sub-004,ses-01,Fp1,14,2,0,0,24.2835,7.6597,4.4479,2.1351,0.0000,4.2376,5.5367,5.4781,5.9971,4.1663,65.6751,1.0000
sub-004,ses-01,C3,0,2,0,0,20.0944,4.4627,7.2870,3.8957,0.0000,4.4789,6.8195,6.7818,8.7267,4.7588,37.4040,3.0000
sub-004,ses-01,C3,1,2,0,0,10.1745,7.8820,11.7849,5.9092,0.0000,5.1106,6.3831,6.3101,5.7894,8.4207,53.5317,10.0000
sub-004,ses-01,C3,2,2,0,0,9.3095,0.9859,8.3114,4.6936,0.0000,3.5364,5.9186,5.8622,3.9446,7.0820,32.3094,1.0000
sub-004,ses-01,C3,3,2,0,0,4.6705,9.1313,6.8067,3.6243,0.0000,3.3294,5.2699,5.2667,4.3734,5.6452,23.4981,6.0000
sub-004,ses-01,C3,4,2,2,0,5.8203,7.1366,11.9506,4.7635,0.0000,4.3129,5.8783,5.8387,7.6961,4.8417,24.8165,8.0000
sub-004,ses-01,C3,5,2,0,0,8.6859,6.7940,9.8437,5.1413,0.0000,4.3679,5.7992,5.7681,10.3861,5.8824,29.7436,8.0000
sub-004,ses-01,C3,6,4,0,0,18.7768,7.6825,7.1829,2.9303,0.0000,4.3495,6.5149,6.4451,7.4132,9.6427,68.4696,1.0000
sub-004,ses-01,C3,7,4,0,0,8.0262,7.9016,9.5173,3.8284,0.0000,3.9671,5.8801,5.8473,7.0373,7.1807,19.9936,19.0000
sub-004,ses-01,C3,8,2,2,0,6.2567,3.8443,7.6697,4.0609,0.0000,3.2375,5.6403,5.6322,3.0380,5.7584,17.0715,10.0000
sub-004,ses-01,C3,9,2,2,0,7.4183,6.2161,10.0322,4.1449,0.0000,3.9213,6.0428,6.0106,9.1843,5.7241,35.1671,8.0000
sub-004,ses-01,C3,10,2,4,0,6.4442,3.7132,8.9642,7.2078,0.0000,4.3748,5.5119,5.4800,3.2364,6.2789,27.6705,13.0000
sub-004,ses-01,C3,11,4,0,0,4.2335,1.9231,10.3490,5.7123,0.0000,3.7437,5.9653,5.9498,7.7934,8.5654,20.7478,14.0000
sub-004,ses-01,C3,12,2,2,0,19.2915,7.1539,6.8844,4.1922,0.0000,4.6880,6.1346,6.0772,7.3781,6.9895,47.1907,1.0000
sub-004,ses-01,C3,13,2,2,0,18.5546,4.1942,10.7618,5.6789,0.0000,5.3347,5.9773,5.9030,5.6494,6.4348,59.7811,1.0000
sub-004,ses-01,C3,14,2,0,0,15.0674,3.6297,5.0926,3.2548,0.0000,3.4339,5.9209,5.8797,5.9709,6.3432,45.1664,1.0000
sub-004,ses-01,CP3,0,2,0,0,27.6865,10.4222,7.4158,6.2879,0.0000,6.4807,7.4097,7.3107,9.8739,6.5285,31.2923,3.0000
sub-004,ses-01,CP3,1,2,0,0,13.8540,4.1340,13.0143,5.5046,0.0000,5.1534,6.6808,6.6175,5.7461,9.1522,56.1941,10.0000
sub-004,ses-01,CP3,2,2,0,0,7.1425,4.0805,5.7982,4.4441,0.0000,3.1966,5.6235,5.6116,7.0684,5.9015,15.7938,16.0000
sub-004,ses-01,CP3,3,2,0,0,5.9627,2.5540,7.8860,4.5277,0.0000,3.2615,5.8483,5.8700,5.7537,5.2709,25.8004,13.0000
sub-004,ses-01,CP3,4,2,2,0,6.0998,8.4747,7.9419,5.1619,0.0000,4.0245,6.0146,5.9839,8.4117,4.8839,20.0604,8.0000
sub-004,ses-01,CP3,5,2,0,0,10.6802,6.8641,7.1419,4.1639,0.0000,3.8874,6.2814,6.2732,8.0494,6.0266,22.8936,1.0000
sub-004,ses-01,CP3,6,4,0,0,11.7738,10.5523,12.2568,3.1809,0.0000,4.7488,7.0542,7.0296,7.9218,10.5739,39.9954,1.0000
sub-004,ses-01,CP3,7,4,0,0,14.5563,6.6206,12.1783,4.9584,0.0000,5.1683,5.9252,5.8306,6.7836,7.6784,49.7488,1.0000
sub-004,ses-01,CP3,8,2,2,0,6.1249,2.8107,7.2383,2.6523,0.0000,2.6431,5.4961,5.5198,3.1497,6.3704,11.4573,9.0000
sub-004,ses-01,CP3,9,2,2,0,10.9106,6.4049,14.2870,3.3413,0.0000,4.6145,6.4347,6.3883,10.4108,5.4223,39.0395,1.0000
sub-004,ses-01,CP3,10,2,4,0,12.0762,2.1327,9.5081,5.1423,0.0000,4.2031,4.9197,4.8751,2.8737,6.6832,24.2554,14.0000
sub-004,ses-01,CP3,11,4,0,0,25.0734,3.1363,8.4883,4.2899,0.0000,5.1055,6.3846,6.2744,8.7883,7.1385,71.4027,1.0000
sub-004,ses-01,CP3,12,2,2,0,15.6443,5.7880,8.8064,4.3660,0.0000,4.5425,5.2716,5.1652,5.8608,5.5491,49.4542,1.0000
sub-004,ses-01,CP3,13,2,2,0,17.2193,7.3286,12.9527,5.5756,0.0000,5.7765,6.4590,6.3802,7.1042,8.3460,51.2942,1.0000
sub-004,ses-01,CP3,14,2,0,0,14.0375,4.5648,4.5005,3.2595,0.0000,3.3438,5.8481,5.8074,7.5528,5.6414,21.8330,1.0000
sub-004,ses-01,O1,0,2,0,0,17.6640,3.2757,5.9075,2.4987,0.0000,3.5276,6.1331,6.1239,5.0714,6.0972,52.3248,1.0000
sub-004,ses-01,O1,1,2,0,0,11.5259,9.6223,3.1783,3.9536,0.0000,3.6060,5.3852,5.3719,3.6015,5.3524,22.5469,4.0000
sub-004,ses-01,O1,2,2,0,0,7.3513,5.0233,3.8405,5.1227,0.0000,3.2357,5.4064,5.3847,7.3247,5.1613,16.4941,1.0000
sub-004,ses-01,O1,3,2,0,0,19.9946,3.8412,9.5328,3.4575,0.0000,4.5927,5.7714,5.7159,6.2591,5.8137,43.0653,1.0000
sub-004,ses-01,O1,4,2,2,0,11.8414,2.3051,6.8598,4.2357,0.0000,3.5537,5.5989,5.5817,5.4187,5.1294,30.0953,1.0000
sub-004,ses-01,O1,5,2,0,0,5.2193,11.2643,10.9629,5.1542,0.0000,4.6213,5.5911,5.5243,6.7029,5.8991,27.1906,6.0000
sub-004,ses-01,O1,6,4,0,0,2.6804,2.1688,2.7791,3.7772,0.0000,1.9808,4.8610,4.8893,4.6831,6.4614,10.1293,20.0000
sub-004,ses-01,O1,7,4,0,0,11.4371,4.4944,8.7330,5.0135,0.0000,4.2163,5.8015,5.7637,6.9090,6.2694,22.6803,1.0000
sub-004,ses-01,O1,8,2,2,0,3.7442,2.2439,9.4346,1.8209,0.0000,2.4240,5.2885,5.3036,9.1349,4.5550,18.5312,11.0000
sub-004,ses-01,O1,9,2,2,0,1.6966,2.3445,7.8512,3.7474,0.0000,2.6044,5.5188,5.5364,5.6947,4.4911,26.8853,9.0000
sub-004,ses-01,O1,10,2,4,0,6.3452,16.1570,3.4429,5.5966,0.0000,4.2656,5.1665,5.1207,3.5285,5.5344,19.4953,15.0000
sub-004,ses-01,O1,11,4,0,0,3.4060,2.3089,4.4887,3.2734,0.0000,2.1476,5.3405,5.3587,5.6756,5.6004,12.2186,1.0000
sub-004,ses-01,O1,12,2,2,0,16.6354,4.9787,8.0987,3.2207,0.0000,4.1144,5.9111,5.8406,7.1956,6.4311,55.1246,1.0000
sub-004,ses-01,O1,13,2,2,0,18.5144,3.6354,4.4757,4.9535,0.0000,4.1825,5.5563,5.5035,4.8294,5.9904,57.1395,1.0000
sub-004,ses-01,O1,14,2,0,0,23.1321,2.9124,4.5151,5.6604,0.0000,4.7641,7.3040,7.2518,4.3841,7.0174,72.4688,1.0000
sub-004,ses-01,Pz,0,2,0,0,40.4474,33.2069,11.8700,9.8999,0.0000,11.5008,13.9012,13.7857,29.4595,14.1541,66.2736,2.0000
sub-004,ses-01,Pz,1,2,0,0,7.4324,6.9870,8.9838,5.1793,0.0000,4.1607,5.4564,5.4309,6.6659,4.5936,24.3487,10.0000
sub-004,ses-01,Pz,2,2,0,0,9.0248,6.8851,6.1547,4.5961,0.0000,3.7283,5.4904,5.4540,3.5547,6.2889,28.5237,1.0000
sub-004,ses-01,Pz,3,2,0,0,13.1108,6.8472,3.2688,5.0909,0.0000,3.8518,5.2963,5.2586,8.0641,5.1291,23.4177,1.0000
sub-004,ses-01,Pz,4,2,2,0,8.3659,8.2227,1.1787,3.9049,0.0000,2.8882,5.1648,5.1656,5.9145,5.6900,15.4938,17.0000
sub-004,ses-01,Pz,5,2,0,0,14.9692,2.8761,5.3413,4.7822,0.0000,3.8511,5.5179,5.4687,5.4155,7.1087,50.0128,1.0000
sub-004,ses-01,Pz,6,4,0,0,24.7177,0.3107,6.8100,5.1577,0.0000,4.8378,6.1100,5.9813,6.1030,6.3910,77.5586,1.0000
sub-004,ses-01,Pz,7,4,0,0,14.9035,5.9764,12.3859,6.0415,0.0000,5.4971,6.3416,6.2593,6.3808,6.4911,45.1414,2.0000
sub-004,ses-01,Pz,8,2,2,0,14.9293,6.6606,6.5615,5.7332,0.0000,4.6572,6.1167,6.0772,4.0321,5.5018,44.4771,1.0000
sub-004,ses-01,Pz,9,2,2,0,7.5326,6.7879,6.8797,4.8117,0.0000,3.7468,6.1380,6.1177,8.1010,6.3976,17.2115,7.0000
sub-004,ses-01,Pz,10,2,4,0,6.2486,6.9563,2.4453,5.1396,0.0000,3.1234,5.8794,5.8637,4.9532,7.3912,12.5099,2.0000
sub-004,ses-01,Pz,11,4,0,0,11.8546,2.9423,5.0924,4.1930,0.0000,3.3547,4.7502,4.6875,4.9121,4.3727,35.2194,1.0000
sub-004,ses-01,Pz,12,2,2,0,11.5530,1.5693,11.9441,6.1879,0.0000,4.7581,6.0769,6.0361,5.1653,5.3281,30.3850,1.0000
sub-004,ses-01,Pz,13,2,2,0,7.8683,7.2170,6.1580,3.6893,0.0000,3.3779,5.3596,5.3480,7.7726,6.1535,14.8465,1.0000
sub-004,ses-01,Pz,14,2,0,0,24.3185,18.3014,3.8402,4.0323,0.0000,5.7196,6.1818,6.0529,8.0294,5.4549,54.0480,1.0000
sub-004,ses-01,Fp2,0,2,0,0,5.8675,4.5442,11.8077,6.5662,0.0000,4.6012,5.8603,5.8227,4.0737,5.8600,22.2269,21.0000
sub-004,ses-01,Fp2,1,2,0,0,6.8950,6.2044,13.8327,4.3946,0.0000,4.4773,5.7751,5.7033,4.8125,7.0386,54.1413,10.0000
sub-004,ses-01,Fp2,2,2,0,0,6.8807,3.1963,5.7331,5.6662,0.0000,3.4504,5.5525,5.5367,2.7860,7.8014,17.0254,21.0000
sub-004,ses-01,Fp2,3,2,0,0,6.8806,8.2131,8.9330,3.3001,0.0000,3.6482,5.5606,5.5666,5.9574,7.9724,26.8669,13.0000
sub-004,ses-01,Fp2,4,2,2,0,3.1333,2.8189,8.4489,4.0439,0.0000,2.9552,5.2529,5.2549,4.4117,5.2715,28.2985,15.0000
sub-004,ses-01,Fp2,5,2,0,0,10.3440,1.7446,6.9683,4.4722,0.0000,3.4489,6.5713,6.5386,8.1991,7.4055,35.1391,1.0000
sub-004,ses-01,Fp2,6,4,0,0,4.6471,7.3249,5.1637,4.5498,0.0000,3.2097,4.9180,4.8916,4.7112,7.5246,20.9201,14.0000
sub-004,ses-01,Fp2,7,4,0,0,8.7023,5.7864,13.7676,5.3843,0.0000,4.8967,6.5416,6.4939,10.0643,7.9359,26.8216,9.0000
sub-004,ses-01,Fp2,8,2,2,0,8.0263,4.2386,9.5709,4.9630,0.0000,3.9768,6.0998,6.0929,8.3581,6.4478,20.2277,20.0000
sub-004,ses-01,Fp2,9,2,2,0,6.0860,4.8864,4.9131,4.1184,0.0000,2.9513,6.6381,6.6623,6.6990,4.9750,17.8127,17.0000
sub-004,ses-01,Fp2,10,2,4,0,10.7451,4.2905,4.0476,5.8222,0.0000,3.7236,6.3961,6.3960,5.3445,5.0702,32.9947,1.0000
sub-004,ses-01,Fp2,11,4,0,0,16.8653,3.2259,9.8930,2.9345,0.0000,4.1365,5.9240,5.8526,4.4069,7.6365,49.7292,1.0000
sub-004,ses-01,Fp2,12,2,2,0,5.8720,1.7684,6.6527,3.1981,0.0000,2.6059,5.3452,5.3579,9.5984,4.7632,18.6199,10.0000
sub-004,ses-01,Fp2,13,2,2,0,8.6700,5.9575,8.1219,4.3131,0.0000,3.7980,5.7134,5.6813,4.0484,6.0388,30.6450,20.0000
sub-004,ses-01,Fp2,14,2,0,0,7.3817,7.3303,4.5952,5.2650,0.0000,3.6015,5.0166,4.9874,3.4711,3.8920,17.6626,20.0000
sub-004,ses-01,Fz,0,2,0,0,11.7239,9.0626,10.2884,3.3930,0.0000,4.3950,6.8094,6.7973,8.0192,6.6731,19.4905,9.0000
sub-004,ses-01,Fz,1,2,0,0,3.7602,3.0400,13.7328,3.7919,0.0000,3.6952,6.1721,6.1552,5.8671,7.4228,62.5381,10.0000
sub-004,ses-01,Fz,2,2,0,0,3.7978,3.0402,4.3150,2.9840,0.0000,2.1403,5.3576,5.3813,3.5793,5.2105,14.1095,10.0000
sub-004,ses-01,Fz,3,2,0,0,10.3619,15.6529,5.5749,3.4867,0.0000,4.2520,5.0364,4.9878,3.8871,7.4463,38.7057,6.0000
sub-004,ses-01,Fz,4,2,2,0,4.7990,5.3721,9.1994,2.3778,0.0000,2.9487,5.2312,5.2319,7.8120,5.3284,15.8933,9.0000
sub-004,ses-01,Fz,5,2,0,0,6.6078,2.7903,6.9757,5.2366,0.0000,3.4307,5.4561,5.4506,5.7137,5.7939,20.9030,19.0000
sub-004,ses-01,Fz,6,4,0,0,21.6762,5.5625,5.9000,3.9996,0.0000,4.5663,6.6485,6.5406,7.5250,9.3420,78.9115,1.0000
sub-004,ses-01,Fz,7,4,0,0,5.2973,8.2423,12.0058,7.0992,0.0000,5.0810,5.9498,5.8838,9.1078,7.6062,38.3807,19.0000
sub-004,ses-01,Fz,8,2,2,0,4.9073,5.4438,7.2480,4.8227,0.0000,3.4323,5.4439,5.4308,3.9732,6.0021,21.8098,10.0000
sub-004,ses-01,Fz,9,2,2,0,14.0070,6.4590,5.8113,2.2362,0.0000,3.3908,6.2664,6.2594,8.5725,6.2118,35.4270,1.0000
sub-004,ses-01,Fz,10,2,4,0,6.3999,5.5533,4.4327,4.7828,0.0000,3.1764,5.6938,5.7012,4.0151,4.4096,17.9710,20.0000
sub-004,ses-01,Fz,11,4,0,0,3.0051,2.0026,9.4868,4.7027,0.0000,3.2113,5.8786,5.8824,4.5443,7.5004,18.0553,9.0000
sub-004,ses-01,Fz,12,2,2,0,8.2139,2.9635,7.7671,3.2301,0.0000,3.1001,5.6108,5.6082,7.0365,6.2353,19.1847,19.0000
sub-004,ses-01,Fz,13,2,2,0,7.7449,2.3040,8.2241,3.4003,0.0000,3.1103,5.1639,5.1489,6.0968,6.6125,30.2883,10.0000
sub-004,ses-01,Fz,14,2,0,0,29.1294,4.0722,3.9397,2.8338,0.0000,4.4950,6.2751,6.2174,4.4375,3.6823,77.5043,1.0000
sub-004,ses-01,FCz,0,2,0,0,18.2647,7.1669,10.5845,4.6078,0.0000,5.2357,6.2842,6.2149,7.2126,6.9726,42.1205,1.0000
sub-004,ses-01,FCz,1,2,0,0,2.0510,3.2327,14.2737,4.3678,0.0000,3.8037,7.1050,7.1136,7.8096,8.9160,66.2814,10.0000
sub-004,ses-01,FCz,2,2,0,0,8.4112,4.6362,4.1247,2.9984,0.0000,2.6957,5.2138,5.2188,4.1348,5.4708,13.9670,10.0000
sub-004,ses-01,FCz,3,2,0,0,6.5427,8.8053,4.7484,3.0891,0.0000,3.0242,4.8709,4.8520,4.2206,6.6342,21.0938,6.0000
sub-004,ses-01,FCz,4,2,2,0,6.3072,8.4277,10.0923,3.2154,0.0000,3.7510,5.5484,5.5188,6.9097,5.5510,18.4867,7.0000
sub-004,ses-01,FCz,5,2,0,0,12.4626,4.8584,5.5751,3.7629,0.0000,3.5268,5.5864,5.5762,5.0464,6.5346,35.6038,1.0000
sub-004,ses-01,FCz,6,4,0,0,20.9368,4.8348,7.1102,4.7794,0.0000,4.8344,6.2320,6.1216,7.2182,8.4855,73.7965,1.0000
sub-004,ses-01,FCz,7,4,0,0,5.6661,5.9416,12.6471,5.5694,0.0000,4.5283,5.5294,5.4755,8.1758,7.2258,29.2018,19.0000
sub-004,ses-01,FCz,8,2,2,0,2.7156,4.0713,7.7032,4.3862,0.0000,3.0323,5.7578,5.7643,2.5231,5.7941,25.0784,10.0000
sub-004,ses-01,FCz,9,2,2,0,17.6795,7.0948,5.8785,3.9308,0.0000,4.3132,6.5304,6.5012,8.6100,6.4861,38.1672,1.0000
sub-004,ses-01,FCz,10,2,4,0,8.2958,4.5424,4.7865,4.1953,0.0000,3.1305,5.2887,5.2574,3.0339,4.3798,12.8735,4.0000
sub-004,ses-01,FCz,11,4,0,0,3.2906,1.7251,7.5717,2.4392,0.0000,2.2605,6.2457,6.2678,6.5730,7.1450,19.3728,9.0000
sub-004,ses-01,FCz,12,2,2,0,4.7452,4.7881,6.5828,2.0541,0.0000,2.4264,5.1940,5.2207,4.4597,6.3520,19.3959,10.0000
sub-004,ses-01,FCz,13,2,2,0,7.9406,2.5268,8.8458,5.0833,0.0000,3.7448,5.7071,5.6876,6.4292,7.5960,33.6256,10.0000
sub-004,ses-01,FCz,14,2,0,0,6.5515,3.8884,4.1828,3.0971,0.0000,2.4911,5.6025,5.6352,4.2310,4.0064,11.1682,3.0000
sub-004,ses-01,Cz,0,2,0,0,18.6177,10.6632,8.7662,6.0594,0.0000,5.7789,7.1464,7.0833,8.6002,8.1543,24.7852,4.0000
sub-004,ses-01,Cz,1,2,0,0,9.0019,3.4227,15.6590,5.7844,0.0000,5.0895,7.3167,7.2811,9.4642,7.1615,69.6887,10.0000
sub-004,ses-01,Cz,2,2,0,0,5.4119,1.5760,6.3324,3.7210,0.0000,2.6586,5.5573,5.5713,3.9650,6.3610,18.9361,10.0000
sub-004,ses-01,Cz,3,2,0,0,7.0610,4.9564,3.0260,2.5195,0.0000,2.3018,4.9292,4.9403,3.8907,5.2452,11.7253,2.0000
sub-004,ses-01,Cz,4,2,2,0,5.4613,8.5577,11.3692,3.6630,0.0000,3.9979,5.3619,5.3318,6.3154,5.4447,17.7126,12.0000
sub-004,ses-01,Cz,5,2,0,0,8.3670,3.6119,5.8113,3.6198,0.0000,3.0196,5.5526,5.5621,5.0902,7.7971,19.8497,8.0000
sub-004,ses-01,Cz,6,4,0,0,12.6165,7.1028,6.1436,3.5682,0.0000,3.7704,6.2987,6.2738,6.2510,7.1171,42.5191,1.0000
sub-004,ses-01,Cz,7,4,0,0,3.2306,4.8444,12.7465,5.1045,0.0000,4.0730,5.4346,5.3933,7.2200,7.3676,28.0421,19.0000
sub-004,ses-01,Cz,8,2,2,0,5.9201,5.5984,6.3146,6.0465,0.0000,3.7806,6.3436,6.3321,3.7910,6.1197,18.4084,10.0000
sub-004,ses-01,Cz,9,2,2,0,4.2246,5.4312,6.5608,3.6822,0.0000,2.9269,6.3092,6.3309,9.1766,7.3096,23.7845,8.0000
sub-004,ses-01,Cz,10,2,4,0,6.0335,6.6614,2.5774,4.7742,0.0000,2.9839,4.8678,4.8589,2.6422,3.9765,14.2285,4.0000
sub-004,ses-01,Cz,11,4,0,0,13.9717,2.2094,8.7503,3.2682,0.0000,3.7143,5.8451,5.8175,5.5266,7.5762,45.4451,1.0000
sub-004,ses-01,Cz,12,2,2,0,6.1849,6.2652,6.3085,2.5486,0.0000,2.8089,5.7006,5.7216,4.4237,5.4428,20.0762,10.0000
sub-004,ses-01,Cz,13,2,2,0,3.4776,2.6187,10.9833,4.8625,0.0000,3.5697,6.6971,6.7042,7.1382,9.2189,34.9174,10.0000
sub-004,ses-01,Cz,14,2,0,0,11.7724,4.2499,4.2427,3.3581,0.0000,3.0977,5.4902,5.4909,5.4229,5.0861,22.7553,1.0000
sub-004,ses-01,C4,0,2,0,0,13.8119,6.7377,9.0990,5.2577,0.0000,4.7708,7.2469,7.2133,4.7304,5.3334,31.4443,2.0000
sub-004,ses-01,C4,1,2,0,0,4.0093,2.6787,14.3333,3.1455,0.0000,3.5731,6.5588,6.5616,10.3345,5.8736,60.6906,10.0000
sub-004,ses-01,C4,2,2,0,0,12.8382,3.7016,6.3296,2.8616,0.0000,3.2869,5.0476,5.0191,5.0525,4.4414,31.6969,1.0000
sub-004,ses-01,C4,3,2,0,0,10.8427,6.6116,3.3972,3.3446,0.0000,3.1088,5.4950,5.4888,4.2341,5.7362,24.0009,1.0000
sub-004,ses-01,C4,4,2,2,0,8.2490,12.0309,11.8561,3.2946,0.0000,4.5369,5.1862,5.1360,4.8503,5.5133,20.7665,9.0000
sub-004,ses-01,C4,5,2,0,0,6.3714,1.6322,7.7144,2.1759,0.0000,2.4788,5.1382,5.1542,6.8706,5.9982,20.3830,8.0000
sub-004,ses-01,C4,6,4,0,0,20.0063,5.3132,9.7436,4.0925,0.0000,4.9522,6.1112,5.9949,5.4556,7.8369,77.5182,1.0000
sub-004,ses-01,C4,7,4,0,0,4.4655,7.3041,18.6681,2.7554,0.0000,4.5327,6.6423,6.6121,3.8453,12.0177,35.2163,10.0000
sub-004,ses-01,C4,8,2,2,0,8.6965,3.9756,9.2511,4.1659,0.0000,3.7291,5.9647,5.9540,4.7474,8.4705,19.7657,10.0000
sub-004,ses-01,C4,9,2,2,0,6.2855,6.6135,6.9094,4.0814,0.0000,3.3979,5.5185,5.5048,8.2883,6.6574,23.9531,8.0000
sub-004,ses-01,C4,10,2,4,0,4.2772,4.8911,3.8092,4.2623,0.0000,2.6730,5.4630,5.4846,5.7087,4.3899,13.4435,16.0000
sub-004,ses-01,C4,11,4,0,0,4.4956,2.9985,12.1162,3.1914,0.0000,3.3526,5.5874,5.5762,4.9771,5.9271,28.3995,9.0000
sub-004,ses-01,C4,12,2,2,0,7.0854,1.5713,6.8100,2.6182,0.0000,2.5471,5.3814,5.3987,5.3876,5.8923,24.0000,1.0000
sub-004,ses-01,C4,13,2,2,0,3.5536,1.8645,8.6877,3.9505,0.0000,2.9106,5.7566,5.7653,6.4054,7.4478,25.4498,10.0000
sub-004,ses-01,C4,14,2,0,0,11.8995,3.3779,6.3477,3.2252,0.0000,3.2819,5.3633,5.3518,3.5682,4.8337,31.2748,1.0000
sub-004,ses-01,CP4,0,2,0,0,15.2655,6.2595,8.8353,5.7371,0.0000,4.9696,7.7710,7.7516,6.9334,5.7967,34.6878,2.0000
sub-004,ses-01,CP4,1,2,0,0,5.3965,4.6189,15.3549,4.1865,0.0000,4.3399,6.3404,6.2929,11.9456,5.6976,65.0138,10.0000
sub-004,ses-01,CP4,2,2,0,0,17.3316,3.1043,8.5170,2.7926,0.0000,3.9337,5.5692,5.5028,4.4000,5.0503,52.7379,1.0000
sub-004,ses-01,CP4,3,2,0,0,15.2338,7.1779,3.7014,1.8181,0.0000,3.1510,5.7307,5.7349,4.3685,6.5338,39.3765,1.0000
sub-004,ses-01,CP4,4,2,2,0,10.0286,8.4927,5.8086,2.5239,0.0000,3.2964,5.6811,5.6817,6.2290,7.4659,15.2060,1.0000
sub-004,ses-01,CP4,5,2,0,0,10.0275,2.0768,5.7442,4.2939,0.0000,3.2257,5.2726,5.2595,5.9580,6.4679,33.4433,1.0000
sub-004,ses-01,CP4,6,4,0,0,21.6775,6.4879,8.5286,3.8892,0.0000,4.9859,5.7873,5.6441,3.9367,6.5995,83.7899,1.0000
sub-004,ses-01,CP4,7,4,0,0,4.7115,6.7519,19.4894,2.2383,0.0000,4.4625,6.7910,6.7657,3.0711,11.4950,36.6825,10.0000
sub-004,ses-01,CP4,8,2,2,0,6.7272,5.1935,5.8194,4.3544,0.0000,3.2373,6.1937,6.2012,6.3953,8.0105,19.3541,2.0000
sub-004,ses-01,CP4,9,2,2,0,5.7903,8.3109,7.0058,5.8757,0.0000,4.0657,5.8062,5.7773,8.9898,6.4880,22.6451,8.0000
sub-004,ses-01,CP4,10,2,4,0,3.1865,2.6835,2.8526,5.9773,0.0000,2.7512,5.7756,5.7994,6.2516,3.3899,34.4432,16.0000
sub-004,ses-01,CP4,11,4,0,0,15.8566,6.7648,15.3506,3.2176,0.0000,5.2190,6.0181,5.9535,4.6283,6.4976,39.8408,1.0000
sub-004,ses-01,CP4,12,2,2,0,12.8977,2.4109,6.4182,2.9089,0.0000,3.1991,5.4748,5.4640,4.6375,5.2012,46.7007,1.0000
sub-004,ses-01,CP4,13,2,2,0,10.4835,3.0027,8.6007,3.7424,0.0000,3.5861,6.2446,6.2292,4.8021,7.8185,35.7225,1.0000
sub-004,ses-01,CP4,14,2,0,0,24.0606,8.5092,8.9267,4.8972,0.0000,5.7559,6.1850,6.0482,4.8960,4.5422,79.6047,1.0000
sub-004,ses-01,O2,0,2,0,0,21.8846,3.5442,4.0611,5.5541,0.0000,4.6113,6.0479,5.9915,3.2992,5.6933,44.1716,1.0000
sub-004,ses-01,O2,1,2,0,0,6.6086,2.1068,6.0297,5.0047,0.0000,3.1651,5.9055,5.9114,4.8526,5.6558,22.3205,9.0000
sub-004,ses-01,O2,2,2,0,0,12.2421,13.0624,2.4610,5.4861,0.0000,4.3559,4.7869,4.7222,9.4069,4.1538,27.8229,1.0000
sub-004,ses-01,O2,3,2,0,0,23.1918,5.6787,7.4520,6.0119,0.0000,5.5430,5.9665,5.8798,5.6973,7.5445,48.7613,1.0000
sub-004,ses-01,O2,4,2,2,0,8.7823,9.0828,4.2311,5.6605,0.0000,3.9636,5.0445,5.0152,4.2359,3.3667,16.6965,1.0000
sub-004,ses-01,O2,5,2,0,0,4.9016,3.5257,5.2493,3.3963,0.0000,2.5432,5.3176,5.3224,6.1222,5.0519,13.7299,1.0000
sub-004,ses-01,O2,6,4,0,0,22.7645,6.6162,0.9723,3.1312,0.0000,3.8154,6.3773,6.3318,6.4092,6.1468,57.8394,1.0000
sub-004,ses-01,O2,7,4,0,0,8.6303,3.4102,8.3919,6.0735,0.0000,4.1272,5.2785,5.2224,4.1506,4.4073,24.8278,1.0000
sub-004,ses-01,O2,8,2,2,0,17.6105,3.2918,4.8030,4.2879,0.0000,3.9109,5.5233,5.4477,5.8210,6.0360,54.3925,1.0000
sub-004,ses-01,O2,9,2,2,0,20.7625,3.8090,7.4561,3.2602,0.0000,4.3118,5.5136,5.4458,4.5755,7.1340,65.4577,1.0000
sub-004,ses-01,O2,10,2,4,0,16.0747,4.0548,2.8467,2.0877,0.0000,2.9009,5.1965,5.1905,7.1388,5.2414,53.4217,1.0000
sub-004,ses-01,O2,11,4,0,0,22.7662,4.5792,6.6943,5.5064,0.0000,5.1426,6.1924,6.0527,6.8363,5.3282,66.1301,1.0000
sub-004,ses-01,O2,12,2,2,0,7.9606,1.9969,3.6566,2.8331,0.0000,2.2930,5.3160,5.3386,5.3922,5.1427,15.4960,1.0000
sub-004,ses-01,O2,13,2,2,0,7.7358,4.8055,6.2736,4.9829,0.0000,3.5485,5.3715,5.3498,7.1733,6.0598,15.3695,3.0000
sub-004,ses-01,O2,14,2,0,0,15.5437,11.6984,8.0383,5.7498,0.0000,5.3941,5.7923,5.7017,5.7326,6.7387,23.4466,4.0000
sub-004,ses-02,Fp1,0,2,0,0,3.0228,4.0873,21.1421,7.2825,0.0000,5.8131,6.6383,6.5444,7.4996,6.7923,54.3686,9.0000
sub-004,ses-02,Fp1,1,2,2,0,2.7292,2.5784,6.9699,1.8275,0.0000,2.0188,5.5040,5.5433,6.2128,7.1803,22.6948,9.0000
sub-004,ses-02,Fp1,2,2,4,0,6.9905,6.1987,5.6053,4.0257,0.0000,3.2261,5.1222,5.1037,8.1075,4.8029,19.0023,5.0000
sub-004,ses-02,Fp1,3,2,0,0,12.3454,6.1918,9.7464,4.2849,0.0000,4.3798,5.9151,5.8291,7.2422,6.4629,35.3383,1.0000
sub-004,ses-02,Fp1,4,2,0,0,11.6310,3.7505,9.2625,4.4297,0.0000,4.0625,5.9300,5.8587,5.4028,5.2879,40.3286,1.0000
sub-004,ses-02,Fp1,5,2,0,0,12.0287,6.7209,10.8392,5.7520,0.0000,4.9956,5.4977,5.4183,9.4620,5.0643,36.0147,10.0000
sub-004,ses-02,Fp1,6,2,2,0,6.8754,2.7169,4.0392,5.6303,0.0000,3.1581,5.4251,5.4225,6.4549,7.3917,17.3078,22.0000
sub-004,ses-02,Fp1,7,2,2,0,15.4631,2.6879,4.1865,4.3437,0.0000,3.5858,5.5926,5.5687,5.3929,6.0432,37.6055,1.0000
sub-004,ses-02,Fp1,8,2,0,0,19.5275,5.5004,4.2925,4.9898,0.0000,4.4357,5.5681,5.4947,7.0127,4.5534,55.1162,1.0000
sub-004,ses-02,Fp1,9,2,0,0,6.7457,5.8166,5.0876,4.8793,0.0000,3.3536,5.3131,5.3149,6.7767,5.1604,21.2828,13.0000
sub-004,ses-02,Fp1,10,2,2,0,1.7909,7.7412,8.2852,5.0311,0.0000,3.5638,5.2963,5.2573,6.9985,4.6538,25.7822,10.0000
sub-004,ses-02,Fp1,11,2,0,0,14.4612,5.9825,8.0685,3.8616,0.0000,4.1950,6.0008,5.9641,7.0229,5.6866,25.0611,10.0000
sub-004,ses-02,Fp1,12,2,2,0,10.8985,5.8088,5.4602,2.5424,0.0000,3.0847,5.4895,5.4637,3.7541,4.6529,23.7241,1.0000
sub-004,ses-02,Fp1,13,2,0,0,8.5595,4.6596,8.7221,4.0989,0.0000,3.6859,6.4076,6.3716,7.0375,7.0279,22.7583,10.0000
sub-004,ses-02,Fp1,14,2,4,2,7.7707,9.8751,7.5738,3.9984,0.0000,3.9071,5.2899,5.2693,6.9702,5.3872,21.2686,6.0000
sub-004,ses-02,Fp1,15,4,0,0,14.6657,7.2295,8.9861,5.9694,0.0000,5.0954,5.9738,5.9141,4.0001,6.4123,27.1659,10.0000
sub-004,ses-02,Fp1,16,4,0,0,14.5512,8.3156,11.7241,2.3049,0.0000,4.4599,5.2636,5.2178,5.6403,5.0234,32.8844,10.0000
sub-004,ses-02,C3,0,2,0,0,14.4408,7.4837,23.0363,4.5561,0.0000,6.6313,7.2832,7.1680,7.9268,12.9590,66.0358,9.0000
sub-004,ses-02,C3,1,2,2,0,1.3314,5.5018,12.2873,5.1543,0.0000,3.9084,6.4857,6.4642,4.8522,10.0307,33.6735,10.0000
sub-004,ses-02,C3,2,2,4,0,3.3809,8.1190,11.9953,5.6161,0.0000,4.4414,5.6156,5.5575,7.2040,5.7266,48.4521,10.0000
sub-004,ses-02,C3,3,2,0,0,4.4079,2.5513,11.8787,4.9404,0.0000,3.7985,6.2711,6.2546,7.0464,6.4013,44.4983,10.0000
sub-004,ses-02,C3,4,2,0,0,8.2917,3.5872,8.4897,7.0939,0.0000,4.4343,5.3621,5.3084,4.4045,5.6977,25.7240,22.0000
sub-004,ses-02,C3,5,2,0,0,21.2500,6.6160,6.0413,2.2031,0.0000,4.1012,6.1918,6.1213,7.9070,6.9538,64.1462,1.0000
sub-004,ses-02,C3,6,2,2,0,7.4039,3.7856,9.1323,6.6792,0.0000,4.3345,5.9105,5.8742,6.7064,7.0288,25.5739,9.0000
sub-004,ses-02,C3,7,2,2,0,10.9615,1.9934,2.6373,3.6547,0.0000,2.6780,5.2327,5.2431,6.9515,5.9777,28.1039,1.0000
sub-004,ses-02,C3,8,2,0,0,18.7489,9.2646,8.8920,4.4642,0.0000,5.1963,5.4553,5.3316,7.8320,6.2720,57.2635,1.0000
sub-004,ses-02,C3,9,2,0,0,6.1707,3.2035,5.0316,3.8469,0.0000,2.7371,5.6456,5.6607,6.8165,7.5162,13.7607,19.0000
sub-004,ses-02,C3,10,2,2,0,10.3866,3.5095,5.4253,5.6555,0.0000,3.7595,6.2541,6.2417,6.9420,6.0387,25.1620,1.0000
sub-004,ses-02,C3,11,2,0,0,12.6786,5.8824,9.1865,8.3671,0.0000,5.5380,5.6286,5.5400,7.5257,7.0740,37.6254,1.0000
sub-004,ses-02,C3,12,2,2,0,11.1926,8.3494,9.9779,3.9581,0.0000,4.4068,6.0780,6.0077,5.4503,6.4744,28.3453,1.0000
sub-004,ses-02,C3,13,2,0,0,8.6016,7.9632,9.3087,6.9316,0.0000,4.9354,7.5017,7.4716,11.7766,10.0234,30.3013,17.0000
sub-004,ses-02,C3,14,2,4,2,3.8669,9.1983,7.0511,4.2786,0.0000,3.4928,6.7381,6.7534,11.7124,6.6530,18.8273,6.0000
sub-004,ses-02,C3,15,4,0,0,8.1696,11.3994,8.1479,1.2030,0.0000,3.3210,5.6329,5.6404,4.7781,6.4896,28.4782,4.0000
sub-004,ses-02,C3,16,4,0,0,7.6270,3.6966,11.3957,4.3751,0.0000,3.9662,5.8161,5.7823,4.4510,6.6581,28.4419,10.0000
sub-004,ses-02,CP3,0,2,0,0,20.4878,6.2360,24.4287,5.0682,0.0000,7.4268,7.1435,6.9742,8.2014,13.1396,65.9398,9.0000
sub-004,ses-02,CP3,1,2,2,0,3.0677,6.4887,14.2046,5.3068,0.0000,4.4754,6.7259,6.6804,6.0217,9.8561,39.0919,10.0000
sub-004,ses-02,CP3,2,2,4,0,20.8111,7.4662,15.5765,5.0329,0.0000,6.3255,6.3423,6.1774,9.4054,6.3180,65.4169,1.0000
sub-004,ses-02,CP3,3,2,0,0,23.3211,4.4048,12.7880,2.9165,0.0000,5.2453,6.0519,5.9378,6.1149,5.7150,76.9943,1.0000
sub-004,ses-02,CP3,4,2,0,0,15.2078,2.4682,7.0476,3.7361,0.0000,3.7572,5.2653,5.2032,4.3709,5.0091,56.2996,1.0000
sub-004,ses-02,CP3,5,2,0,0,22.0705,5.5999,8.3604,2.7627,0.0000,4.5758,6.3974,6.3235,4.9699,7.8294,62.1846,1.0000
sub-004,ses-02,CP3,6,2,2,0,12.2169,4.9698,7.2426,7.0773,0.0000,4.7490,6.0043,5.9296,5.0781,7.1174,31.4319,3.0000
sub-004,ses-02,CP3,7,2,2,0,5.0263,4.0690,5.7135,5.2791,0.0000,3.2393,6.0347,6.0354,7.2326,7.6275,17.8102,18.0000
sub-004,ses-02,CP3,8,2,0,0,10.9214,6.2597,9.3550,4.6993,0.0000,4.3243,5.4509,5.4034,7.2321,6.3621,38.4575,1.0000
sub-004,ses-02,CP3,9,2,0,0,10.9391,3.3357,4.6998,3.9166,0.0000,3.1678,5.8030,5.7696,5.4768,6.9699,36.1023,1.0000
sub-004,ses-02,CP3,10,2,2,0,14.9886,4.6179,4.8164,5.0630,0.0000,4.0266,6.4779,6.4432,8.1025,6.6817,44.0470,1.0000
sub-004,ses-02,CP3,11,2,0,0,3.9843,5.7926,7.9282,7.7313,0.0000,4.3531,6.1455,6.1143,6.1302,5.4266,37.8505,18.0000
sub-004,ses-02,CP3,12,2,2,0,15.7270,7.1977,9.2835,3.4922,0.0000,4.4837,5.8340,5.7581,5.4113,5.5380,35.6219,1.0000
sub-004,ses-02,CP3,13,2,0,0,2.6644,8.2236,6.1980,6.1298,0.0000,3.7309,7.2903,7.3065,13.6975,8.3899,21.6501,19.0000
sub-004,ses-02,CP3,14,2,4,2,28.4665,5.5674,7.6395,3.9761,0.0000,5.4340,6.6661,6.5465,9.3676,7.2055,68.0606,1.0000
sub-004,ses-02,CP3,15,4,0,0,15.4740,11.8717,9.1913,3.3607,0.0000,4.8423,6.3711,6.3078,7.2314,8.1227,37.9873,1.0000
sub-004,ses-02,CP3,16,4,0,0,4.1660,3.3005,15.1472,6.0067,0.0000,4.6241,5.5905,5.5293,4.5406,5.7650,41.3750,10.0000
sub-004,ses-02,O1,0,2,0,0,11.6699,2.2512,14.8176,2.9319,0.0000,4.2489,6.1064,6.0654,8.7342,6.6794,32.6145,9.0000
sub-004,ses-02,O1,1,2,2,0,12.0264,13.7445,8.6407,3.6803,0.0000,4.7156,5.4525,5.3945,3.6132,5.3866,26.1745,5.0000
sub-004,ses-02,O1,2,2,4,0,11.8455,10.1953,1.9611,2.2370,0.0000,3.0002,5.5887,5.5952,3.6417,6.7270,32.0360,1.0000
sub-004,ses-02,O1,3,2,0,0,6.5152,6.1302,8.0226,2.5129,0.0000,3.0555,6.1486,6.1603,4.5810,5.7791,18.0337,9.0000
sub-004,ses-02,O1,4,2,0,0,16.2135,7.5333,5.7611,5.7223,0.0000,4.7429,7.3167,7.2774,4.0003,3.8809,30.0115,1.0000
sub-004,ses-02,O1,5,2,0,0,15.4067,3.1303,7.1094,3.7840,0.0000,3.8604,5.5093,5.4894,3.1613,5.8334,49.0987,1.0000
sub-004,ses-02,O1,6,2,2,0,4.1505,7.7536,7.2794,5.6631,0.0000,3.8352,5.7126,5.6923,4.4264,5.8187,18.1210,13.0000
sub-004,ses-02,O1,7,2,2,0,9.2537,4.3109,1.6952,1.5723,0.0000,1.9737,5.6002,5.6433,8.1852,5.6921,19.2930,1.0000
sub-004,ses-02,O1,8,2,0,0,23.0089,7.2895,3.1577,4.9604,0.0000,4.7587,5.4270,5.3106,3.2976,5.7989,68.9044,1.0000
sub-004,ses-02,O1,9,2,0,0,15.3657,4.7762,4.8341,2.4976,0.0000,3.3033,5.3220,5.2922,4.3272,6.4896,51.1636,1.0000
sub-004,ses-02,O1,10,2,2,0,6.1777,4.0324,5.6212,5.0587,0.0000,3.2635,5.3239,5.3113,4.3398,4.8090,17.5994,17.0000
sub-004,ses-02,O1,11,2,0,0,19.8637,1.4231,4.5029,4.9647,0.0000,4.1094,6.5009,6.4470,6.7233,6.9751,52.4478,1.0000
sub-004,ses-02,O1,12,2,2,0,10.6661,3.2220,7.6598,6.1152,0.0000,4.2095,5.4376,5.3753,7.7840,4.8599,24.6644,1.0000
sub-004,ses-02,O1,13,2,0,0,16.8154,5.1714,7.0204,6.8275,0.0000,5.0890,5.6972,5.6050,8.5300,4.6246,61.4446,1.0000
sub-004,ses-02,O1,14,2,4,2,24.9873,5.2555,7.3619,5.6113,0.0000,5.5370,5.7511,5.6674,9.1324,4.6188,68.9279,1.0000
sub-004,ses-02,O1,15,4,0,0,17.3467,2.2859,6.7521,4.0329,0.0000,3.9877,5.8871,5.8331,4.4851,5.8134,54.1208,1.0000
sub-004,ses-02,O1,16,4,0,0,4.6509,4.0613,7.7882,3.2868,0.0000,2.8908,5.5140,5.5254,4.5874,5.8325,18.3563,9.0000
sub-004,ses-02,Pz,0,2,0,0,4.9754,9.1882,15.7127,4.7685,0.0000,4.9516,6.2730,6.2197,7.0214,9.0252,40.4413,9.0000
sub-004,ses-02,Pz,1,2,2,0,8.2461,3.4911,13.0555,4.4607,0.0000,4.2621,5.6993,5.6477,8.2934,5.1025,25.7310,11.0000
sub-004,ses-02,Pz,2,2,4,0,18.8079,5.6391,5.9179,3.9703,0.0000,4.3002,6.8646,6.8032,5.4946,7.8154,51.0479,1.0000
sub-004,ses-02,Pz,3,2,0,0,8.4082,1.4934,6.9263,4.7973,0.0000,3.3379,6.7076,6.7059,9.0282,7.5389,24.9570,21.0000
sub-004,ses-02,Pz,4,2,0,0,12.0627,2.8960,6.0248,2.5211,0.0000,2.9943,5.2663,5.2305,4.7770,5.5811,40.2434,1.0000
sub-004,ses-02,Pz,5,2,0,0,19.8753,4.6910,8.1247,3.2098,0.0000,4.3893,5.9196,5.8559,5.6361,5.8250,53.0739,1.0000
sub-004,ses-02,Pz,6,2,2,0,6.0982,3.8448,4.7371,2.5463,0.0000,2.3557,5.3284,5.3490,6.5942,6.3790,12.8808,2.0000
sub-004,ses-02,Pz,7,2,2,0,12.9632,4.1671,12.0462,4.5826,0.0000,4.6598,5.6450,5.5912,5.4949,7.0310,34.6858,1.0000
sub-004,ses-02,Pz,8,2,0,0,4.6828,6.4824,3.2205,6.0554,0.0000,3.3187,5.8789,5.8620,3.4446,5.8168,13.5088,14.0000
sub-004,ses-02,Pz,9,2,0,0,19.6905,3.2733,8.8430,2.4854,0.0000,4.1215,5.6645,5.5707,4.9827,6.2013,57.5793,1.0000
sub-004,ses-02,Pz,10,2,2,0,12.4125,6.7466,8.8808,2.2756,0.0000,3.7094,6.0879,6.0686,7.0137,6.4470,31.9572,1.0000
sub-004,ses-02,Pz,11,2,0,0,15.7314,7.2666,6.1486,3.7491,0.0000,4.1307,5.8436,5.8176,7.3392,5.8072,41.4739,1.0000
sub-004,ses-02,Pz,12,2,2,0,18.4756,4.2585,6.9324,6.8689,0.0000,5.1588,5.3294,5.2112,6.9416,5.6117,50.8613,1.0000
sub-004,ses-02,Pz,13,2,0,0,13.3482,4.2161,4.4427,4.2965,0.0000,3.5527,5.9606,5.9249,7.3168,6.6035,43.8232,1.0000
sub-004,ses-02,Pz,14,2,4,2,23.0951,6.6982,7.3718,3.9445,0.0000,4.9926,6.0414,5.9511,4.5555,7.9338,61.5421,1.0000
sub-004,ses-02,Pz,15,4,0,0,10.6557,2.3790,12.8732,6.6625,0.0000,5.0230,5.8356,5.7701,7.0141,5.9758,29.5718,1.0000
sub-004,ses-02,Pz,16,4,0,0,10.8632,2.8699,3.5565,2.3793,0.0000,2.4931,4.9549,4.9495,6.0817,6.4798,38.0860,1.0000
sub-004,ses-02,Fp2,0,2,0,0,4.9434,2.2472,18.6938,4.9895,0.0000,4.7858,6.1281,6.0695,8.1650,5.5679,53.9778,9.0000
sub-004,ses-02,Fp2,1,2,2,0,3.2928,1.6629,6.3000,2.2269,0.0000,2.0133,5.4982,5.5349,6.9056,6.5314,20.3830,9.0000
sub-004,ses-02,Fp2,2,2,4,0,8.2770,6.9996,5.9342,5.5859,0.0000,3.9379,5.8312,5.7976,7.1506,5.8820,19.9954,22.0000
sub-004,ses-02,Fp2,3,2,0,0,14.3049,3.3549,9.7789,2.8229,0.0000,3.8607,5.8144,5.7609,6.7668,7.0703,43.3693,1.0000
sub-004,ses-02,Fp2,4,2,0,0,5.5571,4.2525,6.4389,3.1364,0.0000,2.7592,5.2670,5.2635,5.3344,6.3406,19.1292,9.0000
sub-004,ses-02,Fp2,5,2,0,0,17.3060,6.3241,10.6333,4.7721,0.0000,5.1246,5.8178,5.7511,7.2412,5.4428,42.6475,1.0000
sub-004,ses-02,Fp2,6,2,2,0,8.0483,4.7312,4.6597,6.0151,0.0000,3.6575,5.2047,5.1863,7.5385,5.9497,32.5562,15.0000
sub-004,ses-02,Fp2,7,2,2,0,10.8335,4.4300,3.4154,4.5034,0.0000,3.2579,5.6085,5.5934,6.1892,7.2524,27.5165,1.0000
sub-004,ses-02,Fp2,8,2,0,0,14.6291,4.1849,5.2987,4.2213,0.0000,3.7657,5.5951,5.5275,6.2802,5.1403,44.0079,1.0000
sub-004,ses-02,Fp2,9,2,0,0,13.5473,5.8229,4.6735,4.1545,0.0000,3.7100,5.1370,5.1136,5.7931,4.8290,20.8944,1.0000
sub-004,ses-02,Fp2,10,2,2,0,2.0035,3.5658,7.4195,4.7727,0.0000,2.9963,5.3828,5.3729,8.7159,5.1634,21.1124,10.0000
sub-004,ses-02,Fp2,11,2,0,0,17.4271,6.8602,7.8235,4.6650,0.0000,4.7613,5.7118,5.6223,8.1476,6.4156,37.4420,1.0000
sub-004,ses-02,Fp2,12,2,2,0,11.1067,6.0240,6.0305,2.6118,0.0000,3.2247,5.5381,5.5041,4.4536,5.9623,31.5052,1.0000
sub-004,ses-02,Fp2,13,2,0,0,5.2382,3.5899,8.2223,2.5357,0.0000,2.7351,5.8474,5.8667,8.4339,6.1017,25.0972,8.0000
sub-004,ses-02,Fp2,14,2,4,2,10.7805,9.2291,9.6912,5.7455,0.0000,4.9506,5.8244,5.7748,6.2257,5.5924,27.1826,6.0000
sub-004,ses-02,Fp2,15,4,0,0,20.7158,9.2823,9.1601,3.6742,0.0000,5.1795,5.8245,5.7513,4.5363,6.2240,41.5629,1.0000
sub-004,ses-02,Fp2,16,4,0,0,15.5626,10.6298,10.5074,2.5866,0.0000,4.6846,5.2551,5.2096,6.4159,5.9374,33.1069,4.0000
sub-004,ses-02,Fz,0,2,0,0,11.7830,5.6978,19.3940,5.1727,0.0000,5.8961,6.3627,6.2636,7.4016,9.1313,51.9324,9.0000
sub-004,ses-02,Fz,1,2,2,0,4.8544,1.4246,8.8683,3.0698,0.0000,2.7496,5.8924,5.9061,3.4998,9.6344,23.4326,10.0000
sub-004,ses-02,Fz,2,2,4,0,13.5010,6.1233,8.8691,7.1506,0.0000,5.2249,6.2705,6.1805,8.9387,6.2708,36.3283,1.0000
sub-004,ses-02,Fz,3,2,0,0,10.0534,4.0284,9.7409,5.0470,0.0000,4.1950,5.9222,5.8843,5.8610,6.8953,27.3481,10.0000
sub-004,ses-02,Fz,4,2,0,0,4.6820,5.9679,3.9747,3.4006,0.0000,2.5734,5.3680,5.3836,5.5707,5.8249,12.2994,11.0000
sub-004,ses-02,Fz,5,2,0,0,2.8405,11.6605,9.1186,5.1577,0.0000,4.1806,5.9980,5.9694,7.5531,6.0551,29.7525,10.0000
sub-004,ses-02,Fz,6,2,2,0,4.9612,4.3884,3.9507,4.6857,0.0000,2.8376,6.0140,6.0310,8.9506,6.7439,13.5727,15.0000
sub-004,ses-02,Fz,7,2,2,0,10.4746,3.3635,4.2797,3.9594,0.0000,3.0815,5.6618,5.6641,5.6990,6.2548,19.7578,1.0000
sub-004,ses-02,Fz,8,2,0,0,3.8146,4.8774,9.8958,4.2746,0.0000,3.4817,5.9171,5.9111,4.2183,5.1453,24.4177,9.0000
sub-004,ses-02,Fz,9,2,0,0,14.7619,6.9633,4.2230,3.8434,0.0000,3.7722,5.3100,5.2644,5.4060,5.3927,42.1353,1.0000
sub-004,ses-02,Fz,10,2,2,0,6.8756,2.4261,9.3925,4.0756,0.0000,3.4080,5.6779,5.6565,7.8856,5.4285,22.3041,11.0000
sub-004,ses-02,Fz,11,2,0,0,8.8958,4.9843,7.9178,3.8335,0.0000,3.5550,6.1632,6.1621,10.1246,6.2758,26.9145,10.0000
sub-004,ses-02,Fz,12,2,2,0,9.7613,8.1553,6.5482,3.7852,0.0000,3.7247,6.2145,6.1743,5.5685,6.8099,24.9728,1.0000
sub-004,ses-02,Fz,13,2,0,0,9.7155,4.8327,7.2947,2.6826,0.0000,3.1822,5.8632,5.8709,8.3602,6.8849,13.5323,10.0000
sub-004,ses-02,Fz,14,2,4,2,17.4622,8.8141,5.6408,4.9267,0.0000,4.7209,6.1203,6.0242,9.7120,6.5137,54.2146,1.0000
sub-004,ses-02,Fz,15,4,0,0,4.6814,5.6434,10.2534,3.0309,0.0000,3.3075,5.2046,5.1936,2.3482,6.8256,31.3068,10.0000
sub-004,ses-02,Fz,16,4,0,0,6.8751,4.1905,10.8802,2.3701,0.0000,3.2641,5.1341,5.0982,4.4966,5.6732,28.8839,11.0000
sub-004,ses-02,FCz,0,2,0,0,11.6187,10.4037,19.7855,5.4823,0.0000,6.4668,6.7478,6.6426,5.4887,9.6732,53.3274,9.0000
sub-004,ses-02,FCz,1,2,2,0,6.7071,1.5886,9.2641,4.1303,0.0000,3.3131,5.9212,5.9186,4.1824,9.4815,26.9957,10.0000
sub-004,ses-02,FCz,2,2,4,0,17.3520,5.5799,10.1661,6.3689,0.0000,5.4772,7.1717,7.0580,8.3945,7.3101,49.8906,1.0000
sub-004,ses-02,FCz,3,2,0,0,13.9959,4.2589,9.6653,5.2321,0.0000,4.6286,6.1891,6.1402,7.0608,6.8765,38.7661,1.0000
sub-004,ses-02,FCz,4,2,0,0,9.0496,7.0996,3.1232,4.0792,0.0000,3.1713,5.2321,5.1965,5.1374,5.6973,19.5948,1.0000
sub-004,ses-02,FCz,5,2,0,0,10.8057,7.6210,8.9376,4.5218,0.0000,4.3283,5.2935,5.2038,6.3643,5.8747,36.3018,1.0000
sub-004,ses-02,FCz,6,2,2,0,7.1998,4.7728,3.9175,5.6486,0.0000,3.3681,5.9528,5.9486,8.4723,6.4504,17.1314,15.0000
sub-004,ses-02,FCz,7,2,2,0,6.6011,3.5113,3.4687,3.5159,0.0000,2.4877,6.0203,6.0578,5.4562,5.9869,12.3044,18.0000
sub-004,ses-02,FCz,8,2,0,0,2.7682,4.8754,12.8178,3.6161,0.0000,3.5928,5.7481,5.7199,3.7871,5.3546,24.0362,9.0000
sub-004,ses-02,FCz,9,2,0,0,14.4379,6.6088,5.5064,3.7837,0.0000,3.8701,5.5831,5.5186,7.7390,6.9446,41.2593,1.0000
sub-004,ses-02,FCz,10,2,2,0,4.4080,4.4968,8.5339,4.8663,0.0000,3.4903,6.1227,6.1176,7.1153,5.2196,24.7774,10.0000
sub-004,ses-02,FCz,11,2,0,0,5.6718,4.5741,8.1508,3.3147,0.0000,3.0926,5.9416,5.9573,11.7831,6.3006,26.5379,10.0000
sub-004,ses-02,FCz,12,2,2,0,7.8446,8.4170,8.1430,4.3874,0.0000,3.9754,6.3282,6.3183,5.2552,6.3881,19.7761,9.0000
sub-004,ses-02,FCz,13,2,0,0,6.5508,3.8261,7.3022,4.5124,0.0000,3.3484,5.7761,5.7712,6.8180,7.4791,15.8258,10.0000
sub-004,ses-02,FCz,14,2,4,2,19.8137,9.9654,4.3270,4.4739,0.0000,4.7265,6.3752,6.2813,10.7393,7.6205,60.2700,1.0000
sub-004,ses-02,FCz,15,4,0,0,14.8610,5.5879,10.4543,2.1051,0.0000,3.9974,5.3443,5.2797,2.1102,6.7583,35.1071,10.0000
sub-004,ses-02,FCz,16,4,0,0,3.5309,4.0057,11.8185,2.2760,0.0000,3.0383,5.7245,5.7278,4.7227,7.2120,38.2265,11.0000
sub-004,ses-02,Cz,0,2,0,0,9.6589,12.8967,19.5201,5.8209,0.0000,6.5817,7.5440,7.4646,4.2736,12.3912,56.4776,9.0000
sub-004,ses-02,Cz,1,2,2,0,8.3278,1.5317,9.7912,5.1055,0.0000,3.8269,6.3425,6.3264,4.9297,8.7381,27.6787,10.0000
sub-004,ses-02,Cz,2,2,4,0,16.9481,5.9409,12.8767,4.4516,0.0000,5.2718,7.2087,7.1382,8.5341,7.7701,54.3937,10.0000
sub-004,ses-02,Cz,3,2,0,0,11.5339,3.6366,7.5450,3.8399,0.0000,3.6249,6.1535,6.1487,6.3647,6.3294,34.4364,1.0000
sub-004,ses-02,Cz,4,2,0,0,11.0486,5.2172,3.5178,3.8742,0.0000,3.1752,5.4571,5.4240,4.1057,7.2181,23.8604,1.0000
sub-004,ses-02,Cz,5,2,0,0,13.7748,5.6356,8.9549,4.4093,0.0000,4.3882,5.8577,5.7813,9.1943,6.5676,42.8728,1.0000
sub-004,ses-02,Cz,6,2,2,0,4.7407,5.5417,4.6781,3.1316,0.0000,2.5560,5.8592,5.8833,6.9188,5.5032,16.4437,10.0000
sub-004,ses-02,Cz,7,2,2,0,7.4501,2.4140,4.8408,3.7989,0.0000,2.7416,5.7623,5.7885,5.0974,6.0427,12.2149,14.0000
sub-004,ses-02,Cz,8,2,0,0,5.2452,6.6823,14.8021,2.4430,0.0000,3.9135,5.6655,5.6325,5.9410,5.5402,23.6273,12.0000
sub-004,ses-02,Cz,9,2,0,0,15.4628,9.9801,5.3366,2.5849,0.0000,3.8929,5.9646,5.9510,7.3549,5.5513,31.3158,1.0000
sub-004,ses-02,Cz,10,2,2,0,9.4342,6.6370,8.7278,4.2203,0.0000,3.9887,6.4370,6.4155,5.6843,5.1973,23.6019,1.0000
sub-004,ses-02,Cz,11,2,0,0,7.6193,5.0531,8.5484,5.0238,0.0000,3.8905,5.8686,5.8502,11.0675,5.7457,28.0881,10.0000
sub-004,ses-02,Cz,12,2,2,0,10.5111,11.6641,9.0101,5.5214,0.0000,4.9893,6.4119,6.3587,6.5388,6.7513,24.2247,1.0000
sub-004,ses-02,Cz,13,2,0,0,5.7325,3.5990,7.3385,4.8529,0.0000,3.3592,5.5475,5.5410,6.2739,6.2699,14.8171,22.0000
sub-004,ses-02,Cz,14,2,4,2,14.4934,13.4497,5.0374,4.7095,0.0000,4.7261,6.4128,6.3485,14.3353,8.6647,42.1789,1.0000
sub-004,ses-02,Cz,15,4,0,0,8.3285,3.0826,9.7094,2.2202,0.0000,3.0875,5.6334,5.6296,1.9304,6.7748,31.2262,10.0000
sub-004,ses-02,Cz,16,4,0,0,1.4225,3.2988,10.4540,3.1314,0.0000,2.8446,5.9610,5.9759,5.7055,8.2760,35.7150,11.0000
sub-004,ses-02,C4,0,2,0,0,3.9277,4.6787,15.7229,4.4427,0.0000,4.3376,6.2447,6.2087,7.4214,8.7727,51.3056,9.0000
sub-004,ses-02,C4,1,2,2,0,6.3621,1.1892,8.4238,3.6782,0.0000,2.9899,5.5724,5.5774,4.3633,7.0218,23.5093,9.0000
sub-004,ses-02,C4,2,2,4,0,4.2036,6.9485,9.0858,4.7076,0.0000,3.7284,6.1834,6.1672,10.5233,5.5126,24.9062,10.0000
sub-004,ses-02,C4,3,2,0,0,9.6933,6.6130,10.2322,4.6536,0.0000,4.3515,5.6886,5.6539,8.6263,6.4009,26.9845,10.0000
sub-004,ses-02,C4,4,2,0,0,11.6441,6.9571,5.4526,4.1966,0.0000,3.7599,5.6095,5.5639,4.4372,7.1248,27.1357,1.0000
sub-004,ses-02,C4,5,2,0,0,10.9559,6.9580,8.6796,3.7275,0.0000,4.0044,5.8355,5.7881,10.3561,6.9024,36.8857,1.0000
sub-004,ses-02,C4,6,2,2,0,7.7192,5.0410,3.5747,5.6303,0.0000,3.3880,6.1205,6.1239,10.1199,6.1600,21.8130,15.0000
sub-004,ses-02,C4,7,2,2,0,4.6540,4.1077,5.4088,4.2648,0.0000,2.8591,5.8783,5.8889,4.3486,6.5394,17.1472,16.0000
sub-004,ses-02,C4,8,2,0,0,5.8841,4.7319,5.7331,3.8399,0.0000,2.9484,5.2098,5.2143,3.1251,6.0839,21.3117,9.0000
sub-004,ses-02,C4,9,2,0,0,18.6999,4.7152,6.6337,5.1258,0.0000,4.6534,5.4561,5.3961,4.3047,4.6113,34.4671,3.0000
sub-004,ses-02,C4,10,2,2,0,9.6228,4.7407,9.5661,3.7847,0.0000,3.8151,5.2801,5.2470,6.3820,5.0998,29.6044,1.0000
sub-004,ses-02,C4,11,2,0,0,11.8447,5.3082,10.2105,3.7523,0.0000,4.1548,6.0679,6.0361,10.1590,5.0545,34.4637,10.0000
sub-004,ses-02,C4,12,2,2,0,8.8260,6.2656,8.2051,5.3917,0.0000,4.1788,6.2287,6.2055,5.8923,5.6841,21.3187,1.0000
sub-004,ses-02,C4,13,2,0,0,4.2679,5.1617,6.0605,6.3028,0.0000,3.6283,5.6019,5.5885,6.9129,4.7600,28.2881,15.0000
sub-004,ses-02,C4,14,2,4,2,5.8706,1.9088,8.4510,5.5426,0.0000,3.5785,5.7949,5.7810,11.5314,6.7471,21.9376,15.0000
sub-004,ses-02,C4,15,4,0,0,9.8859,5.5970,9.8475,2.7541,0.0000,3.6470,5.8349,5.8085,5.3105,6.9557,33.5820,10.0000
sub-004,ses-02,C4,16,4,0,0,3.1784,5.3673,8.6546,3.2463,0.0000,2.9840,5.5708,5.5519,3.0602,7.9034,19.5218,10.0000
sub-004,ses-02,CP4,0,2,0,0,4.8600,3.6871,14.4094,4.4673,0.0000,4.1563,6.4594,6.4459,6.3682,9.9157,42.2537,9.0000
sub-004,ses-02,CP4,1,2,2,0,7.3689,2.1594,7.2093,4.1240,0.0000,3.1391,5.5047,5.4992,4.4706,6.5601,21.5034,9.0000
sub-004,ses-02,CP4,2,2,4,0,2.0162,7.9313,10.6179,4.1153,0.0000,3.6511,6.5206,6.5154,13.2856,6.4717,25.5183,18.0000
sub-004,ses-02,CP4,3,2,0,0,8.8534,7.9425,9.7078,3.2227,0.0000,3.8913,5.7359,5.7181,8.3171,6.3204,26.6550,10.0000
sub-004,ses-02,CP4,4,2,0,0,4.8782,5.3215,5.8993,3.4341,0.0000,2.8102,5.3056,5.3152,4.2975,6.8352,16.1377,10.0000
sub-004,ses-02,CP4,5,2,0,0,21.0942,7.0106,9.2734,5.5446,0.0000,5.5846,6.2529,6.1589,8.8463,6.4811,69.9072,1.0000
sub-004,ses-02,CP4,6,2,2,0,6.2654,4.6638,3.3095,5.2605,0.0000,3.0688,5.9649,5.9774,8.2905,5.8413,32.5309,15.0000
sub-004,ses-02,CP4,7,2,2,0,10.3092,5.4250,6.2159,4.6181,0.0000,3.7271,5.9414,5.9186,4.9612,7.2488,24.0790,16.0000
sub-004,ses-02,CP4,8,2,0,0,11.3866,1.8451,4.4054,3.6941,0.0000,2.9624,5.6675,5.6722,3.9033,5.7279,35.7115,1.0000
sub-004,ses-02,CP4,9,2,0,0,14.4731,5.8218,5.5638,5.6416,0.0000,4.3698,5.6908,5.6489,3.9537,4.9625,26.7408,3.0000
sub-004,ses-02,CP4,10,2,2,0,8.1752,4.9045,10.2812,5.0445,0.0000,4.1764,5.7543,5.7265,7.3934,6.8473,22.6547,1.0000
sub-004,ses-02,CP4,11,2,0,0,16.2407,4.3582,11.1016,3.5835,0.0000,4.5486,6.4559,6.4050,9.7430,6.2829,33.2384,10.0000
sub-004,ses-02,CP4,12,2,2,0,14.3066,4.5275,9.5631,7.0485,0.0000,5.2173,6.1684,6.0792,7.8825,5.7068,35.4895,1.0000
sub-004,ses-02,CP4,13,2,0,0,3.3165,8.2996,5.5524,6.1271,0.0000,3.7077,5.5935,5.5735,5.7281,5.4686,31.1361,15.0000
sub-004,ses-02,CP4,14,2,4,2,9.1780,5.1781,7.9396,5.3661,0.0000,4.0656,6.2510,6.2198,13.4414,6.6061,27.8062,1.0000
sub-004,ses-02,CP4,15,4,0,0,5.9992,4.0908,9.1753,3.1706,0.0000,3.1774,6.4871,6.4974,5.1110,7.1709,36.0288,10.0000
sub-004,ses-02,CP4,16,4,0,0,7.9386,6.9053,10.2832,4.8131,0.0000,4.2708,5.9940,5.9516,4.3015,8.3226,24.9258,10.0000
sub-004,ses-02,O2,0,2,0,0,18.6002,7.9673,15.1409,4.0879,0.0000,5.8199,6.2815,6.1454,5.7616,6.6435,58.8219,1.0000
sub-004,ses-02,O2,1,2,2,0,13.4094,8.9600,9.4157,2.9774,0.0000,4.2948,5.1418,5.0762,2.8041,4.3149,25.9027,1.0000
sub-004,ses-02,O2,2,2,4,0,20.8444,3.5625,5.5456,3.8573,0.0000,4.2104,5.3161,5.2238,3.4243,5.5283,58.2342,1.0000
sub-004,ses-02,O2,3,2,0,0,27.0837,6.4127,11.4686,3.4366,0.0000,5.7552,5.9465,5.8118,3.3983,7.3429,71.2040,1.0000
sub-004,ses-02,O2,4,2,0,0,20.7517,1.4138,5.8070,2.7301,0.0000,3.6976,5.3932,5.3427,3.5281,5.4550,67.4187,1.0000
sub-004,ses-02,O2,5,2,0,0,19.8275,6.9090,7.0300,4.2999,0.0000,4.7680,5.3955,5.2657,6.3949,5.4381,61.1040,1.0000
sub-004,ses-02,O2,6,2,2,0,13.5331,4.9205,5.0506,3.4551,0.0000,3.4659,5.4296,5.3636,5.8621,5.1934,39.6343,1.0000
sub-004,ses-02,O2,7,2,2,0,3.7060,6.3016,4.0517,3.4574,0.0000,2.5416,6.2277,6.2638,8.5849,7.1192,16.6069,22.0000
sub-004,ses-02,O2,8,2,0,0,18.1386,2.5980,5.3567,3.9982,0.0000,3.8852,5.1403,5.0821,5.6751,5.3111,57.3020,1.0000
sub-004,ses-02,O2,9,2,0,0,16.3389,6.2526,5.3893,2.9424,0.0000,3.7431,5.7871,5.7276,6.7788,5.8109,50.7536,1.0000
sub-004,ses-02,O2,10,2,2,0,19.6966,3.9453,7.5238,4.2150,0.0000,4.5234,5.8536,5.7503,5.9279,4.6287,48.2913,1.0000
sub-004,ses-02,O2,11,2,0,0,6.3732,2.2151,4.8685,3.7555,0.0000,2.6136,5.4409,5.4672,4.7541,5.2052,12.4244,13.0000
sub-004,ses-02,O2,12,2,2,0,14.7865,7.8031,5.4617,2.8181,0.0000,3.7154,5.8902,5.8386,4.7226,6.1558,42.8236,1.0000
sub-004,ses-02,O2,13,2,0,0,2.8296,5.7633,3.3657,3.7667,0.0000,2.4078,5.4042,5.4279,9.5594,5.0899,13.6372,21.0000
sub-004,ses-02,O2,14,2,4,2,29.7226,7.3344,5.1402,4.5693,0.0000,5.5458,6.0081,5.8710,11.6421,6.1698,73.3220,1.0000
sub-004,ses-02,O2,15,4,0,0,7.3037,3.0729,6.8649,9.5717,0.0000,4.8169,6.6133,6.5755,6.1750,6.5638,21.9183,21.0000
sub-004,ses-02,O2,16,4,0,0,1.9863,4.7308,5.7203,6.2189,0.0000,3.3032,5.2628,5.2489,5.7711,5.3059,32.9318,18.0000
sub-005,ses-01,Fp1,0,4,0,0,8.0308,6.4665,6.4502,3.5834,0.0000,3.3320,5.4614,5.4609,6.8165,3.9334,13.7900,8.0000
sub-005,ses-01,Fp1,1,4,0,0,13.1526,1.8165,6.9317,2.3429,0.0000,3.0680,6.2280,6.2397,8.4257,5.8510,30.7834,1.0000
sub-005,ses-01,Fp1,2,4,0,0,18.5416,8.3373,8.0945,3.8140,0.0000,4.7829,5.7198,5.6039,6.0709,4.2931,63.0434,1.0000
sub-005,ses-01,Fp1,3,4,0,0,7.5709,4.0376,4.5702,5.4446,0.0000,3.3636,5.1757,5.1518,5.6678,3.6142,26.7588,20.0000
sub-005,ses-01,Fp1,4,2,0,0,24.9511,15.4986,8.7401,6.8534,0.0000,7.0543,5.9592,5.7951,7.4103,5.6140,58.1626,1.0000
sub-005,ses-01,Fp1,5,2,2,0,8.9484,5.0750,10.5914,3.3475,0.0000,3.7944,5.4526,5.4260,10.9568,5.0633,20.4274,8.0000
sub-005,ses-01,Fp1,6,4,0,0,6.3537,5.7708,3.3130,3.2700,0.0000,2.5788,5.2637,5.2621,6.6374,5.1354,13.5199,4.0000
sub-005,ses-01,Fp1,7,2,4,0,18.9615,3.9330,5.4094,4.4028,0.0000,4.2156,6.5369,6.5126,8.4706,4.8114,44.3106,2.0000
sub-005,ses-01,Fp1,8,2,2,0,13.4583,2.9198,7.9603,3.8529,0.0000,3.7991,5.4035,5.3793,6.6322,5.4640,46.0750,1.0000
sub-005,ses-01,Fp1,9,2,2,0,10.9436,5.3223,2.3750,1.4424,0.0000,2.2806,5.8079,5.8433,7.8873,4.6411,23.4551,1.0000
sub-005,ses-01,Fp1,10,2,2,0,13.1358,10.4368,4.8609,2.4473,0.0000,3.6110,5.6586,5.6629,4.9228,5.4482,25.0888,4.0000
sub-005,ses-01,Fp1,11,4,0,0,7.0317,4.6275,7.2920,2.0532,0.0000,2.7228,5.0211,5.0336,3.0652,4.6360,21.5604,12.0000
sub-005,ses-01,Fp1,12,4,0,0,20.0527,6.6806,8.9648,1.8931,0.0000,4.3100,5.7879,5.7369,7.8877,5.1933,55.3441,1.0000
sub-005,ses-01,Fp1,13,4,0,0,15.1520,4.9380,3.0855,3.9898,0.0000,3.5056,5.3649,5.3132,7.8145,3.2494,51.4299,1.0000
sub-005,ses-01,Fp1,14,4,2,0,4.9582,2.0380,6.4345,3.3463,0.0000,2.5603,5.0497,5.0597,4.2798,4.7253,12.5519,1.0000
sub-005,ses-01,Fp1,15,8,0,0,17.9605,6.1535,9.0456,4.5872,0.0000,4.8922,5.7449,5.6665,5.2294,6.4824,56.6902,1.0000
sub-005,ses-01,Fp1,16,4,2,0,12.1813,10.1343,8.5108,3.8386,0.0000,4.4239,6.4561,6.4184,9.3062,4.9750,30.6504,5.0000
sub-005,ses-01,Fp1,17,2,2,0,19.3466,3.0935,1.9986,4.3446,0.0000,3.6798,4.9900,4.8791,5.8318,5.7414,66.8642,1.0000
sub-005,ses-01,Fp1,18,4,2,0,9.5437,7.4136,3.3912,5.0571,0.0000,3.5795,6.0009,5.9971,4.6490,5.7336,22.8392,19.0000
sub-005,ses-01,Fp1,19,4,2,0,10.8463,3.7920,5.8852,4.4075,0.0000,3.5154,5.5163,5.4903,4.3770,7.0439,20.5472,1.0000
sub-005,ses-01,Fp1,20,4,0,0,12.5195,10.9323,5.0350,2.3538,0.0000,3.5957,5.9491,5.9546,5.5743,4.9435,24.6858,4.0000
sub-005,ses-01,Fp1,21,2,2,0,6.5633,6.5054,4.3032,6.1723,0.0000,3.6822,6.2141,6.2059,5.3888,4.8652,15.2056,14.0000
sub-005,ses-01,Fp1,22,2,2,0,5.6704,10.9414,12.0004,2.4589,0.0000,3.9632,6.0679,6.0366,7.7287,6.0935,25.0095,11.0000
sub-005,ses-01,Fp1,23,2,4,0,20.9834,13.0026,11.8201,3.7105,0.0000,5.9326,6.6986,6.6304,11.1394,5.5347,35.4510,1.0000
sub-005,ses-01,Fp1,24,2,2,0,5.7901,6.5419,4.4203,5.1161,0.0000,3.3107,5.3441,5.3395,4.5939,6.0148,16.0096,22.0000
sub-005,ses-01,C3,0,4,0,0,17.4230,4.3422,3.0666,2.6805,0.0000,3.2630,5.0076,4.9823,4.1029,4.0934,44.2769,1.0000
sub-005,ses-01,C3,1,4,0,0,11.2378,2.5029,6.2823,4.4520,0.0000,3.5007,6.8616,6.8609,7.4431,5.9162,37.3867,1.0000
sub-005,ses-01,C3,2,4,0,0,4.0580,7.2877,7.7222,3.0274,0.0000,3.0482,6.4500,6.4718,7.2621,6.7831,19.8633,11.0000
sub-005,ses-01,C3,3,4,0,0,9.7150,7.5731,4.9351,2.3993,0.0000,3.0222,5.2249,5.2290,4.5274,5.5262,20.7749,2.0000
sub-005,ses-01,C3,4,2,0,0,11.4939,5.1237,3.7154,4.6297,0.0000,3.4639,5.7775,5.7687,3.3783,5.1367,22.5519,1.0000
sub-005,ses-01,C3,5,2,2,0,10.6871,6.9754,9.7579,6.3154,0.0000,4.9139,6.0366,5.9772,4.6268,5.2062,29.8177,10.0000
sub-005,ses-01,C3,6,4,0,0,3.9786,3.6524,5.9966,5.2630,0.0000,3.1377,5.3764,5.3767,3.2352,5.2399,14.0406,17.0000
sub-005,ses-01,C3,7,2,4,0,15.8086,3.3261,7.4473,1.8011,0.0000,3.3636,5.1599,5.1324,3.7836,4.3176,34.9727,1.0000
sub-005,ses-01,C3,8,2,2,0,2.5140,8.4553,5.8410,4.5846,0.0000,3.2215,5.4103,5.4084,4.4115,7.6203,14.5258,15.0000
sub-005,ses-01,C3,9,2,2,0,2.0668,3.4110,11.2427,2.0638,0.0000,2.7023,6.6093,6.6374,4.7512,6.9063,31.8251,11.0000
sub-005,ses-01,C3,10,2,2,0,2.9697,4.1652,9.8964,4.6434,0.0000,3.4484,5.8244,5.8015,6.1389,5.2773,29.5166,11.0000
sub-005,ses-01,C3,11,4,0,0,5.8900,2.0967,9.2460,2.0331,0.0000,2.6478,5.1994,5.2116,6.1579,5.6115,15.7252,9.0000
sub-005,ses-01,C3,12,4,0,0,3.4774,5.7980,5.9434,3.9400,0.0000,2.8833,5.3628,5.3670,9.1664,5.5321,23.1607,22.0000
sub-005,ses-01,C3,13,4,0,0,6.7548,4.9249,3.8845,2.7033,0.0000,2.4458,5.2706,5.2549,7.9088,5.8777,21.0030,1.0000
sub-005,ses-01,C3,14,4,2,0,15.4833,4.4686,6.7890,3.9581,0.0000,3.9999,5.0210,4.9733,5.1861,4.7666,29.4046,1.0000
sub-005,ses-01,C3,15,8,0,0,13.8559,4.3066,5.1927,4.6554,0.0000,3.8215,5.9749,5.9390,7.1022,5.5669,32.5772,1.0000
sub-005,ses-01,C3,16,4,2,0,10.6173,12.7254,6.3289,4.0728,0.0000,4.2858,5.8079,5.7558,9.2207,5.8300,38.1676,1.0000
sub-005,ses-01,C3,17,2,2,0,4.2852,3.7362,5.4039,2.1484,0.0000,2.1497,6.3933,6.4443,11.7340,4.3832,11.9676,10.0000
sub-005,ses-01,C3,18,4,2,0,6.3970,2.1168,5.5978,3.3004,0.0000,2.5709,5.9397,5.9705,6.6593,8.6094,12.3505,8.0000
sub-005,ses-01,C3,19,4,2,0,6.7699,8.4189,9.6021,4.7112,0.0000,4.1770,5.9471,5.9255,3.7803,7.0413,31.0376,10.0000
sub-005,ses-01,C3,20,4,0,0,4.5038,7.6976,6.4010,3.4759,0.0000,3.0790,5.8247,5.8043,3.9666,7.0768,16.4851,7.0000
sub-005,ses-01,C3,21,2,2,0,13.1030,10.0688,2.8868,5.5287,0.0000,4.2298,5.7754,5.7552,7.1791,5.6154,29.2840,4.0000
sub-005,ses-01,C3,22,2,2,0,5.3643,14.5182,12.6887,5.6877,0.0000,5.3396,6.1206,6.0563,9.7535,5.7229,28.4105,11.0000
sub-005,ses-01,C3,23,2,4,0,12.3606,11.0266,4.7179,4.0178,0.0000,4.0485,5.5830,5.5642,6.6871,4.5933,23.7680,4.0000
sub-005,ses-01,C3,24,2,2,0,3.3827,9.5107,7.6804,4.4355,0.0000,3.6120,5.3206,5.3049,6.4750,4.8309,22.0401,5.0000
sub-005,ses-01,CP3,0,4,0,0,12.3212,3.0896,4.7004,3.8801,0.0000,3.2625,5.9647,5.9589,10.8240,5.8471,36.2292,1.0000
sub-005,ses-01,CP3,1,4,0,0,7.5231,2.0604,5.7050,4.0994,0.0000,2.9269,5.8879,5.8980,5.0520,3.8965,25.2516,1.0000
sub-005,ses-01,CP3,2,4,0,0,5.9030,3.7426,6.4456,3.4685,0.0000,2.8453,5.8770,5.8893,4.1756,6.1813,19.6585,3.0000
sub-005,ses-01,CP3,3,4,0,0,5.3586,5.0807,5.6177,4.7401,0.0000,3.1880,5.5350,5.5233,5.2087,5.2411,26.3768,19.0000
sub-005,ses-01,CP3,4,2,0,0,3.6160,5.1136,6.1032,3.3143,0.0000,2.6657,4.6637,4.6501,6.6480,4.7470,15.6165,11.0000
sub-005,ses-01,CP3,5,2,2,0,5.2900,14.2583,6.8943,5.0203,0.0000,4.2982,5.7350,5.6890,5.7862,6.0855,28.7217,7.0000
sub-005,ses-01,CP3,6,4,0,0,4.9325,7.2799,5.0418,3.3834,0.0000,2.8624,5.0616,5.0712,2.8300,5.0743,17.7473,5.0000
sub-005,ses-01,CP3,7,2,4,0,9.9006,5.5661,6.9026,2.6131,0.0000,3.1919,5.2516,5.2362,5.3523,6.6640,18.5607,12.0000
sub-005,ses-01,CP3,8,2,2,0,5.7088,10.5956,7.2037,4.8183,0.0000,3.9785,5.4439,5.4051,4.2327,5.2024,18.4162,21.0000
sub-005,ses-01,CP3,9,2,2,0,4.7976,8.5745,6.3753,4.8592,0.0000,3.6026,5.7527,5.7298,7.1585,5.1787,17.9966,7.0000
sub-005,ses-01,CP3,10,2,2,0,1.2815,2.7964,9.6501,5.7857,0.0000,3.4750,5.7985,5.7893,6.0928,6.2088,30.6727,11.0000
sub-005,ses-01,CP3,11,4,0,0,7.0263,3.8894,6.9234,5.5763,0.0000,3.6673,5.6115,5.5963,3.1727,5.3447,22.7711,16.0000
sub-005,ses-01,CP3,12,4,0,0,3.4006,12.5326,13.4289,6.0707,0.0000,5.1913,6.8435,6.7905,13.2187,6.8566,30.2978,8.0000
sub-005,ses-01,CP3,13,4,0,0,14.3288,5.4564,3.9274,2.2182,0.0000,3.0591,5.1674,5.1698,7.6273,5.2851,39.2366,1.0000
sub-005,ses-01,CP3,14,4,2,0,11.0927,5.1845,3.1297,5.1948,0.0000,3.5214,4.7603,4.7171,4.4201,5.8689,36.0164,1.0000
sub-005,ses-01,CP3,15,8,0,0,17.2946,1.5130,7.6896,3.5437,0.0000,3.8939,6.1021,6.0451,5.2093,5.7453,58.8196,1.0000
sub-005,ses-01,CP3,16,4,2,0,10.3512,5.5538,10.3320,3.5648,0.0000,3.9990,6.1462,6.1244,8.9616,6.9195,29.4144,1.0000
sub-005,ses-01,CP3,17,2,2,0,9.5454,7.4413,6.0827,2.7475,0.0000,3.2595,4.9693,4.9471,4.8398,4.6395,29.9639,1.0000
sub-005,ses-01,CP3,18,4,2,0,2.0937,3.5689,3.9997,5.1891,0.0000,2.6537,6.2089,6.2338,7.6232,7.9145,23.0298,18.0000
sub-005,ses-01,CP3,19,4,2,0,5.7596,12.6685,14.4664,4.0094,0.0000,4.9449,6.1330,6.0797,4.0028,6.3205,32.1062,9.0000
sub-005,ses-01,CP3,20,4,0,0,12.4839,6.5651,7.3402,3.6614,0.0000,3.9032,5.7747,5.7425,5.3806,5.5098,28.7046,1.0000
sub-005,ses-01,CP3,21,2,2,0,3.1074,8.1842,4.9156,2.9476,0.0000,2.6274,5.6099,5.6261,4.1285,6.3560,16.4922,6.0000
sub-005,ses-01,CP3,22,2,2,0,6.8927,10.2824,8.1835,3.4442,0.0000,3.7808,6.0235,6.0111,6.7855,6.9045,25.7733,11.0000
sub-005,ses-01,CP3,23,2,4,0,13.7047,10.8470,3.7476,3.9087,0.0000,3.9885,5.8421,5.7933,4.2641,5.4248,27.2618,4.0000
sub-005,ses-01,CP3,24,2,2,0,13.7526,10.0447,6.1369,4.3847,0.0000,4.3956,4.8829,4.8213,9.0646,4.5026,36.9331,1.0000
sub-005,ses-01,O1,0,4,0,0,10.5236,3.5638,8.4519,5.0696,0.0000,4.0225,6.0676,6.0592,4.5288,8.3139,24.9442,13.0000
sub-005,ses-01,O1,1,4,0,0,5.4430,2.8146,2.1119,3.5458,0.0000,2.1348,5.3769,5.4112,5.8177,5.1890,13.2773,19.0000
sub-005,ses-01,O1,2,4,0,0,14.4898,10.3552,4.2214,3.2592,0.0000,3.8855,5.7288,5.6931,6.7256,6.4406,22.9134,4.0000
sub-005,ses-01,O1,3,4,0,0,9.9972,4.8809,7.5187,3.9594,0.0000,3.6302,5.2453,5.2154,3.8403,4.7458,34.6007,1.0000
sub-005,ses-01,O1,4,2,0,0,6.8544,7.7402,1.9963,4.8572,0.0000,3.1046,5.9300,5.9341,5.8053,5.4073,17.5411,1.0000
sub-005,ses-01,O1,5,2,2,0,9.8515,7.5848,6.6124,5.8153,0.0000,4.3027,6.4799,6.4621,9.0718,5.1470,19.2128,19.0000
sub-005,ses-01,O1,6,4,0,0,15.3634,5.2562,5.4712,2.5096,0.0000,3.4402,5.6388,5.6257,7.4935,6.4502,53.1476,1.0000
sub-005,ses-01,O1,7,2,4,0,5.3655,6.9881,15.2378,5.3728,0.0000,4.8997,6.2180,6.1674,4.9109,4.4878,45.5621,11.0000
sub-005,ses-01,O1,8,2,2,0,6.4276,8.3369,4.8699,3.7698,0.0000,3.1927,5.2119,5.1833,5.0384,5.5375,15.9108,1.0000
sub-005,ses-01,O1,9,2,2,0,10.5296,3.9087,9.1464,7.8547,0.0000,4.9940,6.0245,5.9541,4.6108,3.8242,33.4347,3.0000
sub-005,ses-01,O1,10,2,2,0,6.4628,13.9446,10.7040,8.3918,0.0000,5.9290,6.4534,6.3675,7.3194,5.7769,24.7715,9.0000
sub-005,ses-01,O1,11,4,0,0,8.4710,5.5549,5.5694,3.5381,0.0000,3.1515,5.5462,5.5441,4.8867,5.5492,19.1671,2.0000
sub-005,ses-01,O1,12,4,0,0,12.6036,7.4859,12.3486,3.5049,0.0000,4.6515,5.8869,5.8417,5.1258,8.4246,30.9705,8.0000
sub-005,ses-01,O1,13,4,0,0,2.3761,5.5562,2.9551,3.7754,0.0000,2.2916,5.2070,5.2262,6.8293,4.9557,16.0269,21.0000
sub-005,ses-01,O1,14,4,2,0,6.3627,5.1587,7.4916,1.8751,0.0000,2.6840,5.8878,5.9156,4.7481,5.1506,21.6930,11.0000
sub-005,ses-01,O1,15,8,0,0,17.3381,4.3674,7.7818,7.3804,0.0000,5.3362,5.7258,5.6157,5.1911,3.9227,58.0506,1.0000
sub-005,ses-01,O1,16,4,2,0,17.1515,18.2907,3.9102,4.3784,0.0000,5.1662,7.0307,7.0024,4.9763,6.1052,29.6060,2.0000
sub-005,ses-01,O1,17,2,2,0,5.8922,7.1830,12.3861,4.8686,0.0000,4.4165,6.1377,6.1053,6.9124,6.8358,22.8881,10.0000
sub-005,ses-01,O1,18,4,2,0,5.2712,3.6935,5.5452,2.9594,0.0000,2.5024,5.3552,5.3712,5.8365,5.0239,13.7369,9.0000
sub-005,ses-01,O1,19,4,2,0,12.4986,10.7361,5.5462,2.3318,0.0000,3.6402,5.7384,5.6948,5.2261,6.0816,23.7773,1.0000
sub-005,ses-01,O1,20,4,0,0,12.7557,7.4404,7.1039,5.1700,0.0000,4.4330,5.6049,5.5628,5.0603,5.1902,25.7743,1.0000
sub-005,ses-01,O1,21,2,2,0,3.8506,4.0905,9.7712,4.9778,0.0000,3.6070,6.1487,6.1476,4.6220,6.6786,39.8724,11.0000
sub-005,ses-01,O1,22,2,2,0,11.7911,1.8753,10.2060,6.2657,0.0000,4.5897,6.2850,6.2346,6.8138,5.1427,37.9115,3.0000
sub-005,ses-01,O1,23,2,4,0,8.9795,6.5936,8.2667,3.2445,0.0000,3.5831,5.1957,5.1606,3.5397,4.8460,19.2481,11.0000
sub-005,ses-01,O1,24,2,2,0,8.6512,7.9855,9.4228,3.0713,0.0000,3.7910,5.5379,5.5174,5.7559,5.2332,14.8353,9.0000
sub-005,ses-01,Pz,0,4,0,0,73.2600,84.9236,86.5312,69.5827,0.0000,47.8255,81.8360,81.8332,88.2986,89.1358,98.0099,3.0000
sub-005,ses-01,Pz,1,4,0,0,7.0979,2.5292,5.3602,4.2185,0.0000,2.9188,5.7890,5.7949,5.1755,5.2153,18.7002,12.0000
sub-005,ses-01,Pz,2,4,0,0,6.7982,7.4982,4.0048,4.1885,0.0000,3.1550,5.9533,5.9568,5.3540,5.6020,22.6908,1.0000
sub-005,ses-01,Pz,3,4,0,0,4.7088,3.8265,10.5688,3.3385,0.0000,3.2780,5.2533,5.2411,6.9699,4.7560,13.9974,9.0000
sub-005,ses-01,Pz,4,2,0,0,6.3747,3.7930,3.5901,3.0573,0.0000,2.3711,5.3016,5.3184,4.6556,4.9819,16.8551,9.0000
sub-005,ses-01,Pz,5,2,2,0,11.5139,7.2825,9.3155,4.6629,0.0000,4.4581,5.3487,5.3007,7.3670,5.5916,25.6193,3.0000
sub-005,ses-01,Pz,6,4,0,0,7.8339,6.5881,3.0978,4.3638,0.0000,3.0931,5.6590,5.6685,3.1022,5.4390,13.5022,1.0000
sub-005,ses-01,Pz,7,2,4,0,2.4046,2.1525,8.7189,4.8561,0.0000,3.1086,5.2847,5.2836,6.1959,5.8029,18.3069,13.0000
sub-005,ses-01,Pz,8,2,2,0,4.5027,2.9129,6.5446,2.3061,0.0000,2.3002,5.4311,5.4616,6.3778,5.7120,19.6105,9.0000
sub-005,ses-01,Pz,9,2,2,0,7.3665,9.3627,8.6500,4.6902,0.0000,4.1812,5.2098,5.1489,5.3037,4.4967,18.3072,16.0000
sub-005,ses-01,Pz,10,2,2,0,4.7970,3.8673,5.0335,5.3682,0.0000,3.1313,5.2145,5.2047,3.6957,6.1786,12.6234,15.0000
sub-005,ses-01,Pz,11,4,0,0,6.9087,3.7291,4.7123,3.5462,0.0000,2.7192,4.9551,4.9574,5.2075,5.0974,18.3483,16.0000
sub-005,ses-01,Pz,12,4,0,0,9.6108,4.1905,6.7327,5.7448,0.0000,3.9601,5.6700,5.6408,5.2469,5.6176,21.1348,2.0000
sub-005,ses-01,Pz,13,4,0,0,5.0272,8.6047,2.6139,2.9386,0.0000,2.5212,5.0769,5.0865,7.1299,5.2481,17.4996,5.0000
sub-005,ses-01,Pz,14,4,2,0,1.9335,9.1145,7.4470,5.1741,0.0000,3.6311,5.0837,5.0522,4.0802,3.9809,29.9065,18.0000
sub-005,ses-01,Pz,15,8,0,0,3.6709,6.5232,4.2177,3.0782,0.0000,2.4674,5.3105,5.3292,3.8541,4.3899,19.7219,6.0000
sub-005,ses-01,Pz,16,4,2,0,4.2126,7.6678,9.1226,4.1866,0.0000,3.6438,5.7282,5.6878,5.7772,6.7920,28.3674,9.0000
sub-005,ses-01,Pz,17,2,2,0,6.8677,3.1517,10.1461,4.3573,0.0000,3.6651,5.0978,5.0624,5.6944,4.0840,21.3874,12.0000
sub-005,ses-01,Pz,18,4,2,0,2.8906,3.7090,8.6495,4.7026,0.0000,3.2425,5.3506,5.3422,4.0800,5.6439,24.2767,8.0000
sub-005,ses-01,Pz,19,4,2,0,1.8017,0.7865,3.8492,2.0750,0.0000,1.4052,5.3741,5.4343,4.3077,6.7637,7.3647,9.0000
sub-005,ses-01,Pz,20,4,0,0,7.8338,8.4613,6.9503,4.8390,0.0000,3.9486,5.1026,5.0626,3.2086,4.7684,23.4342,1.0000
sub-005,ses-01,Pz,21,2,2,0,6.8522,4.8329,10.3841,5.3251,0.0000,4.1458,5.9419,5.8957,6.5228,4.6365,28.1444,11.0000
sub-005,ses-01,Pz,22,2,2,0,6.3930,2.4112,8.8378,4.4033,0.0000,3.3834,5.5600,5.5291,6.5158,5.4154,21.9887,1.0000
sub-005,ses-01,Pz,23,2,4,0,9.2171,4.9516,5.7923,4.3999,0.0000,3.4565,4.7926,4.7687,4.8781,4.1116,16.4277,13.0000
sub-005,ses-01,Pz,24,2,2,0,4.3646,5.6584,4.5056,5.2643,0.0000,3.1526,5.1495,5.1397,4.6644,4.2529,23.6902,18.0000
sub-005,ses-01,Fp2,0,4,0,0,10.3695,9.9905,3.8907,3.3109,0.0000,3.4378,5.4747,5.4756,4.4125,3.7509,20.0212,4.0000
sub-005,ses-01,Fp2,1,4,0,0,12.4944,3.8404,9.2117,2.2252,0.0000,3.4776,5.5943,5.5816,5.8624,6.1785,35.8901,1.0000
sub-005,ses-01,Fp2,2,4,0,0,16.2921,8.0571,8.2365,4.6714,0.0000,4.8266,6.0800,5.9702,5.6315,4.8546,56.7186,1.0000
sub-005,ses-01,Fp2,3,4,0,0,19.0556,4.5603,4.3783,4.4364,0.0000,4.1490,5.0347,4.9431,5.4011,4.1916,53.3344,1.0000
sub-005,ses-01,Fp2,4,2,0,0,17.7683,8.4517,8.2810,8.3976,0.0000,6.1334,6.7460,6.6233,5.4736,5.7822,44.3045,1.0000
sub-005,ses-01,Fp2,5,2,2,0,9.5447,9.8785,7.9973,2.0723,0.0000,3.5492,6.0333,6.0325,10.1386,5.2520,19.4239,7.0000
sub-005,ses-01,Fp2,6,4,0,0,5.6086,3.5704,3.3154,2.8741,0.0000,2.1854,5.4410,5.4757,6.7952,5.5272,9.8030,6.0000
sub-005,ses-01,Fp2,7,2,4,0,6.5179,3.3288,5.4521,4.9154,0.0000,3.1628,6.2210,6.2295,7.3123,4.9970,20.7307,20.0000
sub-005,ses-01,Fp2,8,2,2,0,10.6702,3.0478,5.8893,4.9240,0.0000,3.5865,5.6792,5.6625,4.1082,4.8716,22.6011,1.0000
sub-005,ses-01,Fp2,9,2,2,0,8.2489,6.4493,2.9667,1.2175,0.0000,2.1493,5.9639,6.0085,5.2626,5.5533,21.5777,1.0000
sub-005,ses-01,Fp2,10,2,2,0,9.6107,8.6939,5.3619,2.3499,0.0000,3.1613,5.4945,5.4984,3.9754,5.2868,15.4146,1.0000
sub-005,ses-01,Fp2,11,4,0,0,6.7442,5.2334,5.6274,2.3002,0.0000,2.5948,4.7605,4.7684,6.0369,4.1824,16.9866,12.0000
sub-005,ses-01,Fp2,12,4,0,0,23.5506,5.4990,8.8215,5.1425,0.0000,5.4879,5.7636,5.6540,5.0296,5.1948,68.5613,1.0000
sub-005,ses-01,Fp2,13,4,0,0,14.0174,2.7605,4.4519,5.7314,0.0000,3.9147,5.0384,4.9612,8.3268,3.7401,53.0717,1.0000
sub-005,ses-01,Fp2,14,4,2,0,8.4181,2.4384,5.3836,2.3486,0.0000,2.4712,4.7074,4.7122,2.2885,4.2346,18.7498,10.0000
sub-005,ses-01,Fp2,15,8,0,0,11.3767,11.3310,9.1744,6.4511,0.0000,5.3428,5.7517,5.6934,4.9330,7.1729,27.7016,13.0000
sub-005,ses-01,Fp2,16,4,2,0,10.3191,13.0534,10.7959,3.9958,0.0000,4.8886,5.9027,5.8352,11.5647,4.6879,33.5433,5.0000
sub-005,ses-01,Fp2,17,2,2,0,21.6868,4.7701,9.8218,6.0030,0.0000,5.6465,5.4447,5.2884,5.0190,6.8510,59.7621,1.0000
sub-005,ses-01,Fp2,18,4,2,0,2.6651,3.9416,5.1548,4.5752,0.0000,2.7170,5.1633,5.1703,5.6597,4.4348,15.7791,10.0000
sub-005,ses-01,Fp2,19,4,2,0,5.5513,2.9756,2.4208,3.8288,0.0000,2.2885,4.9483,4.9685,3.3838,5.8523,13.3199,1.0000
sub-005,ses-01,Fp2,20,4,0,0,7.2399,4.6140,7.2572,4.5741,0.0000,3.4982,5.8029,5.7922,5.9292,5.6516,15.7145,20.0000
sub-005,ses-01,Fp2,21,2,2,0,4.0624,5.5403,5.4160,4.7495,0.0000,3.0849,6.3806,6.3958,6.2147,5.9067,15.3383,11.0000
sub-005,ses-01,Fp2,22,2,2,0,3.4450,8.7342,10.8542,1.9753,0.0000,3.2447,5.7691,5.7635,7.5619,5.6154,31.1126,10.0000
sub-005,ses-01,Fp2,23,2,4,0,20.8684,13.4588,8.6411,2.7754,0.0000,5.2380,6.1858,6.1345,9.5970,6.5011,43.5837,1.0000
sub-005,ses-01,Fp2,24,2,2,0,4.9381,4.8358,6.7265,8.4095,0.0000,4.3902,5.6539,5.6086,5.5291,5.0575,28.5019,18.0000
sub-005,ses-01,Fz,0,4,0,0,11.1141,5.5569,5.6178,5.3110,0.0000,3.9403,5.6217,5.5549,7.1632,5.3173,27.8038,1.0000
sub-005,ses-01,Fz,1,4,0,0,12.7582,1.2579,10.9863,3.5226,0.0000,3.9018,6.2025,6.1834,5.0080,5.7963,44.3193,1.0000
sub-005,ses-01,Fz,2,4,0,0,9.3887,4.0070,8.0023,3.1433,0.0000,3.3130,6.0521,6.0504,7.8480,4.8640,33.0942,1.0000
sub-005,ses-01,Fz,3,4,0,0,4.9118,5.3289,4.9928,2.6988,0.0000,2.4652,4.9443,4.9420,8.3294,3.7996,11.4204,9.0000
sub-005,ses-01,Fz,4,2,0,0,10.7915,7.5296,6.3240,6.5736,0.0000,4.5741,6.6443,6.6239,5.2601,5.9442,28.9032,21.0000
sub-005,ses-01,Fz,5,2,2,0,13.9945,10.5648,8.9973,2.9923,0.0000,4.4447,5.9670,5.9314,10.6184,4.3107,23.4180,4.0000
sub-005,ses-01,Fz,6,4,0,0,3.1280,3.9872,3.2782,3.9934,0.0000,2.3266,5.2289,5.2389,5.2764,4.3925,14.9457,20.0000
sub-005,ses-01,Fz,7,2,4,0,14.6797,8.0133,7.2505,3.0438,0.0000,4.0429,5.6508,5.6307,2.3984,4.8898,23.9414,4.0000
sub-005,ses-01,Fz,8,2,2,0,3.1721,6.2428,10.3481,4.6935,0.0000,3.7387,5.6921,5.6770,5.2658,6.2369,19.8779,10.0000
sub-005,ses-01,Fz,9,2,2,0,14.0598,5.8930,8.8669,1.6203,0.0000,3.5832,5.9158,5.8904,4.9413,3.9268,37.3550,11.0000
sub-005,ses-01,Fz,10,2,2,0,7.3525,5.8522,8.2734,3.5816,0.0000,3.4656,5.4882,5.4810,5.0486,5.9565,23.3919,11.0000
sub-005,ses-01,Fz,11,4,0,0,2.1660,3.5168,7.9641,2.8910,0.0000,2.5139,6.0975,6.1414,7.1912,7.6012,18.2244,9.0000
sub-005,ses-01,Fz,12,4,0,0,7.3932,3.3423,11.3009,4.0991,0.0000,3.8148,5.1858,5.1453,5.7805,5.0332,23.5102,11.0000
sub-005,ses-01,Fz,13,4,0,0,14.2906,15.9976,3.9610,3.9719,0.0000,4.5710,5.1406,5.0763,11.4314,3.8368,32.5249,1.0000
sub-005,ses-01,Fz,14,4,2,0,6.8691,4.2338,4.0991,1.2861,0.0000,1.9936,4.6426,4.6663,4.6947,4.8269,14.7986,10.0000
sub-005,ses-01,Fz,15,8,0,0,5.8681,7.3717,8.0634,4.3923,0.0000,3.6846,6.0087,6.0040,4.0229,7.8555,19.3610,13.0000
sub-005,ses-01,Fz,16,4,2,0,9.8145,10.6410,8.6601,5.3757,0.0000,4.7365,6.7058,6.6559,13.0983,6.4749,26.3361,5.0000
sub-005,ses-01,Fz,17,2,2,0,8.9586,3.3718,8.7433,4.4212,0.0000,3.7036,6.1951,6.1906,5.0834,6.3929,32.8908,3.0000
sub-005,ses-01,Fz,18,4,2,0,2.9009,4.8395,8.2393,4.4470,0.0000,3.2142,5.8552,5.8621,6.6261,5.7975,25.6458,8.0000
sub-005,ses-01,Fz,19,4,2,0,6.3971,9.2156,6.4245,3.1504,0.0000,3.3012,5.4139,5.3955,6.3877,6.7376,16.0419,7.0000
sub-005,ses-01,Fz,20,4,0,0,8.9766,5.9184,8.7706,4.7208,0.0000,4.0366,6.0530,6.0245,4.9771,6.6029,20.5741,21.0000
sub-005,ses-01,Fz,21,2,2,0,8.3125,3.0731,5.2671,5.2095,0.0000,3.3690,6.3779,6.3864,5.3524,6.6595,20.2403,21.0000
sub-005,ses-01,Fz,22,2,2,0,4.6123,10.9405,9.2479,4.0417,0.0000,3.9591,5.7935,5.7620,5.9883,5.6898,24.9375,10.0000
sub-005,ses-01,Fz,23,2,4,0,14.8604,7.0105,5.8936,3.5277,0.0000,3.9234,6.3019,6.2947,7.0715,5.9211,24.5340,1.0000
sub-005,ses-01,Fz,24,2,2,0,3.5494,6.2075,5.2242,3.1201,0.0000,2.5798,5.2342,5.2440,5.9296,3.7578,11.1624,1.0000
sub-005,ses-01,FCz,0,4,0,0,5.8152,2.8292,5.2256,3.3041,0.0000,2.5322,5.2528,5.2364,6.6915,4.9261,13.3653,8.0000
sub-005,ses-01,FCz,1,4,0,0,6.5590,3.6561,9.5150,4.7318,0.0000,3.7085,6.4697,6.4766,3.8150,6.1324,20.1256,19.0000
sub-005,ses-01,FCz,2,4,0,0,10.8551,2.4186,6.6035,4.3823,0.0000,3.4811,5.9509,5.9291,7.0655,5.2377,38.1202,1.0000
sub-005,ses-01,FCz,3,4,0,0,10.2900,3.1932,6.3118,4.5787,0.0000,3.5192,6.1215,6.1259,3.3832,4.5566,22.7905,3.0000
sub-005,ses-01,FCz,4,2,0,0,6.5938,3.4617,5.9874,3.9235,0.0000,2.9570,6.5832,6.6112,7.6888,7.6777,13.5106,21.0000
sub-005,ses-01,FCz,5,2,2,0,13.0588,13.3317,12.5578,3.1067,0.0000,5.1464,6.2286,6.1783,10.5824,4.2716,27.1181,4.0000
sub-005,ses-01,FCz,6,4,0,0,58.2780,43.3944,33.0168,34.6505,0.0000,24.5406,50.1170,50.2926,54.1172,39.5813,85.8024,3.0000
sub-005,ses-01,FCz,7,2,4,0,6.3705,1.8728,7.1154,2.7258,0.0000,2.5837,5.7969,5.8216,3.9710,5.8456,20.4707,11.0000
sub-005,ses-01,FCz,8,2,2,0,2.4377,1.8102,7.6287,4.2430,0.0000,2.7424,5.9560,5.9815,8.0889,5.4142,13.4304,21.0000
sub-005,ses-01,FCz,9,2,2,0,6.3299,6.8186,8.5817,2.8389,0.0000,3.2788,5.8987,5.9079,4.8134,5.0682,36.3902,11.0000
sub-005,ses-01,FCz,10,2,2,0,9.5538,4.5621,10.3733,3.9979,0.0000,3.9692,5.6345,5.5955,3.9314,5.4442,37.2272,11.0000
sub-005,ses-01,FCz,11,4,0,0,10.5045,4.5725,9.0491,4.0085,0.0000,3.8770,5.5957,5.5653,6.4928,6.4882,27.2927,9.0000
sub-005,ses-01,FCz,12,4,0,0,7.3024,5.1375,9.4984,4.9367,0.0000,3.9751,5.4268,5.3992,7.5978,5.6363,16.3164,16.0000
sub-005,ses-01,FCz,13,4,0,0,9.9702,13.2757,2.2054,3.8399,0.0000,3.6310,5.2024,5.1561,8.4525,5.7959,15.6806,7.0000
sub-005,ses-01,FCz,14,4,2,0,5.6092,9.9539,5.1083,2.2118,0.0000,2.8292,5.3054,5.3178,5.2039,4.7362,17.5197,5.0000
sub-005,ses-01,FCz,15,8,0,0,7.5282,5.6334,5.4836,3.1368,0.0000,2.9378,5.8132,5.8279,4.6445,6.7467,14.4861,2.0000
sub-005,ses-01,FCz,16,4,2,0,9.4369,14.3168,9.8100,5.9608,0.0000,5.3806,6.7908,6.7242,13.4619,7.3810,31.1077,5.0000
sub-005,ses-01,FCz,17,2,2,0,3.8486,3.7588,8.9885,4.5305,0.0000,3.3316,5.5439,5.5191,5.2913,4.9793,25.2418,9.0000
sub-005,ses-01,FCz,18,4,2,0,3.9367,2.8398,7.3258,4.2444,0.0000,2.9358,5.7745,5.7902,6.7269,5.3579,20.7177,19.0000
sub-005,ses-01,FCz,19,4,2,0,2.7827,5.8632,5.1122,5.4068,0.0000,3.1522,5.4774,5.4712,6.4793,6.4398,24.4306,17.0000
sub-005,ses-01,FCz,20,4,0,0,7.1943,3.6647,7.1031,5.4251,0.0000,3.6414,5.6960,5.6742,4.5576,6.8243,15.6546,16.0000
sub-005,ses-01,FCz,21,2,2,0,7.0734,5.1912,7.2390,7.1623,0.0000,4.3163,6.1611,6.1306,5.2489,8.0182,28.9852,21.0000
sub-005,ses-01,FCz,22,2,2,0,4.2580,13.9240,10.7800,4.0217,0.0000,4.4114,5.7847,5.7361,5.5311,5.9150,30.6955,10.0000
sub-005,ses-01,FCz,23,2,4,0,7.6846,8.1470,5.5318,3.7068,0.0000,3.3652,6.0003,6.0091,5.8024,5.6967,19.5803,11.0000
sub-005,ses-01,FCz,24,2,2,0,5.4163,6.0716,6.9196,4.0578,0.0000,3.2610,5.7115,5.7004,5.7078,4.7017,17.3305,9.0000
sub-005,ses-01,Cz,0,4,0,0,9.5570,3.6934,3.4507,3.6471,0.0000,2.8167,5.7436,5.7175,5.8054,6.6587,26.3735,1.0000
sub-005,ses-01,Cz,1,4,0,0,6.3565,1.0808,5.8932,4.3473,0.0000,2.8285,5.3187,5.3261,4.4870,5.6072,25.0182,19.0000
sub-005,ses-01,Cz,2,4,0,0,9.5277,8.4265,5.4642,2.7353,0.0000,3.2596,5.5308,5.5230,6.9920,6.6269,29.7271,1.0000
sub-005,ses-01,Cz,3,4,0,0,4.4013,4.3082,6.4340,4.2230,0.0000,2.9847,4.9566,4.9499,3.6373,4.9268,27.6689,17.0000
sub-005,ses-01,Cz,4,2,0,0,8.5220,5.3274,5.8089,3.5349,0.0000,3.1676,5.6013,5.6008,4.5772,5.5862,17.8716,1.0000
sub-005,ses-01,Cz,5,2,2,0,13.0892,12.9575,12.2312,4.0886,0.0000,5.3657,6.7518,6.7121,7.1870,5.8555,30.3490,4.0000
sub-005,ses-01,Cz,6,4,0,0,2.7756,8.1247,6.5124,6.1418,0.0000,3.7795,5.5285,5.5061,6.5323,4.1425,25.5823,6.0000
sub-005,ses-01,Cz,7,2,4,0,10.3748,8.3972,7.9619,4.3061,0.0000,4.1590,5.4578,5.4189,4.8163,5.1578,20.7059,2.0000
sub-005,ses-01,Cz,8,2,2,0,8.3816,4.9162,6.0084,3.0072,0.0000,2.9845,5.9889,6.0167,7.1914,5.1612,14.8935,4.0000
sub-005,ses-01,Cz,9,2,2,0,3.7267,5.9866,10.5267,4.9043,0.0000,3.8551,5.6454,5.6285,7.6675,5.9353,21.3301,11.0000
sub-005,ses-01,Cz,10,2,2,0,3.8251,9.1659,9.5458,3.4798,0.0000,3.5925,5.4384,5.4252,5.0803,7.1068,40.0908,11.0000
sub-005,ses-01,Cz,11,4,0,0,3.8873,3.6934,3.8262,4.1566,0.0000,2.4957,5.4408,5.4556,4.1576,5.6110,13.5455,22.0000
sub-005,ses-01,Cz,12,4,0,0,9.0237,9.3966,8.7351,2.7097,0.0000,3.7516,6.0649,6.0734,6.8450,5.9162,23.5742,4.0000
sub-005,ses-01,Cz,13,4,0,0,23.5572,8.0468,3.7609,5.3584,0.0000,5.0847,6.5739,6.4921,7.6302,6.0287,38.4583,1.0000
sub-005,ses-01,Cz,14,4,2,0,10.6800,7.0914,6.4349,3.2018,0.0000,3.5190,5.6215,5.6086,3.7854,3.8128,19.4889,21.0000
sub-005,ses-01,Cz,15,8,0,0,6.1405,7.8778,3.9727,3.4203,0.0000,2.8924,5.8957,5.9052,4.0888,5.5104,18.2790,22.0000
sub-005,ses-01,Cz,16,4,2,0,9.3704,12.8963,10.8838,5.0066,0.0000,5.1036,6.1672,6.0983,13.8592,4.7050,21.8144,5.0000
sub-005,ses-01,Cz,17,2,2,0,4.7114,3.8459,10.6723,7.1417,0.0000,4.4443,5.9469,5.9162,6.2042,5.4884,26.6639,14.0000
sub-005,ses-01,Cz,18,4,2,0,6.1184,5.1047,7.1506,4.4678,0.0000,3.3925,6.1541,6.1604,4.1743,5.8552,14.5541,5.0000
sub-005,ses-01,Cz,19,4,2,0,8.7562,10.4668,6.3988,4.1962,0.0000,3.9497,5.6561,5.6358,8.3775,6.3115,15.3191,22.0000
sub-005,ses-01,Cz,20,4,0,0,8.2649,8.2770,5.8321,4.3743,0.0000,3.6750,5.6210,5.6006,4.8796,7.1705,21.4088,1.0000
sub-005,ses-01,Cz,21,2,2,0,6.7816,3.8141,8.1649,4.6085,0.0000,3.5182,5.3732,5.3537,6.5758,7.1534,19.3053,11.0000
sub-005,ses-01,Cz,22,2,2,0,6.9718,5.9364,10.8262,5.0029,0.0000,4.2239,6.0206,5.9886,7.5529,5.5418,25.9924,11.0000
sub-005,ses-01,Cz,23,2,4,0,7.0006,8.9243,6.5471,2.0071,0.0000,3.0017,5.7581,5.7734,5.7378,4.8722,19.6155,11.0000
sub-005,ses-01,Cz,24,2,2,0,8.1269,6.5636,9.3142,4.1710,0.0000,3.9272,6.3226,6.2798,7.5369,5.7956,19.0098,9.0000
sub-005,ses-01,C4,0,4,0,0,10.3382,4.2463,3.0961,6.0435,0.0000,3.6158,5.4506,5.4279,5.4655,5.5838,19.6185,22.0000
sub-005,ses-01,C4,1,4,0,0,5.8664,3.1725,6.7186,3.2485,0.0000,2.7604,5.6675,5.6836,5.9386,6.0456,12.9818,8.0000
sub-005,ses-01,C4,2,4,0,0,10.5022,8.1555,10.5944,6.7135,0.0000,5.2435,6.3774,6.3224,9.5864,5.9376,30.3725,18.0000
sub-005,ses-01,C4,3,4,0,0,21.0288,8.1603,6.7385,3.4367,0.0000,4.6945,5.9977,5.9532,7.8647,4.0648,26.1318,3.0000
sub-005,ses-01,C4,4,2,0,0,9.2897,5.4442,3.6823,4.8696,0.0000,3.3566,6.7457,6.7504,10.4142,5.6641,22.6353,16.0000
sub-005,ses-01,C4,5,2,2,0,5.7557,6.6256,4.8236,4.9449,0.0000,3.3198,5.8886,5.8950,8.8791,4.8409,13.5657,14.0000
sub-005,ses-01,C4,6,4,0,0,5.8669,4.3769,5.7668,6.7633,0.0000,3.8023,5.5099,5.4804,6.1870,5.0708,20.4521,15.0000
sub-005,ses-01,C4,7,2,4,0,7.4824,2.3641,4.9715,3.6454,0.0000,2.7117,5.1008,5.1038,3.6327,5.2766,14.1881,1.0000
sub-005,ses-01,C4,8,2,2,0,4.9008,1.9265,8.3462,4.6270,0.0000,3.1985,5.3566,5.3538,6.4016,4.7068,14.9397,13.0000
sub-005,ses-01,C4,9,2,2,0,3.3401,7.0635,5.5485,4.8901,0.0000,3.2204,5.2183,5.2046,5.3539,6.0079,15.7250,9.0000
sub-005,ses-01,C4,10,2,2,0,7.3806,4.2188,9.9979,3.8445,0.0000,3.6364,5.5872,5.5571,7.4134,5.6489,42.7260,11.0000
sub-005,ses-01,C4,11,4,0,0,9.8864,6.6340,3.8944,4.3493,0.0000,3.3951,5.7751,5.7647,6.5446,5.2178,22.5338,1.0000
sub-005,ses-01,C4,12,4,0,0,8.3760,1.5694,17.1881,2.5503,0.0000,4.0945,6.3884,6.3766,9.1830,8.9648,29.6271,12.0000
sub-005,ses-01,C4,13,4,0,0,10.3375,7.4965,5.0286,2.3984,0.0000,3.0858,5.8313,5.8191,8.2481,5.8373,29.1869,1.0000
sub-005,ses-01,C4,14,4,2,0,4.1484,5.0448,8.7111,4.6493,0.0000,3.4763,4.8775,4.8377,3.1809,3.8627,31.4668,18.0000
sub-005,ses-01,C4,15,8,0,0,15.8807,3.2559,6.7811,4.7619,0.0000,4.1660,5.8635,5.8272,4.1586,5.7852,47.5458,1.0000
sub-005,ses-01,C4,16,4,2,0,8.2932,12.8131,17.3333,5.3276,0.0000,5.9927,5.8220,5.7075,10.9089,6.9111,34.1945,11.0000
sub-005,ses-01,C4,17,2,2,0,5.9192,6.0382,12.6963,4.2768,0.0000,4.1769,5.7099,5.6744,6.4177,4.4130,46.8425,9.0000
sub-005,ses-01,C4,18,4,2,0,4.6491,3.1890,1.9799,3.0206,0.0000,1.9186,6.3351,6.3843,6.5873,5.8433,12.4476,16.0000
sub-005,ses-01,C4,19,4,2,0,9.5378,1.4829,5.8424,3.0147,0.0000,2.7518,5.4640,5.4706,5.2052,5.4575,16.0344,1.0000
sub-005,ses-01,C4,20,4,0,0,2.7487,2.7200,5.3697,3.6873,0.0000,2.3728,5.4516,5.4753,3.3142,6.1450,13.0418,11.0000
sub-005,ses-01,C4,21,2,2,0,10.3852,5.6289,11.2898,6.0540,0.0000,4.8953,5.8726,5.8322,7.2240,6.1756,22.1691,11.0000
sub-005,ses-01,C4,22,2,2,0,10.0984,11.3412,9.8387,2.4189,0.0000,4.0985,5.1984,5.1569,6.5390,5.5252,36.9928,10.0000
sub-005,ses-01,C4,23,2,4,0,9.4880,7.2643,9.8536,5.5515,0.0000,4.6116,5.4746,5.4195,3.5185,4.7748,25.5346,14.0000
sub-005,ses-01,C4,24,2,2,0,8.1205,4.9636,4.5386,3.5623,0.0000,2.9274,5.7448,5.7517,7.0010,4.1943,15.0950,16.0000
sub-005,ses-01,CP4,0,4,0,0,16.0542,6.4872,5.0921,4.1967,0.0000,4.0762,5.3741,5.3260,10.0964,4.9082,40.8645,1.0000
sub-005,ses-01,CP4,1,4,0,0,6.0402,6.2889,4.6671,2.3667,0.0000,2.5136,5.1983,5.2073,7.3567,6.1848,17.2551,8.0000
sub-005,ses-01,CP4,2,4,0,0,5.5562,9.5377,9.2907,6.5921,0.0000,4.6934,6.0260,5.9701,10.5445,5.5951,24.0169,18.0000
sub-005,ses-01,CP4,3,4,0,0,9.1076,4.6146,3.1346,4.9466,0.0000,3.2093,5.0534,5.0251,3.5769,4.3598,27.1871,17.0000
sub-005,ses-01,CP4,4,2,0,0,3.0815,4.5263,2.9444,3.5634,0.0000,2.1959,5.0308,5.0466,4.8694,5.3578,9.1845,5.0000
sub-005,ses-01,CP4,5,2,2,0,12.8368,8.4620,4.8324,5.2027,0.0000,4.2285,6.3174,6.3033,7.7249,8.2780,24.5921,14.0000
sub-005,ses-01,CP4,6,4,0,0,9.9812,5.3240,6.7097,3.2431,0.0000,3.3404,5.7425,5.7215,3.9207,5.3942,35.7523,1.0000
sub-005,ses-01,CP4,7,2,4,0,12.2007,3.5324,4.3079,3.4731,0.0000,3.1147,5.5343,5.5301,3.5873,6.0695,25.8738,1.0000
sub-005,ses-01,CP4,8,2,2,0,15.0582,7.4678,5.5045,3.6329,0.0000,3.9618,5.3841,5.3339,4.4610,4.9249,35.5961,2.0000
sub-005,ses-01,CP4,9,2,2,0,9.3454,7.3139,6.0569,5.8932,0.0000,4.1765,5.3069,5.2674,4.4418,4.5552,22.2361,9.0000
sub-005,ses-01,CP4,10,2,2,0,1.8014,4.4394,7.4902,4.8371,0.0000,3.0881,6.1713,6.1838,9.0360,5.9512,23.5986,11.0000
sub-005,ses-01,CP4,11,4,0,0,7.6616,5.6070,4.9283,6.1153,0.0000,3.7708,5.6667,5.6567,6.1009,4.7712,26.2193,21.0000
sub-005,ses-01,CP4,12,4,0,0,5.9866,2.5034,14.0031,3.4880,0.0000,3.7982,6.7079,6.7073,14.5378,7.2116,30.6578,12.0000
sub-005,ses-01,CP4,13,4,0,0,20.2606,9.8304,5.2497,2.1112,0.0000,4.1700,5.6004,5.5012,7.8303,5.2252,54.0151,1.0000
sub-005,ses-01,CP4,14,4,2,0,14.3791,11.1835,7.0156,4.5035,0.0000,4.7184,5.4145,5.3566,4.9113,3.7553,29.9455,18.0000
sub-005,ses-01,CP4,15,8,0,0,14.5311,4.0314,4.2700,3.2880,0.0000,3.3166,6.1008,6.0996,4.1674,4.8806,49.3593,1.0000
sub-005,ses-01,CP4,16,4,2,0,9.4751,8.1535,14.0974,5.4470,0.0000,5.2537,6.7264,6.6871,9.0020,8.1102,22.1164,11.0000
sub-005,ses-01,CP4,17,2,2,0,16.1245,8.0206,9.4995,4.3432,0.0000,4.8846,6.7409,6.6701,8.8036,5.7419,44.3714,1.0000
sub-005,ses-01,CP4,18,4,2,0,12.6606,8.2138,4.9106,5.3187,0.0000,4.2350,6.5512,6.5339,8.6672,5.5749,24.0037,1.0000
sub-005,ses-01,CP4,19,4,2,0,2.5716,6.5496,6.9528,2.5227,0.0000,2.5813,5.7607,5.7814,5.2153,6.0117,20.1824,11.0000
sub-005,ses-01,CP4,20,4,0,0,4.6683,6.4559,6.0876,4.2708,0.0000,3.1754,5.2125,5.2030,3.1505,5.4782,18.6641,11.0000
sub-005,ses-01,CP4,21,2,2,0,15.3562,5.8697,10.4031,3.1471,0.0000,4.3776,6.3130,6.2797,10.8712,5.1171,25.0721,2.0000
sub-005,ses-01,CP4,22,2,2,0,6.2722,4.8661,10.0067,4.2192,0.0000,3.7080,5.2828,5.2448,5.9540,4.3448,46.6436,10.0000
sub-005,ses-01,CP4,23,2,4,0,8.7208,3.4048,7.8820,6.8417,0.0000,4.2962,5.9643,5.9119,5.5404,4.2239,27.8356,14.0000
sub-005,ses-01,CP4,24,2,2,0,16.8431,6.6065,2.3650,3.7625,0.0000,3.6488,6.1903,6.1893,4.9214,5.6258,37.9700,1.0000
sub-005,ses-01,O2,0,4,0,0,4.5627,4.1584,10.5780,5.1253,0.0000,3.8368,6.5993,6.5914,5.9032,7.0430,26.0612,18.0000
sub-005,ses-01,O2,1,4,0,0,7.7516,3.4738,8.4560,6.8958,0.0000,4.3089,6.5020,6.4685,8.7436,7.4306,23.7874,10.0000
sub-005,ses-01,O2,2,4,0,0,12.8780,9.9788,9.7126,4.0078,0.0000,4.6931,6.0752,5.9956,6.2330,6.0113,19.4665,11.0000
sub-005,ses-01,O2,3,4,0,0,3.6961,1.7852,8.4856,4.5487,0.0000,3.0691,5.2441,5.2387,6.0742,6.6978,17.5242,19.0000
sub-005,ses-01,O2,4,2,0,0,8.1373,10.3669,7.2577,2.7654,0.0000,3.5701,5.4700,5.4524,5.2674,5.6993,15.0567,4.0000
sub-005,ses-01,O2,5,2,2,0,8.9679,5.1616,10.4594,3.1093,0.0000,3.7138,5.7982,5.7734,3.0099,4.1721,30.7405,11.0000
sub-005,ses-01,O2,6,4,0,0,4.6282,3.4941,5.6739,3.7417,0.0000,2.6785,5.6624,5.6858,7.5929,5.1804,12.3296,18.0000
sub-005,ses-01,O2,7,2,4,0,16.4709,3.3891,7.4633,2.4719,0.0000,3.6362,5.5438,5.4614,3.2699,5.1348,45.0940,1.0000
sub-005,ses-01,O2,8,2,2,0,4.0332,3.6484,5.4163,4.3458,0.0000,2.7842,6.3855,6.4077,6.3570,6.0481,24.6516,15.0000
sub-005,ses-01,O2,9,2,2,0,23.8181,7.9272,4.3576,2.7116,0.0000,4.3809,5.2564,5.1432,6.1847,4.1541,56.8762,1.0000
sub-005,ses-01,O2,10,2,2,0,12.1609,8.3706,14.6871,4.0363,0.0000,5.1796,5.6224,5.5397,6.2654,5.1804,35.3616,1.0000
sub-005,ses-01,O2,11,4,0,0,13.0462,6.9551,6.0395,3.7601,0.0000,3.8401,5.5883,5.5111,8.0127,4.6981,28.7245,1.0000
sub-005,ses-01,O2,12,4,0,0,12.8986,1.3717,8.3957,4.3105,0.0000,3.8021,5.8880,5.8513,8.7237,7.8642,41.2848,1.0000
sub-005,ses-01,O2,13,4,0,0,20.5910,7.8926,8.5678,4.6239,0.0000,5.2431,6.6029,6.4979,5.7095,5.9069,61.7527,1.0000
sub-005,ses-01,O2,14,4,2,0,5.9101,5.4317,4.1528,4.5396,0.0000,3.0069,5.4909,5.4816,3.6639,6.0989,16.4462,19.0000
sub-005,ses-01,O2,15,8,0,0,9.6846,4.8616,5.2134,4.5998,0.0000,3.4712,5.6330,5.6053,3.9688,5.5165,36.2869,1.0000
sub-005,ses-01,O2,16,4,2,0,3.3023,7.8534,6.5079,5.4422,0.0000,3.5911,5.5129,5.4900,8.8411,5.5917,21.3667,16.0000
sub-005,ses-01,O2,17,2,2,0,3.6307,2.3788,10.1429,4.9138,0.0000,3.4599,5.4238,5.4169,5.0665,4.9535,20.3447,9.0000
sub-005,ses-01,O2,18,4,2,0,13.4295,10.3375,6.5577,4.6264,0.0000,4.5246,5.7711,5.7112,8.1087,6.5815,33.8011,1.0000
sub-005,ses-01,O2,19,4,2,0,6.4930,5.5099,6.1190,5.0819,0.0000,3.5068,5.4687,5.4532,7.4843,6.1903,13.5282,8.0000
sub-005,ses-01,O2,20,4,0,0,8.1680,10.0418,2.7312,4.1573,0.0000,3.3319,5.4583,5.4541,9.1019,5.0540,21.3398,7.0000
sub-005,ses-01,O2,21,2,2,0,5.0736,3.0170,9.1495,2.5804,0.0000,2.8094,5.6413,5.6524,5.8757,5.2713,19.3780,12.0000
sub-005,ses-01,O2,22,2,2,0,20.1263,3.2355,13.3204,6.5544,0.0000,6.0134,6.1485,6.0181,4.5904,6.0421,65.4967,1.0000
sub-005,ses-01,O2,23,2,4,0,9.4481,2.4595,8.3424,4.1129,0.0000,3.5152,4.5652,4.5289,3.9984,5.5266,21.9183,10.0000
sub-005,ses-01,O2,24,2,2,0,2.5535,4.7938,7.4354,3.7193,0.0000,2.8454,5.6606,5.6834,6.6002,8.0336,14.9932,12.0000
sub-005,ses-02,Fp1,0,4,2,0,9.6045,5.6737,15.7096,2.9787,0.0000,4.5138,5.7869,5.7227,7.1265,4.5079,30.6461,9.0000
sub-005,ses-02,Fp1,1,2,2,0,7.0327,8.9483,11.0791,1.6872,0.0000,3.5426,6.2417,6.2216,9.8684,4.3935,31.3833,9.0000
sub-005,ses-02,Fp1,2,2,0,0,7.1699,6.5297,5.0946,3.9708,0.0000,3.1857,5.3632,5.3625,5.5184,5.4241,16.3170,11.0000
sub-005,ses-02,Fp1,3,2,2,0,11.7509,3.1986,8.9560,4.9537,0.0000,4.1379,5.9900,5.9597,3.2567,5.2696,30.5855,1.0000
sub-005,ses-02,Fp1,4,4,0,0,11.1081,5.6539,8.4419,6.5698,0.0000,4.7234,5.5107,5.4406,4.9984,5.5937,39.1496,18.0000
sub-005,ses-02,Fp1,5,4,2,2,17.3056,17.5759,8.8465,7.8063,0.0000,6.8392,7.2558,7.1612,6.6286,5.6645,29.7544,4.0000
sub-005,ses-02,Fp1,6,2,4,2,11.0212,10.4657,4.8329,4.5154,0.0000,4.0383,5.5519,5.5277,5.3423,5.5451,26.0860,4.0000
sub-005,ses-02,Fp1,7,4,2,4,10.3975,5.1200,5.8647,3.9678,0.0000,3.4614,6.2607,6.2534,9.9819,6.9403,18.2804,20.0000
sub-005,ses-02,Fp1,8,2,4,4,9.2694,3.3730,6.9772,4.2382,0.0000,3.4309,4.8622,4.8260,3.2641,4.5040,24.2954,1.0000
sub-005,ses-02,Fp1,9,2,2,2,11.3045,8.2344,4.0282,4.8434,0.0000,3.8439,5.7083,5.6839,5.7119,6.6961,25.3651,1.0000
sub-005,ses-02,Fp1,10,4,2,2,4.9430,2.8262,4.0031,3.1565,0.0000,2.2356,5.4468,5.4746,7.2461,5.8303,13.1431,17.0000
sub-005,ses-02,Fp1,11,2,4,2,17.1099,3.9635,10.9166,4.6131,0.0000,4.8782,5.7436,5.6287,4.0947,4.8702,42.5061,1.0000
sub-005,ses-02,Fp1,12,4,2,2,4.7063,1.5432,9.2260,2.3242,0.0000,2.5714,5.5220,5.5412,5.1113,4.5909,24.0549,11.0000
sub-005,ses-02,Fp1,13,2,4,2,18.1609,13.7249,8.2246,3.2204,0.0000,5.0874,5.7774,5.6617,6.3668,5.5568,30.0958,1.0000
sub-005,ses-02,Fp1,14,2,2,0,22.1599,26.0049,8.1655,3.7193,0.0000,6.7443,6.9750,6.8915,12.7051,5.6941,44.9974,5.0000
sub-005,ses-02,Fp1,15,2,4,4,18.2941,10.1324,8.8637,3.6366,0.0000,4.9806,6.3654,6.3019,8.0888,4.7368,59.2316,1.0000
sub-005,ses-02,Fp1,16,4,2,2,4.7502,7.0871,5.8835,5.0738,0.0000,3.4560,5.2584,5.2529,5.5859,5.7123,12.7911,13.0000
sub-005,ses-02,Fp1,17,2,2,4,5.0941,8.5865,8.0025,2.9324,0.0000,3.2758,7.0316,7.0430,6.8905,6.6045,20.0440,9.0000
sub-005,ses-02,Fp1,18,2,4,0,21.7540,13.4786,4.3895,5.5220,0.0000,5.5594,5.2661,5.1797,5.4235,5.8153,49.1056,1.0000
sub-005,ses-02,Fp1,19,2,4,0,42.3963,14.5442,10.6479,5.1227,0.0000,8.3313,6.5773,6.4039,12.2644,4.0688,68.8757,2.0000
sub-005,ses-02,Fp1,20,4,4,0,16.9563,3.9167,4.5256,1.4204,0.0000,3.0026,5.6542,5.6274,5.2213,4.6414,53.9383,1.0000
sub-005,ses-02,Fp1,21,4,2,2,6.0552,9.3824,12.8315,4.4436,0.0000,4.5699,5.7023,5.6468,5.6304,5.5175,27.1281,6.0000
sub-005,ses-02,Fp1,22,2,4,4,8.8910,11.1474,2.3764,4.9985,0.0000,3.7068,6.9136,6.9315,9.6055,5.7895,20.7879,6.0000
sub-005,ses-02,Fp1,23,4,4,0,15.7876,7.4673,9.5230,4.1814,0.0000,4.7562,5.7312,5.6346,4.0423,5.5525,31.4082,9.0000
sub-005,ses-02,C3,0,4,2,0,4.3696,5.3006,5.5656,3.0765,0.0000,2.6063,5.5426,5.5632,9.9559,4.8764,12.0478,21.0000
sub-005,ses-02,C3,1,2,2,0,4.5091,6.4834,6.8342,3.1479,0.0000,2.9279,6.3322,6.3583,9.7770,4.9825,19.8303,7.0000
sub-005,ses-02,C3,2,2,0,0,3.9026,3.0932,8.7330,2.0537,0.0000,2.4902,5.6901,5.7164,4.3325,5.7404,14.6360,8.0000
sub-005,ses-02,C3,3,2,2,0,1.6358,4.6321,8.1032,3.5822,0.0000,2.7967,5.5881,5.5974,6.4731,6.1657,25.5128,11.0000
sub-005,ses-02,C3,4,4,0,0,11.3585,4.5024,4.9738,5.0164,0.0000,3.6860,5.8371,5.8034,5.6899,5.9476,25.6027,1.0000
sub-005,ses-02,C3,5,4,2,2,7.6743,6.4010,6.1903,6.7774,0.0000,4.2221,6.8112,6.7975,3.0064,5.0108,19.0275,21.0000
sub-005,ses-02,C3,6,2,4,2,3.0276,8.4961,12.4648,3.6604,0.0000,3.9179,6.2689,6.2485,8.7909,5.9815,43.9993,9.0000
sub-005,ses-02,C3,7,4,2,4,7.9448,9.1391,21.2809,3.8429,0.0000,5.7204,6.0601,5.9472,7.8411,4.8692,33.0252,11.0000
sub-005,ses-02,C3,8,2,4,4,0.9460,2.1363,6.3771,2.9421,0.0000,2.0660,5.3095,5.3409,4.3262,5.3544,13.2595,10.0000
sub-005,ses-02,C3,9,2,2,2,11.6279,2.4656,3.3638,2.8064,0.0000,2.6288,5.4514,5.4665,4.5243,5.3726,15.3576,3.0000
sub-005,ses-02,C3,10,4,2,2,7.7764,2.8000,11.8868,5.4537,0.0000,4.2913,5.4118,5.3534,8.1357,6.4942,21.0866,2.0000
sub-005,ses-02,C3,11,2,4,2,13.1683,2.2054,15.3890,3.2962,0.0000,4.5739,5.8915,5.8035,5.8210,3.2803,30.3383,9.0000
sub-005,ses-02,C3,12,4,2,2,2.8783,3.3978,9.6876,2.7876,0.0000,2.7783,4.9495,4.9562,3.7972,5.0837,14.8119,11.0000
sub-005,ses-02,C3,13,2,4,2,3.0925,3.7897,6.9105,1.7311,0.0000,2.1278,5.7362,5.7739,4.9822,5.5452,15.7962,12.0000
sub-005,ses-02,C3,14,2,2,0,13.2264,18.0393,5.7857,4.6186,0.0000,5.1121,5.7595,5.7201,6.4358,4.7816,41.3262,4.0000
sub-005,ses-02,C3,15,2,4,4,3.8514,7.7121,8.5982,5.0457,0.0000,3.8009,5.1424,5.1150,4.8440,5.2048,30.7542,12.0000
sub-005,ses-02,C3,16,4,2,2,7.0610,9.1645,2.5521,5.2326,0.0000,3.4474,5.3890,5.3675,5.7319,5.1731,17.0198,21.0000
sub-005,ses-02,C3,17,2,2,4,6.9445,4.0928,3.5461,4.6599,0.0000,2.9303,5.9147,5.9200,9.4877,5.9669,15.6211,22.0000
sub-005,ses-02,C3,18,2,4,0,6.4045,5.3699,4.8047,4.0764,0.0000,2.9981,5.4195,5.4066,6.8206,6.3595,22.0923,18.0000
sub-005,ses-02,C3,19,2,4,0,14.2552,10.4796,8.9942,6.5173,0.0000,5.5262,5.9122,5.8578,5.9362,4.8056,31.6323,4.0000
sub-005,ses-02,C3,20,4,4,0,5.6049,6.4796,3.5245,3.7516,0.0000,2.7501,5.4883,5.5096,7.4732,7.3209,11.4047,4.0000
sub-005,ses-02,C3,21,4,2,2,10.3559,6.3556,6.7173,2.5736,0.0000,3.2699,5.5556,5.5461,5.0006,5.4097,18.0567,2.0000
sub-005,ses-02,C3,22,2,4,4,10.4118,14.2026,3.8138,3.6918,0.0000,3.9380,5.5746,5.5635,6.8193,5.9162,28.5424,7.0000
sub-005,ses-02,C3,23,4,4,0,12.2033,17.0123,7.7009,5.3604,0.0000,5.4129,5.2716,5.1848,6.7579,5.3241,30.6399,6.0000
sub-005,ses-02,CP3,0,4,2,0,5.7247,9.8959,12.0440,2.6216,0.0000,3.9262,5.6804,5.6422,9.2120,4.7166,23.5453,5.0000
sub-005,ses-02,CP3,1,2,2,0,7.8060,4.7710,6.8616,2.7903,0.0000,2.9710,5.0671,5.0623,3.4057,5.8918,19.3066,12.0000
sub-005,ses-02,CP3,2,2,0,0,2.7766,4.0571,6.1492,3.9643,0.0000,2.6922,5.3335,5.3425,2.9454,7.1349,14.8297,19.0000
sub-005,ses-02,CP3,3,2,2,0,14.6054,7.4964,7.1069,2.2910,0.0000,3.7403,5.7068,5.6686,5.9873,6.4131,47.5002,1.0000
sub-005,ses-02,CP3,4,4,0,0,8.2522,9.5558,4.3105,5.7173,0.0000,3.9865,5.9093,5.8894,3.2814,5.0411,19.9495,16.0000
sub-005,ses-02,CP3,5,4,2,2,3.3304,8.1604,9.3980,4.6269,0.0000,3.7791,5.6698,5.6258,6.5845,4.5478,21.0153,7.0000
sub-005,ses-02,CP3,6,2,4,2,5.0381,14.1894,10.4294,4.0804,0.0000,4.4775,6.4539,6.4155,10.1988,5.6257,38.0700,7.0000
sub-005,ses-02,CP3,7,4,2,4,7.6372,7.3021,13.1466,3.5787,0.0000,4.3061,6.1527,6.1136,5.8336,7.0385,23.1078,6.0000
sub-005,ses-02,CP3,8,2,4,4,5.2015,2.2295,9.3089,4.0604,0.0000,3.2177,5.1105,5.0819,4.7275,4.2991,13.8747,11.0000
sub-005,ses-02,CP3,9,2,2,2,5.0992,1.4453,9.6865,3.1750,0.0000,2.9203,5.2022,5.1969,4.3460,4.6900,19.5209,12.0000
sub-005,ses-02,CP3,10,4,2,2,3.8433,1.2951,10.8574,5.3988,0.0000,3.6252,5.4256,5.4048,5.4691,5.1572,17.3652,11.0000
sub-005,ses-02,CP3,11,2,4,2,5.5223,2.1472,10.3951,4.0021,0.0000,3.3739,5.7249,5.7196,7.2908,5.0229,22.5401,11.0000
sub-005,ses-02,CP3,12,4,2,2,6.2860,4.5788,8.7277,4.5497,0.0000,3.6040,5.3571,5.3446,4.3085,5.5605,15.6473,11.0000
sub-005,ses-02,CP3,13,2,4,2,3.9087,5.4685,4.2995,2.3636,0.0000,2.1868,5.5755,5.6095,10.0204,5.9242,10.1457,8.0000
sub-005,ses-02,CP3,14,2,2,0,15.0546,8.5082,4.2699,3.1028,0.0000,3.7257,6.5905,6.5823,3.1474,7.6127,28.8530,2.0000
sub-005,ses-02,CP3,15,2,4,4,6.8109,4.8280,7.8457,4.3553,0.0000,3.4942,6.0220,6.0222,7.8095,4.3616,26.2766,12.0000
sub-005,ses-02,CP3,16,4,2,2,9.2721,4.2570,3.9627,5.3283,0.0000,3.4223,5.6226,5.6157,6.7208,5.5806,30.9835,1.0000
sub-005,ses-02,CP3,17,2,2,4,5.0280,8.4961,6.2847,4.0122,0.0000,3.3480,6.1488,6.1500,6.0166,6.0519,22.5129,7.0000
sub-005,ses-02,CP3,18,2,4,0,7.4405,2.2580,5.0635,5.6265,0.0000,3.3098,6.3982,6.3949,9.4272,5.4473,23.3917,18.0000
sub-005,ses-02,CP3,19,2,4,0,10.8582,5.6718,12.8017,3.6597,0.0000,4.4304,6.5792,6.5408,8.8531,7.2078,28.1566,3.0000
sub-005,ses-02,CP3,20,4,4,0,4.1450,10.1996,7.1654,4.7330,0.0000,3.7651,5.6741,5.6669,4.4094,6.3981,26.0787,13.0000
sub-005,ses-02,CP3,21,4,2,2,8.2878,5.0942,7.7188,2.6949,0.0000,3.1366,5.4787,5.4729,3.1545,5.7312,19.4920,10.0000
sub-005,ses-02,CP3,22,2,4,4,5.2128,8.5383,5.0646,5.1300,0.0000,3.5368,5.9417,5.9259,7.8718,5.4726,28.2753,7.0000
sub-005,ses-02,CP3,23,4,4,0,10.3465,2.7657,3.9123,2.9644,0.0000,2.6619,5.0373,5.0449,5.2965,5.2957,17.3865,14.0000
sub-005,ses-02,O1,0,4,2,0,14.1388,4.5265,1.9841,3.8538,0.0000,3.1783,5.2917,5.2807,2.9215,5.8858,37.9847,1.0000
sub-005,ses-02,O1,1,2,2,0,8.4615,8.2439,9.1097,3.8341,0.0000,3.9843,5.6219,5.5894,4.1078,4.8665,19.3835,17.0000
sub-005,ses-02,O1,2,2,0,0,5.0930,5.4966,4.8236,4.5521,0.0000,3.0344,5.2830,5.2658,6.2076,4.6293,14.7294,8.0000
sub-005,ses-02,O1,3,2,2,0,8.6942,7.8676,13.4483,4.1360,0.0000,4.6676,6.3281,6.2458,10.5457,5.3706,24.8829,8.0000
sub-005,ses-02,O1,4,4,0,0,2.8195,4.7306,7.7996,3.4313,0.0000,2.8280,5.7434,5.7352,4.4958,5.5022,17.6829,11.0000
sub-005,ses-02,O1,5,4,2,2,3.0052,5.6217,5.9601,2.1911,0.0000,2.2966,6.2161,6.2599,5.7642,6.6241,14.2664,9.0000
sub-005,ses-02,O1,6,2,4,2,7.7858,2.7873,4.3510,3.6271,0.0000,2.6872,5.1971,5.2052,5.5374,6.0193,15.1525,10.0000
sub-005,ses-02,O1,7,4,2,4,3.0146,4.1749,3.0376,3.7212,0.0000,2.2177,5.6767,5.7144,4.7563,5.6583,10.2920,17.0000
sub-005,ses-02,O1,8,2,4,4,17.3998,7.5051,6.7576,3.1310,0.0000,4.2062,5.7656,5.7446,6.0091,5.5446,22.0188,4.0000
sub-005,ses-02,O1,9,2,2,2,11.4592,3.0280,6.6785,5.6452,0.0000,3.9862,5.7217,5.6840,5.5420,6.0117,20.7559,1.0000
sub-005,ses-02,O1,10,4,2,2,8.2353,4.2556,5.3462,5.9599,0.0000,3.7097,5.7042,5.6820,4.3090,5.8694,27.8926,18.0000
sub-005,ses-02,O1,11,2,4,2,20.3236,14.0357,14.9534,4.8754,0.0000,6.7567,7.1314,7.0449,16.2253,6.0390,57.0644,9.0000
sub-005,ses-02,O1,12,4,2,2,6.8648,4.0364,8.3773,4.0841,0.0000,3.4177,5.2921,5.2749,8.1965,5.2454,29.4253,10.0000
sub-005,ses-02,O1,13,2,4,2,4.5159,5.5353,12.7101,3.0126,0.0000,3.6193,6.3266,6.3030,11.4749,5.2320,35.5575,9.0000
sub-005,ses-02,O1,14,2,2,0,6.0051,4.5671,10.9076,5.9551,0.0000,4.3058,6.1250,6.1030,4.8849,4.3106,22.7927,11.0000
sub-005,ses-02,O1,15,2,4,4,1.8841,1.8105,4.3190,3.1478,0.0000,1.8980,4.8266,4.8358,4.8251,4.5187,14.2661,16.0000
sub-005,ses-02,O1,16,4,2,2,6.6373,15.5544,4.5382,3.2200,0.0000,3.6711,5.8636,5.8414,7.3060,5.0529,49.3458,5.0000
sub-005,ses-02,O1,17,2,2,4,11.3334,10.3462,13.4845,4.4044,0.0000,5.2298,6.8218,6.7862,16.4256,6.3572,30.1182,4.0000
sub-005,ses-02,O1,18,2,4,0,17.3413,4.8394,2.4938,7.5370,0.0000,4.6899,6.2826,6.1916,5.8914,7.0830,57.8245,1.0000
sub-005,ses-02,O1,19,2,4,0,20.0555,14.6066,11.4841,3.3579,0.0000,5.8420,6.7086,6.6549,6.4388,7.2523,40.1045,1.0000
sub-005,ses-02,O1,20,4,4,0,9.4082,8.0977,6.7048,4.7952,0.0000,4.0137,5.8152,5.7919,7.3517,5.7816,21.0201,1.0000
sub-005,ses-02,O1,21,4,2,2,10.6385,6.8062,7.3453,5.6579,0.0000,4.3582,5.2490,5.1926,4.4959,4.3869,20.4152,1.0000
sub-005,ses-02,O1,22,2,4,4,13.1250,6.2760,7.1220,2.2795,0.0000,3.4877,6.5714,6.5770,6.5186,5.4393,46.2615,1.0000
sub-005,ses-02,O1,23,4,4,0,4.3005,11.3343,5.4910,3.5398,0.0000,3.2907,5.3739,5.3730,3.9322,5.7353,25.0186,5.0000
sub-005,ses-02,Pz,0,4,2,0,7.5552,7.8531,6.5746,4.7421,0.0000,3.7844,5.7502,5.7185,5.3285,6.0462,24.5715,5.0000
sub-005,ses-02,Pz,1,2,2,0,9.7601,6.9281,3.6250,4.5390,0.0000,3.4304,5.4791,5.4696,3.8086,4.9981,20.7721,16.0000
sub-005,ses-02,Pz,2,2,0,0,35.1401,9.6105,5.7179,5.3025,0.0000,6.5638,8.9605,8.8640,5.2346,4.8046,58.7461,2.0000
sub-005,ses-02,Pz,3,2,2,0,6.6357,3.2031,8.0973,3.9824,0.0000,3.2491,5.5336,5.5322,8.3551,5.2330,14.1388,8.0000
sub-005,ses-02,Pz,4,4,0,0,2.1269,4.0899,6.9314,3.4928,0.0000,2.6014,4.8884,4.8894,3.7679,3.9863,13.4776,10.0000
sub-005,ses-02,Pz,5,4,2,2,7.0480,6.1479,10.2605,3.9634,0.0000,3.8575,5.7772,5.7546,6.8571,5.6924,26.3858,12.0000
sub-005,ses-02,Pz,6,2,4,2,3.6345,1.5322,2.3911,3.4414,0.0000,1.8547,5.3599,5.4055,10.5446,6.1262,11.0114,14.0000
sub-005,ses-02,Pz,7,4,2,4,3.1306,1.1306,4.8429,4.6488,0.0000,2.4776,5.8122,5.8139,5.4394,4.9275,15.2897,18.0000
sub-005,ses-02,Pz,8,2,4,4,7.4223,2.1309,6.6877,2.8114,0.0000,2.6718,5.1550,5.1301,5.4122,5.1154,25.3786,8.0000
sub-005,ses-02,Pz,9,2,2,2,4.4677,4.6516,2.6381,4.4924,0.0000,2.5746,5.2858,5.2978,4.9253,5.1380,18.9561,15.0000
sub-005,ses-02,Pz,10,4,2,2,10.6435,3.5833,1.6870,2.9496,0.0000,2.4506,5.7169,5.7439,5.5135,8.0311,29.6231,1.0000
sub-005,ses-02,Pz,11,2,4,2,6.1017,5.2366,10.4576,2.9548,0.0000,3.4072,5.5826,5.5730,4.4446,5.3846,18.3819,9.0000
sub-005,ses-02,Pz,12,4,2,2,8.7179,2.5281,9.1445,5.4911,0.0000,3.9822,5.4528,5.4143,4.8694,5.0177,35.2605,10.0000
sub-005,ses-02,Pz,13,2,4,2,14.2624,7.4453,6.8680,2.9003,0.0000,3.8545,5.9215,5.8970,8.3860,6.1599,34.4166,2.0000
sub-005,ses-02,Pz,14,2,2,0,4.0034,5.7037,6.6825,4.2101,0.0000,3.1082,5.2618,5.2572,5.4659,6.5025,13.6439,16.0000
sub-005,ses-02,Pz,15,2,4,4,5.3561,5.7260,10.0182,6.2382,0.0000,4.3148,5.8861,5.8466,7.2565,6.0557,18.2619,3.0000
sub-005,ses-02,Pz,16,4,2,2,4.0273,5.3682,9.8381,5.0218,0.0000,3.7650,5.1562,5.1328,4.8646,5.0590,19.3655,13.0000
sub-005,ses-02,Pz,17,2,2,4,7.1432,2.2436,7.6675,3.4240,0.0000,2.9782,5.4698,5.4693,6.3025,5.9354,17.1837,8.0000
sub-005,ses-02,Pz,18,2,4,0,8.2275,2.7923,6.2756,4.7162,0.0000,3.3266,5.1045,5.0983,6.5428,4.7562,23.7367,17.0000
sub-005,ses-02,Pz,19,2,4,0,9.7546,6.2155,14.1509,4.7456,0.0000,4.8949,5.7756,5.7333,4.3946,6.1211,27.7078,11.0000
sub-005,ses-02,Pz,20,4,4,0,8.0333,9.3404,5.1037,4.6848,0.0000,3.7446,4.9386,4.8970,3.2451,4.0501,20.7045,5.0000
sub-005,ses-02,Pz,21,4,2,2,17.5484,4.2369,8.0064,3.8622,0.0000,4.3113,5.4765,5.4264,2.9208,4.2266,42.4801,3.0000
sub-005,ses-02,Pz,22,2,4,4,11.1027,7.4282,8.4096,4.9019,0.0000,4.3792,5.3917,5.3160,8.0330,4.2941,30.4635,1.0000
sub-005,ses-02,Pz,23,4,4,0,6.3372,4.5312,5.9603,5.3170,0.0000,3.4502,5.5709,5.5644,4.5875,6.3586,26.5321,22.0000
sub-005,ses-02,Fp2,0,4,2,0,9.4091,6.0375,24.9282,2.2894,0.0000,5.6074,5.9032,5.8052,8.9010,4.5922,45.9766,9.0000
sub-005,ses-02,Fp2,1,2,2,0,12.9460,6.5376,11.0884,2.2920,0.0000,4.0526,6.3192,6.2935,7.1932,4.4484,38.0481,1.0000
sub-005,ses-02,Fp2,2,2,0,0,3.9779,5.8884,5.2500,5.2462,0.0000,3.2364,5.3141,5.3070,7.6841,5.0549,17.1623,17.0000
sub-005,ses-02,Fp2,3,2,2,0,16.5555,2.9711,7.0135,4.5545,0.0000,4.1720,6.0183,5.9626,4.2208,4.9133,59.1810,1.0000
sub-005,ses-02,Fp2,4,4,0,0,13.5828,8.7430,6.9905,6.1904,0.0000,4.9238,5.9544,5.8818,3.8080,6.7936,24.8042,11.0000
sub-005,ses-02,Fp2,5,4,2,2,7.9167,12.9402,8.2243,5.1287,0.0000,4.6383,6.4493,6.4201,6.8798,7.0175,20.8846,20.0000
sub-005,ses-02,Fp2,6,2,4,2,11.3617,7.1801,5.6239,4.2446,0.0000,3.7928,6.1320,6.1241,7.1958,5.1696,18.3878,16.0000
sub-005,ses-02,Fp2,7,4,2,4,1.1250,3.3849,3.9874,3.0676,0.0000,1.9033,5.9272,5.9823,6.8424,5.3187,8.2154,16.0000
sub-005,ses-02,Fp2,8,2,4,4,3.4933,2.9534,9.3608,5.3975,0.0000,3.5377,5.0901,5.0635,3.1511,5.1864,26.8560,8.0000
sub-005,ses-02,Fp2,9,2,2,2,15.7869,9.6821,4.6181,3.8976,0.0000,4.1919,6.2599,6.2460,5.3489,6.1668,39.0471,1.0000
sub-005,ses-02,Fp2,10,4,2,2,4.7500,5.6920,3.2690,2.9730,0.0000,2.3263,5.8509,5.8915,9.8257,6.9246,10.4091,5.0000
sub-005,ses-02,Fp2,11,2,4,2,18.2901,9.5484,8.3968,4.3290,0.0000,5.0701,6.1858,6.1126,5.1420,5.0054,31.5006,1.0000
sub-005,ses-02,Fp2,12,4,2,2,6.9923,4.7466,8.6193,3.1438,0.0000,3.2451,5.2097,5.1925,5.0977,4.5576,19.7460,11.0000
sub-005,ses-02,Fp2,13,2,4,2,9.4542,7.2991,8.2207,3.1158,0.0000,3.6475,5.7895,5.7787,7.3538,5.3220,16.3417,20.0000
sub-005,ses-02,Fp2,14,2,2,0,14.4529,29.6445,6.2737,2.9779,0.0000,5.8778,6.9192,6.8519,11.4208,6.6158,51.2394,5.0000
sub-005,ses-02,Fp2,15,2,4,4,18.1954,7.2646,8.0097,2.2290,0.0000,4.1599,6.2494,6.1753,5.9742,3.8809,60.2258,1.0000
sub-005,ses-02,Fp2,16,4,2,2,4.9005,6.6501,7.3425,4.7305,0.0000,3.5292,5.1988,5.1913,5.3187,5.8555,18.0640,13.0000
sub-005,ses-02,Fp2,17,2,2,4,10.8519,8.1625,5.6989,4.4394,0.0000,3.9061,7.0381,7.0494,7.3656,7.3182,26.3957,2.0000
sub-005,ses-02,Fp2,18,2,4,0,8.4345,8.8962,6.2442,7.0556,0.0000,4.6165,5.3010,5.2139,4.7196,6.2271,22.4341,14.0000
sub-005,ses-02,Fp2,19,2,4,0,57.3046,16.6212,8.5748,2.9863,0.0000,8.9762,7.4022,7.2630,8.3652,4.3952,84.2227,2.0000
sub-005,ses-02,Fp2,20,4,4,0,16.7394,5.9993,3.7772,2.2193,0.0000,3.3132,5.5157,5.5024,4.9266,3.9617,48.5783,1.0000
sub-005,ses-02,Fp2,21,4,2,2,7.0189,8.7920,7.6929,7.5098,0.0000,4.8146,5.4417,5.3781,5.3978,4.4332,32.8125,17.0000
sub-005,ses-02,Fp2,22,2,4,4,1.3457,6.8299,2.2989,4.0882,0.0000,2.3173,5.6779,5.7116,7.8455,5.6770,18.5996,6.0000
sub-005,ses-02,Fp2,23,4,4,0,9.8638,6.3203,9.2540,3.6226,0.0000,3.8920,5.2829,5.2461,4.1198,5.9115,27.2849,9.0000
sub-005,ses-02,Fz,0,4,2,0,5.5377,6.8952,18.2026,4.2627,0.0000,4.9852,6.1328,6.0681,8.6887,4.4003,32.4920,9.0000
sub-005,ses-02,Fz,1,2,2,0,2.0507,4.4279,7.2755,1.2667,0.0000,2.0008,5.5298,5.5677,8.6335,4.9880,12.4291,7.0000
sub-005,ses-02,Fz,2,2,0,0,16.1921,12.3674,4.1567,4.1980,0.0000,4.5059,5.5030,5.4162,4.2952,5.0466,31.1971,1.0000
sub-005,ses-02,Fz,3,2,2,0,1.3539,2.2315,10.1808,4.8659,0.0000,3.2252,5.8183,5.8047,4.4104,6.5333,17.3878,11.0000
sub-005,ses-02,Fz,4,4,0,0,16.6621,8.3594,6.3774,5.8465,0.0000,4.9850,5.8243,5.7570,5.9242,6.2828,28.3292,3.0000
sub-005,ses-02,Fz,5,4,2,2,12.1704,10.6785,3.8304,3.7991,0.0000,3.8085,6.2713,6.2693,4.3220,4.9923,22.6489,3.0000
sub-005,ses-02,Fz,6,2,4,2,19.8127,14.0054,3.8047,3.0698,0.0000,4.6048,5.9743,5.9220,9.7262,4.6056,37.9838,1.0000
sub-005,ses-02,Fz,7,4,2,4,9.3581,7.5971,10.8314,3.9063,0.0000,4.2696,6.3021,6.2656,6.1374,6.8245,17.9072,8.0000
sub-005,ses-02,Fz,8,2,4,4,12.9384,1.6854,7.0797,4.6499,0.0000,3.7540,4.8428,4.7829,3.1359,4.6267,39.8868,1.0000
sub-005,ses-02,Fz,9,2,2,2,3.3799,2.4367,0.9713,4.5130,0.0000,2.0410,5.2755,5.3099,3.3379,5.3962,29.2353,17.0000
sub-005,ses-02,Fz,10,4,2,2,3.5333,3.4134,4.6786,4.3039,0.0000,2.6002,5.6713,5.6917,6.1351,5.4882,14.9660,22.0000
sub-005,ses-02,Fz,11,2,4,2,21.2994,10.5923,14.2293,4.2368,0.0000,6.2331,6.0613,5.9202,4.4929,5.4906,43.0793,3.0000
sub-005,ses-02,Fz,12,4,2,2,1.5839,1.1081,11.9359,3.5543,0.0000,2.9904,5.7971,5.8084,3.8134,5.1209,23.3104,10.0000
sub-005,ses-02,Fz,13,2,4,2,9.1392,3.4686,13.3991,3.7255,0.0000,4.1688,6.2772,6.2433,5.7593,6.3098,22.2738,8.0000
sub-005,ses-02,Fz,14,2,2,0,9.9461,20.2264,4.8083,2.9729,0.0000,4.3765,6.6304,6.6111,10.5455,4.2898,37.0353,5.0000
sub-005,ses-02,Fz,15,2,4,4,5.6042,3.9746,10.8176,4.9275,0.0000,3.8902,6.1057,6.0822,5.2864,4.6144,24.5818,10.0000
sub-005,ses-02,Fz,16,4,2,2,6.6636,5.3874,6.3249,4.1676,0.0000,3.2635,4.9467,4.9442,3.9734,5.1866,19.3291,13.0000
sub-005,ses-02,Fz,17,2,2,4,10.7101,5.4499,3.8670,3.2868,0.0000,3.0365,6.3079,6.3189,8.5504,7.7283,19.5099,2.0000
sub-005,ses-02,Fz,18,2,4,0,7.2116,3.7509,4.1313,4.2038,0.0000,2.8672,5.4364,5.4431,6.0118,6.2563,13.2957,2.0000
sub-005,ses-02,Fz,19,2,4,0,29.6708,18.6431,11.1915,5.5918,0.0000,7.7465,6.7080,6.6051,7.1525,6.1834,63.2908,4.0000
sub-005,ses-02,Fz,20,4,4,0,11.1551,9.8932,4.0619,3.9179,0.0000,3.7092,5.9290,5.9198,9.4670,5.9387,22.3035,1.0000
sub-005,ses-02,Fz,21,4,2,2,6.8984,10.0343,10.9543,4.9442,0.0000,4.5984,5.6307,5.5621,5.1368,5.3117,34.9135,6.0000
sub-005,ses-02,Fz,22,2,4,4,16.3788,8.9131,4.2030,6.0139,0.0000,4.7574,6.6470,6.6256,4.8086,6.9610,29.3364,3.0000
sub-005,ses-02,Fz,23,4,4,0,9.6662,3.2522,8.4609,6.7519,0.0000,4.4236,5.6809,5.6398,3.4423,5.8432,24.5696,16.0000
sub-005,ses-02,FCz,0,4,2,0,7.0995,3.7381,10.2681,5.1594,0.0000,4.0007,5.4564,5.4229,6.5514,4.6091,25.3739,11.0000
sub-005,ses-02,FCz,1,2,2,0,3.3081,5.3768,6.0989,2.1673,0.0000,2.3141,6.1417,6.1756,9.9099,5.0139,14.4978,11.0000
sub-005,ses-02,FCz,2,2,0,0,5.6834,8.4418,5.3339,2.6662,0.0000,2.8643,5.1492,5.1231,2.8789,5.0311,15.2166,2.0000
sub-005,ses-02,FCz,3,2,2,0,1.3577,1.2660,7.3128,3.5647,0.0000,2.3422,5.5724,5.6008,2.8996,7.0453,13.9564,11.0000
sub-005,ses-02,FCz,4,4,0,0,9.9974,10.1019,6.3620,3.9613,0.0000,3.9550,5.2789,5.2528,5.6529,5.0750,20.4523,4.0000
sub-005,ses-02,FCz,5,4,2,2,7.4511,3.9331,5.8522,5.0530,0.0000,3.4032,6.4749,6.4867,4.6042,5.3083,20.5781,20.0000
sub-005,ses-02,FCz,6,2,4,2,7.8698,14.5742,6.6364,4.3664,0.0000,4.3339,5.4311,5.3937,8.1223,4.8209,23.1652,7.0000
sub-005,ses-02,FCz,7,4,2,4,14.5578,8.9172,12.8847,4.6443,0.0000,5.3857,5.6629,5.5758,4.4556,5.9416,29.3945,3.0000
sub-005,ses-02,FCz,8,2,4,4,6.1662,3.8496,5.9899,3.0450,0.0000,2.6881,5.2855,5.2988,3.7748,5.6413,14.6006,9.0000
sub-005,ses-02,FCz,9,2,2,2,4.1876,1.9703,1.6396,5.8985,0.0000,2.5849,5.3146,5.3287,5.3442,5.6141,20.3833,18.0000
sub-005,ses-02,FCz,10,4,2,2,4.1491,6.3305,6.2403,4.4019,0.0000,3.1764,5.5054,5.5071,4.8605,6.1833,13.6743,22.0000
sub-005,ses-02,FCz,11,2,4,2,11.6098,5.5179,17.4730,3.0283,0.0000,4.9469,5.9833,5.9078,5.0073,5.7366,34.1598,9.0000
sub-005,ses-02,FCz,12,4,2,2,5.2200,1.7239,12.6456,3.8824,0.0000,3.5842,5.6630,5.6491,2.4798,5.5495,29.4351,10.0000
sub-005,ses-02,FCz,13,2,4,2,8.4262,4.8218,11.3423,3.0276,0.0000,3.7303,5.4649,5.4270,5.9238,4.8864,20.0396,1.0000
sub-005,ses-02,FCz,14,2,2,0,7.6298,13.6139,3.5540,2.8203,0.0000,3.3247,6.1960,6.1945,9.2223,4.1113,21.0129,5.0000
sub-005,ses-02,FCz,15,2,4,4,3.0321,4.3351,9.7800,6.1532,0.0000,3.9102,5.4727,5.4361,6.2378,5.0892,22.1866,10.0000
sub-005,ses-02,FCz,16,4,2,2,5.7071,6.2212,4.6068,4.5222,0.0000,3.1196,4.9199,4.9269,4.2688,4.2476,17.8880,13.0000
sub-005,ses-02,FCz,17,2,2,4,3.6354,2.0248,4.5881,3.5064,0.0000,2.2268,5.4998,5.5326,9.4843,6.2087,12.5293,18.0000
sub-005,ses-02,FCz,18,2,4,0,6.1565,1.8949,5.7720,1.6049,0.0000,2.0396,5.3122,5.3460,5.7925,6.1528,24.5986,8.0000
sub-005,ses-02,FCz,19,2,4,0,18.0540,17.7330,11.6017,5.5661,0.0000,6.6306,6.0703,6.0010,6.2328,5.8808,58.2250,4.0000
sub-005,ses-02,FCz,20,4,4,0,6.4627,5.1937,3.7995,2.2926,0.0000,2.3076,5.6295,5.6556,9.3539,4.9820,16.0033,7.0000
sub-005,ses-02,FCz,21,4,2,2,8.3669,3.8533,11.1202,5.3121,0.0000,4.2944,5.9301,5.8671,6.3052,5.1606,32.1247,10.0000
sub-005,ses-02,FCz,22,2,4,4,11.3180,6.2443,2.1677,6.1300,0.0000,3.7894,6.3851,6.3797,4.0337,4.7150,31.3236,22.0000
sub-005,ses-02,FCz,23,4,4,0,1.9866,2.6344,6.0274,5.6972,0.0000,2.9933,5.5280,5.5246,2.8648,5.1768,16.1044,22.0000
sub-005,ses-02,Cz,0,4,2,0,1.0991,3.7168,6.5088,6.9905,0.0000,3.4696,6.0256,6.0150,4.4430,4.3589,19.8228,20.0000
sub-005,ses-02,Cz,1,2,2,0,5.9893,9.7809,5.3250,3.1324,0.0000,3.1570,5.5596,5.5528,6.3621,4.4012,16.0721,2.0000
sub-005,ses-02,Cz,2,2,0,0,2.7888,5.6087,5.6999,4.1726,0.0000,2.8380,5.7891,5.8015,2.7469,4.4777,21.5652,22.0000
sub-005,ses-02,Cz,3,2,2,0,3.8970,1.6187,5.1826,3.0749,0.0000,2.1659,5.3572,5.3845,3.9748,4.4094,12.6993,22.0000
sub-005,ses-02,Cz,4,4,0,0,6.8852,7.1010,3.5503,3.6048,0.0000,2.8863,5.3567,5.3667,5.3664,5.5118,13.8991,21.0000
sub-005,ses-02,Cz,5,4,2,2,4.8203,4.8295,6.9730,4.0917,0.0000,3.1077,6.0530,6.0717,4.8844,7.2062,16.4502,21.0000
sub-005,ses-02,Cz,6,2,4,2,3.3962,1.9248,5.3258,4.9789,0.0000,2.7433,5.8914,5.9226,11.9935,4.7027,16.2326,13.0000
sub-005,ses-02,Cz,7,4,2,4,3.4275,9.4991,14.8923,4.6016,0.0000,4.6716,5.5719,5.5070,4.6723,6.7133,25.5288,6.0000
sub-005,ses-02,Cz,8,2,4,4,7.3930,6.4936,6.6535,4.7032,0.0000,3.6421,5.7607,5.7522,4.8612,6.3634,24.2449,19.0000
sub-005,ses-02,Cz,9,2,2,2,5.8962,6.4434,3.0864,6.2975,0.0000,3.4824,5.2379,5.2304,4.7138,6.5383,19.4547,18.0000
sub-005,ses-02,Cz,10,4,2,2,3.8177,4.6519,10.3933,5.5965,0.0000,3.9301,6.3658,6.3668,4.7222,6.8876,18.6130,12.0000
sub-005,ses-02,Cz,11,2,4,2,11.0369,3.8394,19.7761,4.3786,0.0000,5.4671,5.5054,5.4096,5.9228,4.7738,35.3666,9.0000
sub-005,ses-02,Cz,12,4,2,2,9.0830,3.4721,12.3005,2.8358,0.0000,3.7416,5.8242,5.8071,4.5302,6.0311,38.4804,10.0000
sub-005,ses-02,Cz,13,2,4,2,3.4576,6.3650,7.1855,2.7270,0.0000,2.7408,5.6164,5.6267,5.3770,5.3541,17.6078,9.0000
sub-005,ses-02,Cz,14,2,2,0,7.1100,12.0085,3.4315,5.0678,0.0000,3.7894,5.5500,5.5352,5.9896,5.0186,26.6025,6.0000
sub-005,ses-02,Cz,15,2,4,4,8.3859,6.2620,7.0409,7.1820,0.0000,4.5163,5.7116,5.6322,8.9628,4.8329,19.1860,15.0000
sub-005,ses-02,Cz,16,4,2,2,11.3507,11.7409,2.4923,4.6614,0.0000,3.9051,5.3202,5.3025,3.0095,4.6688,22.5017,4.0000
sub-005,ses-02,Cz,17,2,2,4,10.8580,3.0087,5.1903,3.5661,0.0000,3.0923,6.0583,6.0802,10.0058,5.4393,27.7603,2.0000
sub-005,ses-02,Cz,18,2,4,0,2.6046,2.7791,8.0102,1.8286,0.0000,2.1714,5.1992,5.2155,6.0920,5.3998,26.9324,8.0000
sub-005,ses-02,Cz,19,2,4,0,8.9066,9.3505,10.3142,3.9514,0.0000,4.3321,5.7209,5.7032,6.7340,5.6055,31.4884,4.0000
sub-005,ses-02,Cz,20,4,4,0,6.7064,5.3223,5.2956,3.8548,0.0000,3.0233,5.4631,5.4639,8.2818,4.7918,20.6577,3.0000
sub-005,ses-02,Cz,21,4,2,2,9.2050,6.2176,5.5220,7.0383,0.0000,4.3330,6.1966,6.1667,5.9647,4.9846,25.9627,21.0000
sub-005,ses-02,Cz,22,2,4,4,6.2320,4.2916,1.2814,4.1421,0.0000,2.4100,5.3594,5.3834,3.8142,4.8716,21.4689,14.0000
sub-005,ses-02,Cz,23,4,4,0,2.5800,1.6725,7.0615,3.3819,0.0000,2.4033,5.1551,5.1788,3.9182,4.3980,12.8873,9.0000
sub-005,ses-02,C4,0,4,2,0,6.5489,10.5989,20.6987,5.0620,0.0000,6.0137,6.7895,6.6970,10.0701,6.8278,30.9794,11.0000
sub-005,ses-02,C4,1,2,2,0,6.2810,3.9678,5.2835,2.4511,0.0000,2.4316,5.7681,5.7998,8.9214,4.1216,10.9432,9.0000
sub-005,ses-02,C4,2,2,0,0,7.9210,7.7518,3.5988,5.7577,0.0000,3.7008,5.1684,5.1419,4.1259,5.2789,16.4605,16.0000
sub-005,ses-02,C4,3,2,2,0,4.4383,5.7884,8.9131,5.5647,0.0000,3.8773,6.4629,6.4466,5.2331,6.0708,20.2033,20.0000
sub-005,ses-02,C4,4,4,0,0,5.1696,7.7224,4.6452,5.6698,0.0000,3.5615,6.0379,6.0338,7.1768,8.7504,29.9738,16.0000
sub-005,ses-02,C4,5,4,2,2,5.0899,6.7949,7.6221,4.2137,0.0000,3.4430,6.1343,6.1356,5.2232,6.2246,26.6080,19.0000
sub-005,ses-02,C4,6,2,4,2,5.2976,8.3581,5.8640,3.4620,0.0000,3.1352,5.9632,5.9469,9.1967,6.5062,15.6472,5.0000
sub-005,ses-02,C4,7,4,2,4,8.9473,1.9525,14.9906,5.4069,0.0000,4.7403,5.9726,5.9104,3.9356,6.3435,29.4886,11.0000
sub-005,ses-02,C4,8,2,4,4,8.7069,5.2283,2.4911,4.4407,0.0000,2.9864,4.8012,4.7652,4.8322,4.8208,27.7687,1.0000
sub-005,ses-02,C4,9,2,2,2,1.9212,4.9917,1.6170,6.5926,0.0000,2.8618,5.9577,5.9782,7.5767,4.7933,22.4026,15.0000
sub-005,ses-02,C4,10,4,2,2,6.1686,9.6336,8.2329,4.0510,0.0000,3.8435,5.4397,5.4217,4.3601,4.9854,17.9232,4.0000
sub-005,ses-02,C4,11,2,4,2,3.5311,2.0006,8.3608,3.8170,0.0000,2.8352,5.2969,5.2989,4.5988,5.6773,16.8686,22.0000
sub-005,ses-02,C4,12,4,2,2,14.0138,3.1875,9.4929,4.8394,0.0000,4.3878,5.5827,5.5295,5.8008,5.0332,30.6345,1.0000
sub-005,ses-02,C4,13,2,4,2,2.0884,4.3092,8.4227,2.7075,0.0000,2.5889,5.3867,5.4031,10.0875,5.0618,14.5732,10.0000
sub-005,ses-02,C4,14,2,2,0,9.1839,3.7943,5.4169,3.4799,0.0000,3.0152,5.8394,5.8529,8.3149,4.2908,16.1455,8.0000
sub-005,ses-02,C4,15,2,4,4,15.7579,5.2338,3.3515,4.3971,0.0000,3.7497,5.8440,5.8275,8.2889,5.5830,26.6117,3.0000
sub-005,ses-02,C4,16,4,2,2,7.3233,12.0934,4.9980,4.2253,0.0000,3.7810,5.4433,5.4224,8.0543,5.6233,18.6515,6.0000
sub-005,ses-02,C4,17,2,2,4,6.0624,4.2225,3.4906,2.9091,0.0000,2.3233,6.4063,6.4526,6.7100,6.1195,17.0161,1.0000
sub-005,ses-02,C4,18,2,4,0,9.6822,10.1994,7.7125,4.8988,0.0000,4.4066,5.7451,5.6977,7.9233,4.2734,22.0968,9.0000
sub-005,ses-02,C4,19,2,4,0,27.3179,24.1635,6.5895,3.7484,0.0000,6.8417,6.1563,6.0703,4.7555,5.7835,62.8872,4.0000
sub-005,ses-02,C4,20,4,4,0,7.8387,7.6522,3.0254,3.0643,0.0000,2.7896,5.8974,5.9180,12.5187,4.1044,14.0331,4.0000
sub-005,ses-02,C4,21,4,2,2,7.7324,2.0383,5.3637,4.2270,0.0000,2.9353,5.5619,5.5593,4.7598,5.1852,18.1681,17.0000
sub-005,ses-02,C4,22,2,4,4,7.0173,2.2275,5.7068,4.0888,0.0000,2.8924,5.6358,5.6427,8.3217,5.7250,18.8682,1.0000
sub-005,ses-02,C4,23,4,4,0,4.5614,2.1337,8.1641,5.6249,0.0000,3.4625,6.0512,6.0421,5.0118,6.8613,17.9229,16.0000
sub-005,ses-02,CP4,0,4,2,0,13.9953,15.8874,15.8221,5.3307,0.0000,6.5991,6.5983,6.4886,10.1013,7.0468,43.7806,1.0000
sub-005,ses-02,CP4,1,2,2,0,12.9794,3.1805,4.9386,2.7477,0.0000,3.0231,5.7217,5.7213,5.6935,5.2552,22.8867,3.0000
sub-005,ses-02,CP4,2,2,0,0,5.5150,4.1215,2.1108,4.3764,0.0000,2.5140,5.5581,5.5788,4.5569,6.0341,12.8013,2.0000
sub-005,ses-02,CP4,3,2,2,0,3.1296,5.9972,10.4708,4.1393,0.0000,3.5615,6.0671,6.0519,5.6513,5.6671,18.8788,6.0000
sub-005,ses-02,CP4,4,4,0,0,8.4962,9.1054,3.8247,3.2379,0.0000,3.1499,5.6247,5.6163,7.0727,7.0559,22.7404,1.0000
sub-005,ses-02,CP4,5,4,2,2,7.9875,6.4481,8.7166,3.0608,0.0000,3.4845,6.5308,6.5156,6.8005,6.5010,13.9227,12.0000
sub-005,ses-02,CP4,6,2,4,2,10.4855,13.3112,10.9834,5.2713,0.0000,5.3398,5.4463,5.3359,5.3857,6.3508,30.1017,1.0000
sub-005,ses-02,CP4,7,4,2,4,10.5616,2.9902,15.2670,2.6609,0.0000,4.1954,5.6358,5.5947,3.7183,4.9890,31.5952,11.0000
sub-005,ses-02,CP4,8,2,4,4,6.1197,5.4571,1.7300,2.6818,0.0000,2.1291,4.9747,5.0013,4.8055,4.8017,13.6306,7.0000
sub-005,ses-02,CP4,9,2,2,2,21.5515,9.9415,4.1056,5.6530,0.0000,5.2115,6.0832,6.0106,5.5873,5.4936,45.4059,1.0000
sub-005,ses-02,CP4,10,4,2,2,4.8313,4.8497,4.6826,7.1927,0.0000,3.7285,5.1684,5.1224,4.3094,4.5861,18.3732,16.0000
sub-005,ses-02,CP4,11,2,4,2,5.6666,1.3347,9.0744,4.2684,0.0000,3.2079,5.8233,5.8221,5.3740,5.4206,16.4378,21.0000
sub-005,ses-02,CP4,12,4,2,2,2.2096,2.0497,8.9577,3.9814,0.0000,2.8498,6.5128,6.5495,8.0147,6.9483,14.7700,10.0000
sub-005,ses-02,CP4,13,2,4,2,4.0863,5.1030,7.5160,4.1719,0.0000,3.1648,5.0496,5.0441,9.9139,5.5402,13.0688,13.0000
sub-005,ses-02,CP4,14,2,2,0,9.0133,8.2000,5.5267,6.3451,0.0000,4.2907,5.7257,5.6946,8.8224,5.6268,19.4414,3.0000
sub-005,ses-02,CP4,15,2,4,4,6.0726,5.9028,4.5027,3.8973,0.0000,2.9205,5.8269,5.8331,8.2325,6.5410,17.2297,7.0000
sub-005,ses-02,CP4,16,4,2,2,7.0022,11.8772,9.4600,5.7241,0.0000,4.8068,5.5435,5.4682,5.3331,4.6382,21.2608,22.0000
sub-005,ses-02,CP4,17,2,2,4,6.2512,5.6915,8.7959,5.7020,0.0000,4.0621,6.3519,6.3249,10.0087,5.4229,31.2232,19.0000
sub-005,ses-02,CP4,18,2,4,0,15.2821,8.4511,7.3716,5.7148,0.0000,4.9641,6.8177,6.7716,14.0014,5.8385,41.1257,1.0000
sub-005,ses-02,CP4,19,2,4,0,21.8755,24.4896,15.4760,6.5781,0.0000,8.4612,6.4968,6.3670,7.2941,6.4344,60.3036,4.0000
sub-005,ses-02,CP4,20,4,4,0,7.9273,7.7741,4.0426,3.1429,0.0000,2.9749,5.4898,5.5023,14.1694,4.3594,11.2012,18.0000
sub-005,ses-02,CP4,21,4,2,2,7.1047,3.3651,6.4419,3.6945,0.0000,2.9897,5.1442,5.1299,5.3869,4.7068,23.1194,12.0000
sub-005,ses-02,CP4,22,2,4,4,13.3444,3.0880,6.0494,2.4554,0.0000,3.1150,6.6917,6.6942,7.5935,7.8468,40.1582,1.0000
sub-005,ses-02,CP4,23,4,4,0,7.4082,4.4337,7.9491,3.7031,0.0000,3.3303,5.7929,5.7962,5.0488,6.0279,27.8136,9.0000
sub-005,ses-02,O2,0,4,2,0,17.0208,8.4796,7.0071,2.9768,0.0000,4.2498,5.5504,5.4964,7.0498,4.9072,32.4021,2.0000
sub-005,ses-02,O2,1,2,2,0,2.2246,6.7642,5.8857,5.1646,0.0000,3.2188,5.7513,5.7515,6.6658,5.3055,14.7687,11.0000
sub-005,ses-02,O2,2,2,0,0,5.3185,8.2736,6.5241,3.9476,0.0000,3.3682,5.1581,5.1324,5.5183,4.0803,13.8235,18.0000
sub-005,ses-02,O2,3,2,2,0,3.4429,5.4035,7.5581,2.0735,0.0000,2.5044,5.2622,5.2799,7.1475,5.9407,21.4483,12.0000
sub-005,ses-02,O2,4,4,0,0,13.8880,15.7559,7.3344,3.8926,0.0000,4.9578,5.9082,5.8456,4.2204,5.8975,23.7622,5.0000
sub-005,ses-02,O2,5,4,2,2,6.5242,5.8892,9.2892,5.9228,0.0000,4.2415,6.5571,6.5366,4.5480,8.1517,31.9747,20.0000
sub-005,ses-02,O2,6,2,4,2,2.4991,8.0257,3.1010,3.9745,0.0000,2.6133,5.1097,5.1116,6.3940,5.8336,21.8033,6.0000
sub-005,ses-02,O2,7,4,2,4,12.3519,1.4267,3.1303,6.6833,0.0000,3.7391,5.6768,5.6070,4.9663,4.2310,34.0158,1.0000
sub-005,ses-02,O2,8,2,4,4,15.2893,10.6841,7.0311,2.7953,0.0000,4.2423,6.7488,6.7257,7.9206,7.0613,57.6790,1.0000
sub-005,ses-02,O2,9,2,2,2,9.0945,6.4221,6.2223,5.0352,0.0000,3.8339,5.9305,5.9111,6.2279,5.3133,17.9204,22.0000
sub-005,ses-02,O2,10,4,2,2,6.9926,16.3479,9.0619,3.3927,0.0000,4.4614,5.7994,5.7557,3.9651,5.6606,30.0805,5.0000
sub-005,ses-02,O2,11,2,4,2,5.3962,2.6935,14.4177,2.9338,0.0000,3.6513,7.6755,7.6819,14.7298,9.6135,49.2127,10.0000
sub-005,ses-02,O2,12,4,2,2,9.5926,3.2859,5.3980,6.3913,0.0000,3.8835,6.0465,6.0141,8.6977,4.4847,23.6429,1.0000
sub-005,ses-02,O2,13,2,4,2,4.0612,9.6295,6.8638,5.9161,0.0000,4.0199,5.9738,5.9403,6.0075,4.5497,21.5283,6.0000
sub-005,ses-02,O2,14,2,2,0,18.2750,4.9161,3.9859,3.0511,0.0000,3.6359,5.8897,5.8041,5.6911,3.2000,65.7556,1.0000
sub-005,ses-02,O2,15,2,4,4,18.2311,6.2844,5.8146,3.3964,0.0000,4.1187,5.7622,5.7307,4.2531,5.7440,42.1918,1.0000
sub-005,ses-02,O2,16,4,2,2,4.4239,2.1458,5.1651,4.0450,0.0000,2.5547,5.5430,5.5617,5.5552,4.6592,15.9461,11.0000
sub-005,ses-02,O2,17,2,2,4,15.8395,12.9926,10.2415,7.4101,0.0000,6.3514,6.8893,6.8163,15.0945,6.9057,23.4354,4.0000
sub-005,ses-02,O2,18,2,4,0,8.8988,3.9763,8.5895,3.3786,0.0000,3.4177,5.8204,5.8083,7.5461,4.1709,18.9252,8.0000
sub-005,ses-02,O2,19,2,4,0,8.2724,8.5008,4.4681,6.6001,0.0000,4.1791,5.6726,5.6423,5.9813,5.1985,17.5676,22.0000
sub-005,ses-02,O2,20,4,4,0,7.2429,4.8316,3.8929,3.1321,0.0000,2.6133,5.5150,5.5348,6.8116,6.0636,14.8775,1.0000
sub-005,ses-02,O2,21,4,2,2,11.0492,3.3824,8.8044,4.0685,0.0000,3.8010,4.7648,4.7150,5.0208,4.7170,19.9703,2.0000
sub-005,ses-02,O2,22,2,4,4,7.4750,10.6557,6.7215,2.8316,0.0000,3.4805,6.7907,6.8092,6.4742,5.7046,20.3280,5.0000
sub-005,ses-02,O2,23,4,4,0,2.7268,3.1348,4.4196,3.7359,0.0000,2.2914,4.9321,4.9443,2.5659,5.1417,19.2422,19.0000
sub-006,ses-01,Fp1,0,2,2,0,14.0438,4.9015,8.9435,5.8312,0.0000,4.7732,5.3658,5.3029,8.6180,4.9600,37.0485,1.0000
sub-006,ses-01,Fp1,1,2,4,0,9.9558,9.2000,4.9098,4.8474,0.0000,3.9325,6.0320,5.9421,7.8514,4.1377,27.1726,1.0000
sub-006,ses-01,Fp1,2,2,2,0,24.7246,4.8350,5.8936,5.7218,0.0000,5.3020,5.5080,5.3601,6.7448,5.6195,70.9242,1.0000
sub-006,ses-01,Fp1,3,4,2,0,19.4360,7.7911,9.2754,3.4460,0.0000,4.8688,6.2229,6.1664,12.3048,5.6914,55.7981,1.0000
sub-006,ses-01,Fp1,4,2,2,0,9.9287,7.0938,18.6206,4.3739,0.0000,5.5041,6.3944,6.3310,10.1833,7.7000,51.1842,9.0000
sub-006,ses-01,Fp1,5,2,2,0,4.4144,12.0408,11.1509,3.7632,0.0000,4.2244,5.8769,5.8538,9.4868,6.5625,32.1828,8.0000
sub-006,ses-01,Fp1,6,2,4,0,22.0525,12.5220,9.8280,3.7456,0.0000,5.7200,6.6987,6.5930,9.3002,5.8329,61.0079,1.0000
sub-006,ses-01,Fp1,7,4,2,0,24.2152,8.6339,12.1801,4.3971,0.0000,6.0846,5.9893,5.8774,5.0921,6.4588,66.1218,1.0000
sub-006,ses-01,Fp1,8,4,2,0,16.4519,3.1919,9.6954,3.6200,0.0000,4.2746,6.2494,6.2141,7.6314,7.1366,47.4026,1.0000
sub-006,ses-01,Fp1,9,4,2,0,5.3700,2.1424,16.3633,6.4894,0.0000,4.9440,6.6834,6.6143,11.3961,6.3179,27.9282,9.0000
sub-006,ses-01,Fp1,10,2,2,0,6.2103,6.8542,8.5553,4.3392,0.0000,3.7209,5.8333,5.7977,5.8962,5.2050,26.8002,9.0000
sub-006,ses-01,Fp1,11,2,4,0,23.0470,11.1093,5.6931,4.1391,0.0000,5.2231,5.8115,5.6966,7.9200,5.2733,50.3818,1.0000
sub-006,ses-01,Fp1,12,2,2,0,9.3485,13.8969,6.8345,6.0948,0.0000,4.9586,5.6191,5.5597,8.0529,6.7590,31.0628,4.0000
sub-006,ses-01,Fp1,13,2,4,0,23.0134,4.3088,9.0567,3.0349,0.0000,4.7228,6.8812,6.7664,7.7683,6.2103,69.4998,1.0000
sub-006,ses-01,Fp1,14,2,4,0,9.9147,3.2543,12.6915,4.3960,0.0000,4.3250,6.5749,6.5247,10.9652,6.2060,31.8351,9.0000
sub-006,ses-01,Fp1,15,2,2,0,9.9546,6.6072,14.2179,3.9080,0.0000,4.7060,5.7186,5.6700,4.2033,5.7225,49.5289,9.0000
sub-006,ses-01,Fp1,16,2,2,0,10.1369,12.3425,8.7055,4.6500,0.0000,4.7117,5.4928,5.4093,7.1859,5.4951,38.1203,7.0000
sub-006,ses-01,Fp1,17,4,2,0,28.0375,7.1511,7.2134,4.1003,0.0000,5.5195,6.4469,6.3002,7.3698,6.4603,74.3864,1.0000
sub-006,ses-01,Fp1,18,4,2,0,4.3761,1.8484,12.6426,6.6830,0.0000,4.3635,4.7749,4.7075,4.4855,4.4959,26.6052,22.0000
sub-006,ses-01,Fp1,19,4,2,0,13.3406,3.7629,13.7698,5.0500,0.0000,5.0391,5.9997,5.9436,7.5499,6.4553,37.8073,9.0000
sub-006,ses-01,Fp1,20,2,2,0,14.7436,4.3276,4.4870,3.3476,0.0000,3.4122,5.6136,5.5978,6.9390,7.2396,53.1284,1.0000
sub-006,ses-01,Fp1,21,4,2,0,3.8350,3.6864,11.8772,4.4841,0.0000,3.7126,6.7197,6.7052,14.1096,7.3928,27.7067,9.0000
sub-006,ses-01,Fp1,22,2,4,0,7.6447,2.9666,5.7818,5.0452,0.0000,3.3192,4.8380,4.8116,4.7927,4.3236,16.7028,2.0000
sub-006,ses-01,Fp1,23,4,2,0,16.6784,3.3103,3.8166,3.2447,0.0000,3.3729,6.2294,6.2130,5.5345,8.2932,42.9042,1.0000
sub-006,ses-01,Fp1,24,4,2,0,15.1643,5.4117,5.9313,3.1699,0.0000,3.7000,5.2627,5.1868,4.0109,4.9693,40.6845,1.0000
sub-006,ses-01,Fp1,25,4,2,0,28.6612,4.7948,10.6052,3.0539,0.0000,5.5153,6.3128,6.1969,6.4427,6.5499,69.4814,1.0000
sub-006,ses-01,Fp1,26,2,2,0,6.1166,5.3082,12.3059,3.7471,0.0000,3.9127,5.4986,5.4541,7.8815,5.8226,34.0309,9.0000
sub-006,ses-01,Fp1,27,2,2,0,22.7964,3.2619,7.7088,1.2948,0.0000,3.8911,5.4557,5.3614,7.7587,5.1041,69.7117,1.0000
sub-006,ses-01,Fp1,28,2,4,0,6.9904,8.5250,9.7754,6.8137,0.0000,4.8673,5.8699,5.8133,10.6742,5.2653,32.7132,9.0000
sub-006,ses-01,C3,0,2,2,0,3.2385,5.5124,10.7990,3.5454,0.0000,3.3927,5.6447,5.6396,4.5584,5.1157,12.9240,8.0000
sub-006,ses-01,C3,1,2,4,0,13.7989,9.7793,9.8391,6.7979,0.0000,5.6214,6.7356,6.6092,8.3217,5.5677,40.9955,1.0000
sub-006,ses-01,C3,2,2,2,0,14.9462,2.0954,8.5739,6.0845,0.0000,4.6211,5.4742,5.3758,6.1119,5.6661,53.7390,1.0000
sub-006,ses-01,C3,3,4,2,0,8.4304,7.2302,7.9944,4.5167,0.0000,3.9378,5.3496,5.3230,6.3857,4.4394,28.7890,9.0000
sub-006,ses-01,C3,4,2,2,0,15.3503,5.2667,12.5008,2.3848,0.0000,4.3831,5.7061,5.6109,6.6839,5.5676,44.1786,1.0000
sub-006,ses-01,C3,5,2,2,0,2.8627,7.2912,4.4757,6.0050,0.0000,3.3845,5.3302,5.3097,11.6152,4.8257,19.5666,6.0000
sub-006,ses-01,C3,6,2,4,0,9.0558,6.2932,3.6350,2.8794,0.0000,2.8055,5.5422,5.5528,3.9081,6.0035,16.4109,2.0000
sub-006,ses-01,C3,7,4,2,0,19.2536,6.3560,9.4796,3.9169,0.0000,4.8892,5.4054,5.3140,4.4007,4.7372,48.2392,1.0000
sub-006,ses-01,C3,8,4,2,0,6.8809,9.0032,10.5989,4.5925,0.0000,4.3449,5.3114,5.2652,9.2173,5.3047,29.6158,9.0000
sub-006,ses-01,C3,9,4,2,0,3.4759,6.7420,14.6922,5.4204,0.0000,4.6393,6.1437,6.1068,10.0131,5.4405,32.3683,8.0000
sub-006,ses-01,C3,10,2,2,0,3.2077,4.6065,10.7067,3.1850,0.0000,3.1838,5.3455,5.3211,3.4467,6.3900,25.8361,10.0000
sub-006,ses-01,C3,11,2,4,0,13.4260,9.3442,2.4232,4.1861,0.0000,3.7218,5.2532,5.2437,7.0198,4.1699,25.5457,1.0000
sub-006,ses-01,C3,12,2,2,0,9.4733,5.6206,6.5322,4.7531,0.0000,3.7526,5.2899,5.2632,6.6821,5.5016,20.2343,10.0000
sub-006,ses-01,C3,13,2,4,0,21.1466,11.2772,6.8584,3.8336,0.0000,5.1322,5.2712,5.1978,4.9559,4.6352,49.1144,1.0000
sub-006,ses-01,C3,14,2,4,0,16.6379,2.1263,8.4041,5.4285,0.0000,4.5593,6.2145,6.1734,6.4224,5.9181,24.7748,2.0000
sub-006,ses-01,C3,15,2,2,0,18.4802,7.5996,12.8106,3.3889,0.0000,5.2381,5.8503,5.7721,9.3151,6.6684,35.5602,10.0000
sub-006,ses-01,C3,16,2,2,0,6.4536,8.9510,9.0888,3.6034,0.0000,3.7906,5.5330,5.4965,6.1429,4.3603,27.0183,7.0000
sub-006,ses-01,C3,17,4,2,0,7.6742,3.0545,5.9397,2.7700,0.0000,2.6643,5.3885,5.3825,6.1408,6.1284,17.7957,1.0000
sub-006,ses-01,C3,18,4,2,0,10.7756,8.4044,14.0095,7.3684,0.0000,5.9666,5.5576,5.4468,8.1690,5.0635,44.9907,8.0000
sub-006,ses-01,C3,19,4,2,0,8.9887,7.6492,7.5841,6.3636,0.0000,4.5298,5.9455,5.9182,6.8626,5.6600,17.2628,9.0000
sub-006,ses-01,C3,20,2,2,0,8.5436,5.7688,8.7929,5.0407,0.0000,4.0822,5.8649,5.8150,10.4998,6.6422,21.3492,9.0000
sub-006,ses-01,C3,21,4,2,0,12.6652,4.1071,8.6847,2.9448,0.0000,3.6623,5.2452,5.1927,4.0806,5.6242,40.1319,1.0000
sub-006,ses-01,C3,22,2,4,0,14.0170,8.3049,9.4082,5.7932,0.0000,5.1407,6.5239,6.4659,8.1469,6.8705,32.1230,2.0000
sub-006,ses-01,C3,23,4,2,0,7.0637,9.4870,4.5984,6.3355,0.0000,4.0966,4.9966,4.9584,5.4665,5.1126,19.5388,4.0000
sub-006,ses-01,C3,24,4,2,0,3.9380,4.5572,6.0571,4.8567,0.0000,3.1038,4.9862,4.9856,9.2552,5.9107,16.0131,13.0000
sub-006,ses-01,C3,25,4,2,0,4.2055,4.4586,2.5829,6.9255,0.0000,3.2601,5.7764,5.7782,7.8764,5.3409,31.9860,19.0000
sub-006,ses-01,C3,26,2,2,0,12.2031,4.7004,6.9634,3.5870,0.0000,3.6285,5.2513,5.2270,10.5214,5.3042,27.6464,2.0000
sub-006,ses-01,C3,27,2,2,0,4.3988,7.9905,3.5929,2.5001,0.0000,2.4097,5.3632,5.3723,5.8587,5.4140,14.6349,6.0000
sub-006,ses-01,C3,28,2,4,0,3.1020,5.6424,11.4988,6.1200,0.0000,4.2682,5.8291,5.7858,7.9374,3.9971,31.5383,9.0000
sub-006,ses-01,CP3,0,2,2,0,14.4682,8.5959,8.0916,4.2434,0.0000,4.5575,5.1211,5.0557,5.0791,5.2817,25.9504,2.0000
sub-006,ses-01,CP3,1,2,4,0,3.5004,4.9209,7.2076,4.8127,0.0000,3.2441,5.5452,5.5271,6.4120,6.1811,19.6051,15.0000
sub-006,ses-01,CP3,2,2,2,0,11.9660,8.1749,8.1494,5.2112,0.0000,4.5862,5.3259,5.2484,4.3550,5.6608,36.0142,1.0000
sub-006,ses-01,CP3,3,4,2,0,13.4294,3.1618,7.7177,2.6987,0.0000,3.4361,5.2468,5.2253,5.8339,4.2856,40.6281,1.0000
sub-006,ses-01,CP3,4,2,2,0,14.1623,3.8285,8.9375,2.8720,0.0000,3.7889,5.7394,5.6889,6.2082,5.7548,38.4756,1.0000
sub-006,ses-01,CP3,5,2,2,0,2.3342,3.7974,5.0751,5.8014,0.0000,3.0324,5.8373,5.8548,4.6845,5.9295,15.0263,18.0000
sub-006,ses-01,CP3,6,2,4,0,3.6908,2.0170,4.2338,3.8186,0.0000,2.2762,5.2199,5.2341,4.5854,5.4476,12.7300,20.0000
sub-006,ses-01,CP3,7,4,2,0,20.8824,5.2248,4.9899,3.9925,0.0000,4.3319,5.0329,4.9114,3.4412,6.1281,61.2731,1.0000
sub-006,ses-01,CP3,8,4,2,0,9.1073,5.1791,8.1554,4.1564,0.0000,3.7235,5.3876,5.3642,6.6910,6.4251,23.8430,9.0000
sub-006,ses-01,CP3,9,4,2,0,3.4397,9.0888,7.3994,4.8671,0.0000,3.6694,6.1384,6.1287,7.7819,5.0491,24.4710,7.0000
sub-006,ses-01,CP3,10,2,2,0,3.4144,6.3753,4.2288,2.6472,0.0000,2.3010,5.1749,5.1820,6.7487,5.8628,11.9273,19.0000
sub-006,ses-01,CP3,11,2,4,0,13.0593,7.6176,3.5129,3.3540,0.0000,3.4276,4.8459,4.7803,5.4750,4.9685,32.8324,1.0000
sub-006,ses-01,CP3,12,2,2,0,5.2247,4.5042,8.8909,4.1434,0.0000,3.3983,5.0566,5.0354,3.3319,4.2790,18.4492,9.0000
sub-006,ses-01,CP3,13,2,4,0,22.7414,8.9126,7.9453,3.6314,0.0000,5.1511,6.0179,5.9534,7.2973,5.5940,66.1691,1.0000
sub-006,ses-01,CP3,14,2,4,0,12.7047,4.4360,6.0340,3.7953,0.0000,3.5839,6.1570,6.1509,4.7242,5.4317,19.8477,1.0000
sub-006,ses-01,CP3,15,2,2,0,6.3309,2.2887,10.8686,3.9423,0.0000,3.5102,5.5815,5.5234,6.9954,6.3056,42.6819,10.0000
sub-006,ses-01,CP3,16,2,2,0,8.8860,5.3495,5.2592,3.8699,0.0000,3.2280,5.4844,5.4786,5.7201,5.6250,17.2728,1.0000
sub-006,ses-01,CP3,17,4,2,0,10.6624,5.1369,1.6889,5.6939,0.0000,3.4268,5.2859,5.2681,5.1757,4.2799,23.9919,17.0000
sub-006,ses-01,CP3,18,4,2,0,15.4970,3.8214,9.2552,4.8314,0.0000,4.5491,5.4991,5.4142,5.1410,5.4741,55.1099,1.0000
sub-006,ses-01,CP3,19,4,2,0,14.7360,5.8582,6.9137,3.6039,0.0000,3.9700,5.7369,5.7228,3.1306,6.1721,27.1158,2.0000
sub-006,ses-01,CP3,20,2,2,0,4.7812,6.6212,5.4450,3.8109,0.0000,2.9726,5.5268,5.5310,7.1994,4.7920,20.7712,7.0000
sub-006,ses-01,CP3,21,4,2,0,13.6692,5.9926,8.0465,2.9408,0.0000,3.8409,6.3460,6.3008,7.0005,6.3758,35.4058,1.0000
sub-006,ses-01,CP3,22,2,4,0,3.5695,7.7128,5.3616,5.4044,0.0000,3.4315,6.0546,6.0491,6.3281,7.3397,18.7984,21.0000
sub-006,ses-01,CP3,23,4,2,0,33.9643,18.8576,18.0311,9.0158,0.0000,10.1553,13.7492,13.6283,14.4765,11.4659,61.3144,2.0000
sub-006,ses-01,CP3,24,4,2,0,14.7413,2.5297,5.4720,5.4616,0.0000,4.0213,5.0020,4.9478,7.1381,4.2133,44.1601,1.0000
sub-006,ses-01,CP3,25,4,2,0,10.9546,4.8657,6.8594,4.4207,0.0000,3.7653,5.5393,5.5209,6.0458,6.7448,32.0312,1.0000
sub-006,ses-01,CP3,26,2,2,0,8.9324,2.9745,7.8644,3.7099,0.0000,3.3266,5.2535,5.2471,8.6548,6.7357,20.4889,16.0000
sub-006,ses-01,CP3,27,2,2,0,7.8742,4.8650,4.8047,3.7246,0.0000,2.9815,5.5363,5.5417,7.0449,6.3330,25.0244,1.0000
sub-006,ses-01,CP3,28,2,4,0,18.1987,1.4104,5.9678,4.7483,0.0000,4.0924,7.3921,7.3653,7.6457,5.1961,44.8703,2.0000
sub-006,ses-01,O1,0,2,2,0,7.1899,5.0498,4.4450,3.8778,0.0000,2.9312,4.6412,4.6255,6.3581,4.5200,15.6830,2.0000
sub-006,ses-01,O1,1,2,4,0,6.5575,0.6847,8.5544,2.1195,0.0000,2.5081,5.4490,5.4646,5.4675,5.0074,17.7780,9.0000
sub-006,ses-01,O1,2,2,2,0,6.6478,1.9595,7.1766,2.8409,0.0000,2.6609,5.3611,5.3779,5.8477,5.3933,15.6243,1.0000
sub-006,ses-01,O1,3,4,2,0,6.4089,8.0846,10.7220,3.1055,0.0000,3.7832,6.4757,6.4478,5.9803,8.1661,26.6992,9.0000
sub-006,ses-01,O1,4,2,2,0,11.1874,4.6552,5.3184,7.8319,0.0000,4.5836,4.9391,4.8679,3.9938,4.1581,31.5180,1.0000
sub-006,ses-01,O1,5,2,2,0,13.2744,7.3587,7.4503,5.7872,0.0000,4.7086,5.6103,5.5454,5.5942,4.1443,36.2218,1.0000
sub-006,ses-01,O1,6,2,4,0,10.1633,11.8040,7.4044,3.7616,0.0000,4.2139,6.2932,6.2685,5.9166,6.7284,24.2170,7.0000
sub-006,ses-01,O1,7,4,2,0,3.0829,4.6958,8.0568,1.7702,0.0000,2.3830,5.6015,5.6264,6.9987,6.1336,15.5220,9.0000
sub-006,ses-01,O1,8,4,2,0,17.3654,6.7899,3.2300,3.1713,0.0000,3.6565,6.1784,6.1454,6.2293,6.4841,47.8802,1.0000
sub-006,ses-01,O1,9,4,2,0,15.4267,1.0572,5.0277,5.9511,0.0000,4.0341,5.9549,5.9163,5.2121,5.5089,53.0061,1.0000
sub-006,ses-01,O1,10,2,2,0,17.8267,4.9884,9.9705,2.9085,0.0000,4.3929,6.0550,5.9910,7.3107,5.3818,52.2916,1.0000
sub-006,ses-01,O1,11,2,4,0,11.3583,3.8622,9.2194,6.6906,0.0000,4.7250,6.0557,6.0037,7.7460,6.6480,37.1484,1.0000
sub-006,ses-01,O1,12,2,2,0,10.7393,4.9924,4.4387,4.3908,0.0000,3.4102,4.9926,4.9270,5.2999,5.4592,38.8204,1.0000
sub-006,ses-01,O1,13,2,4,0,21.5588,4.8342,9.0172,4.7712,0.0000,5.1558,6.2702,6.1341,7.1222,5.4790,66.0536,1.0000
sub-006,ses-01,O1,14,2,4,0,21.5472,2.2584,10.7223,5.7127,0.0000,5.4377,5.8088,5.7117,5.7749,6.7306,52.6694,1.0000
sub-006,ses-01,O1,15,2,2,0,7.8832,5.5777,11.5306,1.9868,0.0000,3.4618,5.7281,5.7029,7.8652,5.4903,22.4435,10.0000
sub-006,ses-01,O1,16,2,2,0,17.2566,4.5363,4.9243,5.0848,0.0000,4.2516,5.5841,5.5066,6.0866,6.8291,49.1492,1.0000
sub-006,ses-01,O1,17,4,2,0,13.4137,1.3622,6.7974,3.5137,0.0000,3.3853,6.7831,6.7957,7.7174,7.0430,40.7828,1.0000
sub-006,ses-01,O1,18,4,2,0,19.5600,3.4034,3.7530,2.6800,0.0000,3.4700,5.1897,5.1134,3.6047,5.5223,64.3022,1.0000
sub-006,ses-01,O1,19,4,2,0,18.5568,4.2270,10.9256,1.6101,0.0000,4.1307,5.9159,5.8578,9.3825,5.0775,56.7449,1.0000
sub-006,ses-01,O1,20,2,2,0,7.5167,3.4673,10.4379,4.9056,0.0000,3.9613,5.3288,5.3057,5.9501,4.6801,22.7859,13.0000
sub-006,ses-01,O1,21,4,2,0,19.9398,7.0603,7.5306,3.6508,0.0000,4.6661,5.6696,5.5966,4.9013,6.1947,69.0348,1.0000
sub-006,ses-01,O1,22,2,4,0,13.2280,7.6582,5.6730,4.3605,0.0000,4.0528,5.7390,5.6936,8.4190,4.3491,43.7717,1.0000
sub-006,ses-01,O1,23,4,2,0,18.2089,2.7171,9.1809,3.9526,0.0000,4.4226,5.4377,5.3531,6.5188,6.2937,63.6138,1.0000
sub-006,ses-01,O1,24,4,2,0,24.4450,9.9006,5.8820,4.0600,0.0000,5.2431,5.7429,5.6471,3.3650,6.8836,47.7289,1.0000
sub-006,ses-01,O1,25,4,2,0,31.7701,10.8714,7.9230,4.2708,0.0000,6.3634,6.4375,6.2609,10.2751,6.5741,76.2559,1.0000
sub-006,ses-01,O1,26,2,2,0,2.7907,4.6053,4.9778,3.9830,0.0000,2.5867,5.4136,5.4209,4.2475,5.8660,22.2480,14.0000
sub-006,ses-01,O1,27,2,2,0,17.0353,6.8088,6.4672,4.9167,0.0000,4.6069,6.2034,6.1480,5.8244,6.9173,37.8643,1.0000
sub-006,ses-01,O1,28,2,4,0,6.4545,3.2284,6.4626,5.4271,0.0000,3.4432,5.4898,5.4734,7.2905,5.4841,15.8963,16.0000
sub-006,ses-01,Pz,0,2,2,0,8.3163,9.8364,7.2905,6.1134,0.0000,4.5541,5.1790,5.0809,4.7701,6.4888,23.7612,1.0000
sub-006,ses-01,Pz,1,2,4,0,11.7823,13.5749,3.6691,5.9484,0.0000,4.6691,6.2020,6.1589,9.2230,5.5664,24.9096,21.0000
sub-006,ses-01,Pz,2,2,2,0,23.0869,4.1227,5.9883,2.7820,0.0000,4.2078,5.9073,5.8334,5.6140,6.0131,66.6928,1.0000
sub-006,ses-01,Pz,3,4,2,0,16.0055,5.2106,11.0718,6.7960,0.0000,5.5731,6.5135,6.4108,4.8246,6.0404,52.9461,1.0000
sub-006,ses-01,Pz,4,2,2,0,26.6045,17.0760,10.8830,6.0957,0.0000,7.4247,6.4506,6.2785,11.5293,5.0233,73.9524,1.0000
sub-006,ses-01,Pz,5,2,2,0,6.2653,8.5379,6.7557,4.6161,0.0000,3.7153,5.6179,5.6034,4.9861,6.5007,17.2099,5.0000
sub-006,ses-01,Pz,6,2,4,0,22.9214,4.6833,5.9847,5.8450,0.0000,5.1700,5.9071,5.7770,4.6670,5.8872,63.8670,1.0000
sub-006,ses-01,Pz,7,4,2,0,17.6011,5.7003,8.0409,6.0907,0.0000,5.1309,5.4914,5.3795,9.0331,4.2642,46.7238,1.0000
sub-006,ses-01,Pz,8,4,2,0,4.6618,4.7354,4.2818,2.1200,0.0000,2.1126,5.6162,5.6507,6.1315,4.7613,13.0180,9.0000
sub-006,ses-01,Pz,9,4,2,0,4.7478,8.7238,6.4860,3.7428,0.0000,3.2897,5.4022,5.3843,6.9264,5.4486,21.6905,7.0000
sub-006,ses-01,Pz,10,2,2,0,10.1692,3.4516,8.3548,3.7169,0.0000,3.5566,6.1595,6.1277,6.0971,6.0241,19.0676,10.0000
sub-006,ses-01,Pz,11,2,4,0,11.2144,3.4737,4.8964,3.1010,0.0000,2.9871,5.2305,5.2096,6.3503,5.4887,17.6002,1.0000
sub-006,ses-01,Pz,12,2,2,0,16.9253,7.6290,5.5038,4.8530,0.0000,4.5193,6.0016,5.9724,12.8203,6.3453,35.3709,1.0000
sub-006,ses-01,Pz,13,2,4,0,10.6357,2.0688,6.1325,4.3465,0.0000,3.3516,6.2194,6.2186,5.5574,4.7956,18.8950,12.0000
sub-006,ses-01,Pz,14,2,4,0,15.0206,4.3990,11.1966,4.2199,0.0000,4.6446,5.2197,5.1487,4.8295,3.9347,34.7802,3.0000
sub-006,ses-01,Pz,15,2,2,0,14.1967,8.3726,9.8649,4.8170,0.0000,4.9323,6.2271,6.1729,8.8296,6.7935,27.3856,9.0000
sub-006,ses-01,Pz,16,2,2,0,15.2503,9.1101,9.0518,3.7794,0.0000,4.6717,5.7026,5.6534,4.7734,4.8340,33.1322,1.0000
sub-006,ses-01,Pz,17,4,2,0,20.1436,5.2263,5.4223,4.6894,0.0000,4.5343,5.5796,5.5074,4.7860,5.6448,59.6390,1.0000
sub-006,ses-01,Pz,18,4,2,0,25.2215,10.2904,4.3471,5.1423,0.0000,5.4646,5.3117,5.2218,6.7132,4.2501,66.7231,1.0000
sub-006,ses-01,Pz,19,4,2,0,8.3890,7.4643,7.2018,2.3329,0.0000,3.1849,6.1380,6.1378,7.6522,6.2662,14.4671,9.0000
sub-006,ses-01,Pz,20,2,2,0,8.6715,4.9349,6.8457,5.0695,0.0000,3.7536,6.3537,6.3485,5.5352,7.5080,22.8837,18.0000
sub-006,ses-01,Pz,21,4,2,0,5.9483,6.8405,5.8266,4.8652,0.0000,3.4735,5.7445,5.7319,10.4089,5.3614,16.1597,7.0000
sub-006,ses-01,Pz,22,2,4,0,9.1292,6.8487,13.4696,4.7214,0.0000,4.7932,6.0966,6.0412,6.7690,7.3018,20.6370,9.0000
sub-006,ses-01,Pz,23,4,2,0,9.2478,8.1722,8.4084,1.9866,0.0000,3.3943,5.4984,5.4823,8.1955,6.1104,17.5007,1.0000
sub-006,ses-01,Pz,24,4,2,0,6.1228,3.4331,5.1099,4.3485,0.0000,2.9166,5.6835,5.6976,5.9773,5.8462,14.2509,14.0000
sub-006,ses-01,Pz,25,4,2,0,18.4762,7.2438,5.7138,4.2465,0.0000,4.4737,5.3106,5.2529,5.2657,4.3091,43.1145,1.0000
sub-006,ses-01,Pz,26,2,2,0,11.7120,11.6375,7.7668,3.1568,0.0000,4.2102,5.7773,5.7375,11.4267,5.4241,24.1342,1.0000
sub-006,ses-01,Pz,27,2,2,0,17.9936,9.9983,8.1564,2.6038,0.0000,4.5292,5.9686,5.9003,7.1401,7.7481,35.7860,1.0000
sub-006,ses-01,Pz,28,2,4,0,13.7074,1.9815,7.3130,4.3010,0.0000,3.7802,5.8466,5.8131,11.7718,5.7875,44.6973,1.0000
sub-006,ses-01,Fp2,0,2,2,0,4.4845,5.9549,9.9261,5.3886,0.0000,3.9853,5.2981,5.2611,7.3723,5.3033,34.8202,8.0000
sub-006,ses-01,Fp2,1,2,4,0,12.8115,12.9612,6.4093,6.2699,0.0000,5.1873,5.1922,5.0720,6.2948,4.5129,38.1052,1.0000
sub-006,ses-01,Fp2,2,2,2,0,23.7307,2.1442,4.7940,4.9445,0.0000,4.5708,5.5152,5.4036,7.8577,6.3089,64.9943,1.0000
sub-006,ses-01,Fp2,3,4,2,0,17.9082,3.9975,12.5292,2.9777,0.0000,4.6862,6.6326,6.5806,12.2842,5.8505,46.7450,1.0000
sub-006,ses-01,Fp2,4,2,2,0,7.8006,5.8849,20.3394,5.7803,0.0000,5.8587,6.2390,6.1381,9.6451,8.1799,51.3478,9.0000
sub-006,ses-01,Fp2,5,2,2,0,5.3284,12.6002,9.3464,4.1517,0.0000,4.2271,6.4023,6.3478,8.9178,7.4085,23.9546,8.0000
sub-006,ses-01,Fp2,6,2,4,0,20.1910,12.4499,9.9354,2.4246,0.0000,5.1557,7.0860,7.0088,8.2760,6.4647,48.1755,1.0000
sub-006,ses-01,Fp2,7,4,2,0,24.1280,2.8683,9.8175,2.5194,0.0000,4.6428,5.9504,5.8654,7.7894,5.5733,64.5839,1.0000
sub-006,ses-01,Fp2,8,4,2,0,4.7829,3.9872,9.3181,4.1753,0.0000,3.3783,5.8990,5.8932,7.7849,5.8849,19.1609,8.0000
sub-006,ses-01,Fp2,9,4,2,0,10.6320,7.0227,14.6863,4.3275,0.0000,4.9998,7.2497,7.1906,13.8164,6.6476,32.1008,1.0000
sub-006,ses-01,Fp2,10,2,2,0,8.5544,5.8102,9.2252,3.7811,0.0000,3.7666,6.0738,6.0562,4.9798,5.4309,27.0893,9.0000
sub-006,ses-01,Fp2,11,2,4,0,17.6495,13.9291,7.5283,3.6343,0.0000,5.0868,6.1115,6.0298,5.3624,4.6833,42.3404,1.0000
sub-006,ses-01,Fp2,12,2,2,0,15.5076,17.3605,5.9148,4.6956,0.0000,5.3024,6.1896,6.1605,9.6200,7.7764,45.8350,4.0000
sub-006,ses-01,Fp2,13,2,4,0,24.4237,2.1397,8.5520,3.7995,0.0000,4.8130,6.4240,6.3016,7.0133,6.0855,66.7162,1.0000
sub-006,ses-01,Fp2,14,2,4,0,9.3023,3.7585,10.8914,4.5504,0.0000,4.1104,6.0785,6.0344,7.3310,6.2575,28.2845,9.0000
sub-006,ses-01,Fp2,15,2,2,0,4.3771,4.4748,12.7795,4.2286,0.0000,3.8850,5.3781,5.3424,4.3854,6.9103,48.0070,9.0000
sub-006,ses-01,Fp2,16,2,2,0,7.8716,9.9252,7.1317,2.1800,0.0000,3.3097,5.5196,5.5076,7.3215,6.7868,37.9649,7.0000
sub-006,ses-01,Fp2,17,4,2,0,28.7217,7.4979,7.6153,4.9790,0.0000,5.9371,6.3636,6.2070,6.4763,6.2648,70.5171,1.0000
sub-006,ses-01,Fp2,18,4,2,0,3.1773,2.8310,8.2023,7.4351,0.0000,3.9512,5.1472,5.0887,4.3187,4.2911,39.2199,22.0000
sub-006,ses-01,Fp2,19,4,2,0,3.6200,5.1814,13.7292,3.8329,0.0000,3.8932,5.8063,5.7687,9.4238,5.7454,39.4453,9.0000
sub-006,ses-01,Fp2,20,2,2,0,16.6578,6.1032,5.2801,2.6363,0.0000,3.6511,5.7263,5.6868,8.3323,7.4374,47.7387,1.0000
sub-006,ses-01,Fp2,21,4,2,0,6.3358,3.0969,14.2220,5.7446,0.0000,4.5987,6.6017,6.5604,12.0997,7.8617,31.0345,9.0000
sub-006,ses-01,Fp2,22,2,4,0,4.5662,3.1060,4.0656,4.2598,0.0000,2.5688,5.7614,5.7424,5.5848,5.4680,19.0313,17.0000
sub-006,ses-01,Fp2,23,4,2,0,9.3814,5.2604,4.4103,2.8729,0.0000,2.8460,5.9210,5.9366,5.7011,8.5414,20.6402,1.0000
sub-006,ses-01,Fp2,24,4,2,0,13.5207,4.4945,5.5340,3.3321,0.0000,3.4554,4.9675,4.9003,4.9254,5.2018,39.9902,1.0000
sub-006,ses-01,Fp2,25,4,2,0,20.6282,3.7503,10.6990,4.1276,0.0000,5.0085,6.2820,6.1852,5.7938,6.9932,70.3537,1.0000
sub-006,ses-01,Fp2,26,2,2,0,3.4811,5.4332,14.3362,5.0640,0.0000,4.3606,5.7730,5.7220,8.3466,6.7198,41.4211,9.0000
sub-006,ses-01,Fp2,27,2,2,0,21.0170,1.4712,8.4358,3.5396,0.0000,4.3391,5.7644,5.6780,8.5264,5.2193,67.0480,1.0000
sub-006,ses-01,Fp2,28,2,4,0,4.5229,4.7547,11.2194,6.0346,0.0000,4.2529,6.3374,6.2949,14.1454,6.6163,34.8307,9.0000
sub-006,ses-01,Fz,0,2,2,0,4.8436,3.9389,7.5479,3.8191,0.0000,3.0248,5.4891,5.4856,9.4561,5.4337,21.8774,8.0000
sub-006,ses-01,Fz,1,2,4,0,11.3148,10.5021,5.2934,4.6104,0.0000,4.1619,5.4581,5.4130,8.7153,5.0201,30.9230,1.0000
sub-006,ses-01,Fz,2,2,2,0,16.3808,3.4507,5.3996,6.8431,0.0000,4.6671,5.2043,5.1361,4.8621,6.0170,39.5961,1.0000
sub-006,ses-01,Fz,3,4,2,0,4.3059,3.0921,11.7681,3.8582,0.0000,3.4967,6.2504,6.2471,14.8025,5.5768,22.0276,9.0000
sub-006,ses-01,Fz,4,2,2,0,19.4240,3.4019,19.3502,4.5754,0.0000,6.2066,5.9423,5.8002,9.4858,7.1158,70.4199,1.0000
sub-006,ses-01,Fz,5,2,2,0,3.5405,5.3912,10.2712,4.4889,0.0000,3.6212,5.7702,5.7576,11.7908,6.1379,23.1493,8.0000
sub-006,ses-01,Fz,6,2,4,0,28.9998,10.7816,8.0286,4.0067,0.0000,6.0322,7.9487,7.8177,7.0592,7.0365,63.8913,1.0000
sub-006,ses-01,Fz,7,4,2,0,13.1424,1.9735,9.6064,4.3869,0.0000,4.0728,5.8211,5.7721,10.2154,6.5756,49.0486,1.0000
sub-006,ses-01,Fz,8,4,2,0,8.5886,7.2429,9.2794,4.3637,0.0000,4.0868,6.8297,6.8175,10.9540,7.5426,26.9300,8.0000
sub-006,ses-01,Fz,9,4,2,0,7.5251,8.0102,15.7512,2.5062,0.0000,4.4007,5.6801,5.6312,13.3815,4.7057,34.0046,9.0000
sub-006,ses-01,Fz,10,2,2,0,6.1778,9.0605,9.1428,3.1602,0.0000,3.6487,5.5032,5.4661,6.9034,5.1289,27.5949,10.0000
sub-006,ses-01,Fz,11,2,4,0,20.1283,9.9420,5.4030,5.0695,0.0000,5.0838,5.9018,5.8319,6.0455,6.0317,46.9732,1.0000
sub-006,ses-01,Fz,12,2,2,0,5.9707,7.9577,6.4469,5.2015,0.0000,3.7678,6.3667,6.3632,11.9452,7.2445,19.9172,7.0000
sub-006,ses-01,Fz,13,2,4,0,16.2387,9.2621,8.9390,4.9329,0.0000,5.1108,5.5331,5.4309,4.6540,6.4464,40.9812,1.0000
sub-006,ses-01,Fz,14,2,4,0,10.1139,2.7711,12.5908,6.1977,0.0000,4.8292,5.9412,5.8809,10.1644,5.9127,34.6113,9.0000
sub-006,ses-01,Fz,15,2,2,0,7.6387,6.2772,14.4779,4.4358,0.0000,4.6557,5.5894,5.5262,4.7007,5.5533,60.5524,9.0000
sub-006,ses-01,Fz,16,2,2,0,7.3018,11.4034,8.9125,3.4425,0.0000,4.0244,5.2615,5.2128,7.6200,5.8736,32.6082,7.0000
sub-006,ses-01,Fz,17,4,2,0,27.4341,4.1708,7.0390,3.0330,0.0000,4.8391,6.1951,6.0809,8.1476,5.9237,72.4562,1.0000
sub-006,ses-01,Fz,18,4,2,0,20.8023,3.6675,8.8620,7.3794,0.0000,5.7438,6.0961,5.9708,6.3432,4.3459,68.8980,1.0000
sub-006,ses-01,Fz,19,4,2,0,14.6562,4.4150,13.8427,3.6122,0.0000,4.7976,5.6328,5.5730,7.9034,6.1653,47.2080,9.0000
sub-006,ses-01,Fz,20,2,2,0,7.6300,5.5061,7.2758,5.8593,0.0000,4.0086,6.3122,6.2995,6.4881,7.8948,24.7491,22.0000
sub-006,ses-01,Fz,21,4,2,0,7.3563,8.0402,10.7061,4.6811,0.0000,4.3413,6.6005,6.5989,12.0238,7.7952,22.8117,4.0000
sub-006,ses-01,Fz,22,2,4,0,6.0531,5.1884,5.8814,3.5553,0.0000,2.9412,5.5465,5.5550,6.9528,4.8442,11.2845,12.0000
sub-006,ses-01,Fz,23,4,2,0,16.5032,8.4525,4.5864,3.2253,0.0000,3.9365,5.8735,5.8120,4.7420,8.0474,49.5247,1.0000
sub-006,ses-01,Fz,24,4,2,0,21.1616,1.4206,6.3131,3.0424,0.0000,3.9013,4.9821,4.8770,5.7013,5.8583,58.8866,1.0000
sub-006,ses-01,Fz,25,4,2,0,23.6519,4.7871,10.2935,5.3859,0.0000,5.7101,6.2933,6.1560,6.0119,7.8818,74.5254,1.0000
sub-006,ses-01,Fz,26,2,2,0,5.3678,5.8546,12.1803,4.8080,0.0000,4.1971,5.1385,5.0957,5.3086,6.1229,26.8343,9.0000
sub-006,ses-01,Fz,27,2,2,0,15.3837,1.8518,8.5943,2.0615,0.0000,3.4258,5.2248,5.1956,6.0866,5.1968,34.6459,1.0000
sub-006,ses-01,Fz,28,2,4,0,3.2320,5.9634,12.7191,6.6217,0.0000,4.6321,6.6233,6.5857,16.0453,6.6719,38.3379,9.0000
sub-006,ses-01,FCz,0,2,2,0,3.0263,3.0625,5.9926,4.3901,0.0000,2.7298,5.2199,5.1930,9.2787,4.3728,18.8716,8.0000
sub-006,ses-01,FCz,1,2,4,0,4.7297,10.6022,4.9327,4.2771,0.0000,3.4076,5.8211,5.8179,7.2381,5.9222,27.0512,6.0000
sub-006,ses-01,FCz,2,2,2,0,12.1082,2.8905,7.6960,7.0141,0.0000,4.5896,5.6980,5.6231,6.7720,5.2387,43.0909,1.0000
sub-006,ses-01,FCz,3,4,2,0,9.2831,4.2678,10.6930,5.7442,0.0000,4.4892,6.1094,6.0580,12.3246,6.3732,27.5305,9.0000
sub-006,ses-01,FCz,4,2,2,0,6.2070,3.5479,17.4805,3.6407,0.0000,4.4473,6.4555,6.4194,8.4485,6.2000,49.2571,9.0000
sub-006,ses-01,FCz,5,2,2,0,8.6654,3.6667,9.9288,4.6091,0.0000,3.9260,6.0539,6.0289,13.6680,6.4274,27.6579,1.0000
sub-006,ses-01,FCz,6,2,4,0,21.6296,9.5544,6.1179,3.4933,0.0000,4.8106,7.8027,7.7273,6.6695,7.1521,53.5164,1.0000
sub-006,ses-01,FCz,7,4,2,0,11.9047,2.2048,9.4444,5.0040,0.0000,4.1432,5.9106,5.8675,9.9848,7.0341,37.9503,1.0000
sub-006,ses-01,FCz,8,4,2,0,10.4500,6.3033,7.4791,5.5078,0.0000,4.2672,6.2544,6.1922,9.7723,5.3040,25.4499,8.0000
sub-006,ses-01,FCz,9,4,2,0,8.2647,8.1707,14.0509,2.1873,0.0000,4.1508,5.2080,5.1544,11.3196,4.9008,34.0323,8.0000
sub-006,ses-01,FCz,10,2,2,0,7.3921,10.4189,8.1275,2.8214,0.0000,3.6439,5.9319,5.9038,6.0424,5.5165,28.3807,10.0000
sub-006,ses-01,FCz,11,2,4,0,25.2511,9.7679,6.2480,5.1005,0.0000,5.6714,5.7998,5.7098,6.4290,6.1494,57.5464,1.0000
sub-006,ses-01,FCz,12,2,2,0,7.0757,8.1626,4.1146,4.6792,0.0000,3.4063,6.3197,6.3149,13.1515,6.6967,23.6593,7.0000
sub-006,ses-01,FCz,13,2,4,0,10.5151,8.0036,8.1762,4.1304,0.0000,4.1123,5.6333,5.6058,4.7213,6.0760,32.4985,9.0000
sub-006,ses-01,FCz,14,2,4,0,13.5215,3.2712,9.5115,5.2419,0.0000,4.4741,5.8533,5.8003,8.4326,5.6589,32.0214,3.0000
sub-006,ses-01,FCz,15,2,2,0,11.7625,5.1182,15.7132,3.5584,0.0000,4.8386,5.8752,5.8110,7.1115,5.7240,58.0849,9.0000
sub-006,ses-01,FCz,16,2,2,0,8.4639,9.0648,8.8041,4.0635,0.0000,4.0876,5.3415,5.2914,8.2679,5.7231,32.0102,7.0000
sub-006,ses-01,FCz,17,4,2,0,21.4158,2.7887,6.0073,3.5465,0.0000,4.1620,6.5639,6.5271,8.7438,6.6150,61.5562,1.0000
sub-006,ses-01,FCz,18,4,2,0,11.4551,4.4604,8.7890,7.0159,0.0000,4.8280,5.7887,5.7190,8.1658,4.6463,29.2129,1.0000
sub-006,ses-01,FCz,19,4,2,0,13.2803,4.3844,11.5473,4.3256,0.0000,4.5622,5.7114,5.6596,8.0901,6.0926,48.2594,9.0000
sub-006,ses-01,FCz,20,2,2,0,8.2488,5.5031,6.9172,5.7950,0.0000,3.9964,5.9897,5.9731,5.5950,7.3192,24.0133,9.0000
sub-006,ses-01,FCz,21,4,2,0,7.1770,3.6809,8.3255,4.3390,0.0000,3.4835,5.9190,5.9022,10.7374,6.7584,17.1531,1.0000
sub-006,ses-01,FCz,22,2,4,0,9.3160,4.0016,6.1589,3.1222,0.0000,3.0422,5.9607,5.9735,7.6508,6.5985,18.8613,1.0000
sub-006,ses-01,FCz,23,4,2,0,7.5022,8.4808,5.9726,4.5641,0.0000,3.7000,6.0680,6.0547,4.0787,8.9325,18.9219,15.0000
sub-006,ses-01,FCz,24,4,2,0,20.8367,3.8712,4.8564,4.2630,0.0000,4.2649,5.2113,5.1059,4.7664,6.1195,49.8344,1.0000
sub-006,ses-01,FCz,25,4,2,0,22.8394,6.5778,9.4366,4.4586,0.0000,5.4012,5.4028,5.2588,6.0714,5.8424,67.7916,1.0000
sub-006,ses-01,FCz,26,2,2,0,10.1594,6.6722,12.5002,5.1120,0.0000,4.8554,5.4870,5.4313,6.9151,6.1992,22.8813,9.0000
sub-006,ses-01,FCz,27,2,2,0,20.6253,1.1977,10.5696,3.8381,0.0000,4.6652,5.8822,5.7996,7.2735,5.6920,53.0359,1.0000
sub-006,ses-01,FCz,28,2,4,0,2.6521,4.3002,14.9339,5.5539,0.0000,4.4096,6.7104,6.6919,17.7167,7.5191,34.1928,9.0000
sub-006,ses-01,Cz,0,2,2,0,18.7543,3.4809,5.5420,4.4665,0.0000,4.1920,6.1525,6.1027,7.4108,5.9967,29.9492,1.0000
sub-006,ses-01,Cz,1,2,4,0,25.8392,12.8724,5.4304,3.8908,0.0000,5.5351,6.1915,6.0372,6.0599,6.9482,68.3850,1.0000
sub-006,ses-01,Cz,2,2,2,0,19.7144,2.5802,10.0287,5.0820,0.0000,5.0097,6.1227,6.0100,6.5587,4.7789,61.7582,1.0000
sub-006,ses-01,Cz,3,4,2,0,16.4027,6.8557,11.7198,2.6048,0.0000,4.5864,6.9031,6.8323,8.9243,8.7908,55.8862,1.0000
sub-006,ses-01,Cz,4,2,2,0,23.3128,4.3262,13.2412,3.4477,0.0000,5.4610,5.6955,5.5745,9.1819,6.1765,56.8420,1.0000
sub-006,ses-01,Cz,5,2,2,0,22.7909,6.0077,10.2698,4.4049,0.0000,5.4436,5.7894,5.6303,12.7491,6.1327,70.8896,1.0000
sub-006,ses-01,Cz,6,2,4,0,7.1958,5.7833,6.8652,4.4457,0.0000,3.5093,6.5872,6.5649,6.1328,7.1960,18.9261,9.0000
sub-006,ses-01,Cz,7,4,2,0,9.5561,8.9856,10.0924,5.3814,0.0000,4.7600,6.1169,6.0721,12.7385,4.7732,23.4753,4.0000
sub-006,ses-01,Cz,8,4,2,0,16.5081,8.4053,7.3279,5.1383,0.0000,4.8935,6.0749,6.0128,11.9516,2.9834,25.6937,2.0000
sub-006,ses-01,Cz,9,4,2,0,13.4611,6.3944,11.2660,4.5523,0.0000,4.7953,5.6301,5.5120,9.8502,5.4765,26.5063,1.0000
sub-006,ses-01,Cz,10,2,2,0,18.7586,8.4267,10.1532,4.5363,0.0000,5.3170,5.7701,5.6419,6.1315,5.8615,61.8781,1.0000
sub-006,ses-01,Cz,11,2,4,0,25.7316,8.1584,8.6313,6.1290,0.0000,6.2099,6.0907,5.9430,8.9166,5.0017,60.0337,1.0000
sub-006,ses-01,Cz,12,2,2,0,12.8114,8.8772,3.7474,4.7572,0.0000,3.9787,5.8453,5.7856,13.1693,6.3075,39.9680,1.0000
sub-006,ses-01,Cz,13,2,4,0,20.8070,2.6894,6.0606,5.5833,0.0000,4.7194,5.4399,5.3113,6.4377,6.0367,62.3675,1.0000
sub-006,ses-01,Cz,14,2,4,0,11.9279,3.1531,13.8484,8.0253,0.0000,5.7614,8.9894,8.9447,6.6544,8.5960,36.0232,1.0000
sub-006,ses-01,Cz,15,2,2,0,24.2765,2.2582,8.2635,6.2800,0.0000,5.5200,12.9416,12.9957,6.7463,9.1735,58.6719,2.0000
sub-006,ses-01,Cz,16,2,2,0,21.0352,10.6749,7.8993,7.3786,0.0000,6.2828,16.4877,16.5824,13.4701,12.6532,46.3986,3.0000
sub-006,ses-01,Cz,17,4,2,0,11.5286,4.5569,4.6596,3.3857,0.0000,3.1701,6.7660,6.7932,6.7566,8.1416,31.4108,1.0000
sub-006,ses-01,Cz,18,4,2,0,6.1106,1.8954,8.0277,5.0085,0.0000,3.3791,5.5901,5.5662,8.9858,5.0870,22.8622,8.0000
sub-006,ses-01,Cz,19,4,2,0,19.1689,4.3308,10.9325,3.9765,0.0000,4.9137,6.1563,6.1001,8.4367,4.8967,57.2827,1.0000
sub-006,ses-01,Cz,20,2,2,0,65.5681,63.9469,72.4109,68.8770,0.0000,42.9750,84.1581,84.3356,78.8138,87.9886,92.7086,2.0000
sub-006,ses-01,Cz,21,4,2,0,20.5148,5.7574,8.7147,4.8266,0.0000,5.1191,6.3665,6.2391,9.7677,6.6333,62.8816,1.0000
sub-006,ses-01,Cz,22,2,4,0,13.1356,5.6346,9.1543,3.7572,0.0000,4.1593,5.4835,5.4240,8.5254,6.4189,28.7207,1.0000
sub-006,ses-01,Cz,23,4,2,0,11.9035,9.3714,5.3778,4.5564,0.0000,4.1070,6.2146,6.1596,3.8427,8.5692,40.7979,1.0000
sub-006,ses-01,Cz,24,4,2,0,12.4046,5.4157,4.4608,4.7463,0.0000,3.7151,5.7467,5.6881,3.7217,6.4379,27.6047,1.0000
sub-006,ses-01,Cz,25,4,2,0,25.6832,6.9125,8.3419,2.7160,0.0000,5.0173,5.8198,5.6957,5.8337,5.2503,69.0171,1.0000
sub-006,ses-01,Cz,26,2,2,0,19.1524,8.5732,9.8661,4.2892,0.0000,5.2525,6.6109,6.5118,11.0625,7.9532,40.7179,1.0000
sub-006,ses-01,Cz,27,2,2,0,28.0268,4.1244,14.4673,4.1825,0.0000,6.2740,6.4319,6.2673,5.9590,7.3051,69.1303,1.0000
sub-006,ses-01,Cz,28,2,4,0,31.8540,25.7142,29.7544,35.4373,0.0000,20.2206,45.3730,45.6096,36.6789,44.3556,68.6437,13.0000
sub-006,ses-01,C4,0,2,2,0,5.2567,6.9594,6.7573,2.6536,0.0000,2.8815,5.6765,5.6708,8.2958,5.8913,19.6394,7.0000
sub-006,ses-01,C4,1,2,4,0,21.3584,11.0778,7.2145,5.0716,0.0000,5.5573,6.8453,6.7152,4.9411,5.2652,49.8630,1.0000
sub-006,ses-01,C4,2,2,2,0,16.7182,3.6974,4.7268,6.0587,0.0000,4.3904,6.4106,6.3430,5.7575,6.7686,52.1372,1.0000
sub-006,ses-01,C4,3,4,2,0,6.5419,6.6628,9.4847,3.8443,0.0000,3.7140,5.9954,5.9789,8.5153,6.5477,24.2059,9.0000
sub-006,ses-01,C4,4,2,2,0,24.3323,5.0142,14.3015,4.0461,0.0000,5.9487,6.3314,6.1838,8.2313,6.7231,73.7497,1.0000
sub-006,ses-01,C4,5,2,2,0,11.3176,2.0893,8.1000,3.5250,0.0000,3.4431,5.3607,5.3181,11.7759,4.6170,31.8815,1.0000
sub-006,ses-01,C4,6,2,4,0,30.3763,8.4311,7.5268,3.1073,0.0000,5.5997,6.9201,6.7928,6.4481,6.9407,68.2776,1.0000
sub-006,ses-01,C4,7,4,2,0,17.2689,4.0111,5.4990,2.8861,0.0000,3.6194,6.2085,6.1583,6.5571,6.2499,55.0400,1.0000
sub-006,ses-01,C4,8,4,2,0,18.9121,5.9260,4.9615,3.0613,0.0000,3.9283,6.3221,6.2699,7.4389,6.9743,64.4553,1.0000
sub-006,ses-01,C4,9,4,2,0,8.6890,4.6169,11.7662,2.8312,0.0000,3.7355,5.6735,5.6613,9.4338,8.0186,26.1410,1.0000
sub-006,ses-01,C4,10,2,2,0,13.6360,1.9082,8.3769,5.5542,0.0000,4.2940,5.2496,5.1816,6.7834,5.0633,41.0566,1.0000
sub-006,ses-01,C4,11,2,4,0,17.4164,11.3205,6.2622,3.2311,0.0000,4.5238,6.8834,6.8321,4.3228,8.5356,40.5435,1.0000
sub-006,ses-01,C4,12,2,2,0,10.6082,6.0234,3.2436,3.4818,0.0000,3.0524,5.8461,5.8414,12.6528,6.4014,33.8982,1.0000
sub-006,ses-01,C4,13,2,4,0,16.1711,1.7240,6.7771,3.5474,0.0000,3.6828,5.9762,5.9445,10.3304,5.0218,51.0336,1.0000
sub-006,ses-01,C4,14,2,4,0,13.3391,3.9849,4.7894,3.1184,0.0000,3.2226,5.6024,5.5992,7.2901,5.2396,21.4670,3.0000
sub-006,ses-01,C4,15,2,2,0,5.6159,3.5881,9.7697,2.7674,0.0000,3.0560,5.0744,5.0678,7.5133,5.7893,34.7666,9.0000
sub-006,ses-01,C4,16,2,2,0,12.9978,11.5624,7.9478,4.0953,0.0000,4.6318,5.1987,5.0928,7.7130,5.7144,39.4303,1.0000
sub-006,ses-01,C4,17,4,2,0,24.7033,3.8410,5.9125,5.8933,0.0000,5.2620,6.0188,5.8795,4.9201,5.2046,71.2420,1.0000
sub-006,ses-01,C4,18,4,2,0,22.0960,5.5103,6.8900,3.8714,0.0000,4.6998,5.3474,5.2697,7.0071,4.0979,61.8875,1.0000
sub-006,ses-01,C4,19,4,2,0,6.9710,6.0514,8.3976,4.6181,0.0000,3.7793,4.8358,4.7889,3.5170,3.5280,20.6294,9.0000
sub-006,ses-01,C4,20,2,2,0,18.4381,5.5241,7.3773,10.8346,0.0000,6.5340,7.7992,7.6868,9.6367,6.5458,46.8744,18.0000
sub-006,ses-01,C4,21,4,2,0,13.7260,9.4423,15.5666,11.7606,0.0000,7.8828,6.3607,6.2024,9.4695,7.2463,39.7598,8.0000
sub-006,ses-01,C4,22,2,4,0,4.9588,3.3623,11.1116,7.8498,0.0000,4.6977,5.4819,5.4287,4.3472,6.6976,35.8190,18.0000
sub-006,ses-01,C4,23,4,2,0,9.4128,9.3931,2.7825,3.6829,0.0000,3.2511,6.1414,6.1512,7.2896,6.6648,19.9564,2.0000
sub-006,ses-01,C4,24,4,2,0,9.3651,2.2332,6.8432,5.2477,0.0000,3.6203,5.1102,5.0526,4.9300,6.3221,32.0531,1.0000
sub-006,ses-01,C4,25,4,2,0,22.3051,7.5772,2.6225,2.4870,0.0000,3.8976,6.0078,5.9806,6.1182,5.4190,62.8089,1.0000
sub-006,ses-01,C4,26,2,2,0,10.6062,3.7097,7.4635,2.4886,0.0000,3.1255,5.5426,5.5426,7.5018,4.6414,20.1371,2.0000
sub-006,ses-01,C4,27,2,2,0,18.2694,2.7804,9.1131,3.6599,0.0000,4.3362,5.5763,5.5209,4.8425,6.4701,49.9632,1.0000
sub-006,ses-01,C4,28,2,4,0,4.1915,2.9196,4.8682,6.4738,0.0000,3.2980,5.3955,5.3840,10.6276,5.6084,17.4712,14.0000
sub-006,ses-01,CP4,0,2,2,0,13.7450,9.2773,5.4744,6.6064,0.0000,4.9028,5.5855,5.4989,6.0943,5.1341,30.1433,17.0000
sub-006,ses-01,CP4,1,2,4,0,14.5106,8.3241,3.4700,8.4864,0.0000,5.1740,6.3276,6.2058,7.0048,5.5403,33.0307,1.0000
sub-006,ses-01,CP4,2,2,2,0,18.6339,4.9705,6.9926,9.3716,0.0000,6.0047,6.1077,5.9803,5.7813,5.1701,59.0733,1.0000
sub-006,ses-01,CP4,3,4,2,0,5.9464,7.3556,8.4459,7.5760,0.0000,4.7063,5.5290,5.4587,7.6233,6.7240,31.3303,22.0000
sub-006,ses-01,CP4,4,2,2,0,23.2720,3.4647,15.3633,4.9657,0.0000,6.1321,5.2268,5.0513,6.2539,4.4038,63.8801,1.0000
sub-006,ses-01,CP4,5,2,2,0,6.2806,2.6462,7.8852,5.8144,0.0000,3.6885,5.2924,5.2728,6.4283,4.3966,18.4099,10.0000
sub-006,ses-01,CP4,6,2,4,0,29.2766,4.2541,6.9423,5.0224,0.0000,5.6062,6.2714,6.1365,3.4779,7.7090,63.0659,1.0000
sub-006,ses-01,CP4,7,4,2,0,10.6073,9.1938,7.3155,6.2141,0.0000,4.7414,6.4329,6.4046,2.9651,7.5588,33.8178,1.0000
sub-006,ses-01,CP4,8,4,2,0,19.4559,3.4375,4.4323,3.4074,0.0000,3.7782,5.6920,5.6290,6.3832,4.7091,71.7670,1.0000
sub-006,ses-01,CP4,9,4,2,0,11.7983,4.6107,8.7770,3.2808,0.0000,3.7430,6.0272,6.0047,8.9076,8.2186,35.1650,1.0000
sub-006,ses-01,CP4,10,2,2,0,6.4163,3.0851,9.2496,4.8864,0.0000,3.6518,5.3647,5.3374,5.4726,5.5200,25.5602,10.0000
sub-006,ses-01,CP4,11,2,4,0,27.8367,8.0239,5.6233,3.7188,0.0000,5.2448,6.3019,6.2069,4.7351,7.4425,56.5941,1.0000
sub-006,ses-01,CP4,12,2,2,0,5.5792,3.3101,3.6581,4.7120,0.0000,2.7619,5.6885,5.7006,10.1347,5.6985,33.6225,15.0000
sub-006,ses-01,CP4,13,2,4,0,18.1849,2.7258,9.0620,5.8572,0.0000,4.9804,5.9474,5.8777,9.6272,5.8384,52.4545,1.0000
sub-006,ses-01,CP4,14,2,4,0,21.2883,4.2576,6.5727,10.6519,0.0000,6.5138,5.8868,5.7445,6.1375,6.2104,66.3132,21.0000
sub-006,ses-01,CP4,15,2,2,0,9.7719,7.2538,6.5806,1.7587,0.0000,3.0337,5.5557,5.5641,8.0588,6.7169,21.3318,9.0000
sub-006,ses-01,CP4,16,2,2,0,15.0096,5.9803,5.0492,2.5605,0.0000,3.4312,5.2224,5.1596,6.1000,4.9678,48.8307,1.0000
sub-006,ses-01,CP4,17,4,2,0,23.2868,2.8222,4.3947,4.4597,0.0000,4.3902,5.8633,5.7402,5.1399,4.7310,69.5317,1.0000
sub-006,ses-01,CP4,18,4,2,0,20.8696,7.3280,5.2900,4.7165,0.0000,4.7871,5.4050,5.3474,5.7493,4.3649,52.5020,1.0000
sub-006,ses-01,CP4,19,4,2,0,4.4056,6.5141,4.6046,10.6669,0.0000,4.8832,5.5144,5.4452,4.3666,4.9614,37.9263,19.0000
sub-006,ses-01,CP4,20,2,2,0,20.7329,4.4699,6.7759,15.4494,0.0000,7.9607,6.4338,6.2114,4.2671,6.6274,62.2965,1.0000
sub-006,ses-01,CP4,21,4,2,0,3.7538,5.6914,14.8529,7.9017,0.0000,5.3400,6.1439,6.0626,9.2574,4.8489,38.9666,8.0000
sub-006,ses-01,CP4,22,2,4,0,2.7101,3.0858,6.6053,7.9253,0.0000,3.8568,6.2839,6.2881,6.4778,6.5521,29.8556,19.0000
sub-006,ses-01,CP4,23,4,2,0,6.9548,6.4493,4.0792,8.1043,0.0000,4.2662,5.4856,5.4416,4.6068,6.0963,26.5874,22.0000
sub-006,ses-01,CP4,24,4,2,0,7.9411,6.3065,7.8618,5.2574,0.0000,4.0118,5.2880,5.2445,3.2184,6.3455,18.8320,19.0000
sub-006,ses-01,CP4,25,4,2,0,6.2067,10.1894,2.8880,11.0830,0.0000,5.2789,5.7331,5.6468,3.6226,6.4820,29.3093,21.0000
sub-006,ses-01,CP4,26,2,2,0,10.9011,3.9589,9.3953,8.2576,0.0000,5.1898,5.7623,5.6855,8.0227,4.7954,36.3857,20.0000
sub-006,ses-01,CP4,27,2,2,0,7.3970,3.3391,9.1711,10.2929,0.0000,5.3902,5.4089,5.3290,3.3258,4.9525,32.4830,17.0000
sub-006,ses-01,CP4,28,2,4,0,6.9706,3.2558,1.2125,3.8453,0.0000,2.2830,5.6242,5.6576,7.3445,5.6077,16.3875,1.0000
sub-006,ses-01,O2,0,2,2,0,6.8358,4.6549,3.0887,4.6192,0.0000,2.8964,5.0002,4.9714,4.8312,4.4043,34.8379,19.0000
sub-006,ses-01,O2,1,2,4,0,19.3999,1.0197,12.0119,2.9443,0.0000,4.4657,5.6981,5.5717,9.7561,6.0222,64.0313,1.0000
sub-006,ses-01,O2,2,2,2,0,23.0816,2.4756,8.6112,4.5591,0.0000,4.9573,5.3652,5.2396,5.1839,5.7109,69.0158,1.0000
sub-006,ses-01,O2,3,4,2,0,8.5597,4.4343,11.6632,2.9840,0.0000,3.7383,5.4804,5.4441,5.2980,5.9544,29.8858,9.0000
sub-006,ses-01,O2,4,2,2,0,28.8939,2.0400,5.5307,6.4320,0.0000,5.5939,5.0889,4.9063,6.8321,4.1693,71.1934,1.0000
sub-006,ses-01,O2,5,2,2,0,22.0397,5.5282,3.6933,5.2102,0.0000,4.6550,6.5501,6.4935,5.3491,5.5714,62.4420,1.0000
sub-006,ses-01,O2,6,2,4,0,26.7281,5.2985,7.7963,4.4282,0.0000,5.4058,6.0879,5.9683,5.2865,5.2905,71.5723,1.0000
sub-006,ses-01,O2,7,4,2,0,29.1311,2.4034,10.9816,3.9875,0.0000,5.6713,5.9321,5.7978,5.9120,9.6564,67.3987,1.0000
sub-006,ses-01,O2,8,4,2,0,26.5951,3.1705,2.4457,3.2910,0.0000,4.1051,7.0610,6.9935,4.2342,6.3390,78.5432,1.0000
sub-006,ses-01,O2,9,4,2,0,14.0929,3.0150,5.0900,3.7295,0.0000,3.4292,5.7971,5.7522,4.7506,6.9941,44.4314,1.0000
sub-006,ses-01,O2,10,2,2,0,13.5391,2.6386,9.2855,2.5089,0.0000,3.5591,5.0681,5.0254,8.7005,4.8367,31.1052,9.0000
sub-006,ses-01,O2,11,2,4,0,19.6104,3.0546,6.5083,4.6890,0.0000,4.4341,5.8868,5.7702,7.9526,8.2771,67.0627,1.0000
sub-006,ses-01,O2,12,2,2,0,19.5712,5.4425,7.8613,3.8487,0.0000,4.5873,5.7613,5.6663,6.5391,7.4589,60.7636,1.0000
sub-006,ses-01,O2,13,2,4,0,21.0712,8.3662,11.3154,5.2058,0.0000,5.8911,5.7591,5.5928,9.3265,6.9908,67.0371,1.0000
sub-006,ses-01,O2,14,2,4,0,21.1432,4.7802,6.9768,3.9227,0.0000,4.5709,5.3553,5.2906,5.2161,5.8020,39.5670,1.0000
sub-006,ses-01,O2,15,2,2,0,6.3677,5.0979,11.5659,3.2792,0.0000,3.6718,6.2449,6.2427,12.3662,7.7890,23.3469,9.0000
sub-006,ses-01,O2,16,2,2,0,18.6132,5.3965,6.9490,4.2803,0.0000,4.4971,5.3042,5.1704,4.4402,4.4394,63.4355,1.0000
sub-006,ses-01,O2,17,4,2,0,47.3557,5.5746,7.7630,3.1091,0.0000,6.9469,6.6792,6.4810,6.2819,5.2281,84.3158,2.0000
sub-006,ses-01,O2,18,4,2,0,19.6562,2.8540,4.0207,6.8607,0.0000,4.7292,5.5603,5.4902,3.4156,4.9713,60.4141,1.0000
sub-006,ses-01,O2,19,4,2,0,13.8276,4.5567,12.9863,3.4134,0.0000,4.5542,6.0487,6.0001,7.6358,6.2101,49.8277,1.0000
sub-006,ses-01,O2,20,2,2,0,25.9758,7.5979,8.1906,3.8474,0.0000,5.4292,5.3602,5.1948,5.4274,4.5315,78.7523,1.0000
sub-006,ses-01,O2,21,4,2,0,11.8042,4.6979,5.4552,3.5619,0.0000,3.3731,6.1754,6.1446,6.5617,6.3729,37.3213,1.0000
sub-006,ses-01,O2,22,2,4,0,12.3165,10.9605,5.7203,2.7252,0.0000,3.7874,5.8098,5.7922,8.7149,5.0848,28.2437,1.0000
sub-006,ses-01,O2,23,4,2,0,14.4413,2.5953,8.3210,5.9037,0.0000,4.5307,5.6415,5.5715,6.6397,6.4587,51.8238,1.0000
sub-006,ses-01,O2,24,4,2,0,29.7987,4.5581,8.5089,3.4791,0.0000,5.4351,6.4629,6.3139,8.8512,9.1445,69.8982,1.0000
sub-006,ses-01,O2,25,4,2,0,20.1253,8.5423,12.1499,4.8387,0.0000,5.8249,6.0861,5.9241,6.7954,5.2888,65.0878,1.0000
sub-006,ses-01,O2,26,2,2,0,5.8878,9.3511,7.9769,4.1137,0.0000,3.7743,6.1306,6.1208,6.3533,4.7813,21.5470,19.0000
sub-006,ses-01,O2,27,2,2,0,18.5279,9.3363,7.1029,7.1682,0.0000,5.7502,6.6243,6.5484,7.8933,7.6488,49.9317,1.0000
sub-006,ses-01,O2,28,2,4,0,12.2363,4.6972,11.7824,2.3742,0.0000,3.9370,5.9433,5.9161,7.6597,5.8207,32.5922,1.0000
sub-006,ses-02,Fp1,0,2,0,0,13.5783,7.7181,12.7213,2.4772,0.0000,4.5051,7.7673,7.7539,10.5944,6.4470,28.5502,8.0000
sub-006,ses-02,Fp1,1,2,8,0,8.4125,7.1468,5.2657,3.7971,0.0000,3.3301,5.4473,5.4237,5.6981,5.7480,16.3056,7.0000
sub-006,ses-02,Fp1,2,2,2,0,13.2038,5.2788,10.8851,4.0559,0.0000,4.4644,6.1503,6.1253,8.5931,7.6196,32.5283,9.0000
sub-006,ses-02,Fp1,3,4,2,0,16.9597,8.6166,12.7927,5.3452,0.0000,5.7802,5.7585,5.6189,7.2928,6.1826,44.0952,1.0000
sub-006,ses-02,Fp1,4,2,2,0,17.4996,8.6685,10.4482,7.3838,0.0000,6.1245,5.7758,5.6298,7.6525,6.3815,60.7339,1.0000
sub-006,ses-02,Fp1,5,4,2,0,4.2603,4.9970,5.7474,4.5846,0.0000,3.0492,6.2632,6.2836,8.8504,6.5910,17.6631,9.0000
sub-006,ses-02,Fp1,6,2,2,0,7.4715,2.9958,5.5247,3.0037,0.0000,2.6527,7.4514,7.5078,3.0609,7.7257,22.2231,12.0000
sub-006,ses-02,Fp1,7,4,2,0,3.6202,3.7171,8.1742,6.0776,0.0000,3.6606,5.8557,5.8264,6.4418,6.5901,15.8471,19.0000
sub-006,ses-02,Fp1,8,4,2,0,10.7815,7.1276,15.7223,2.9592,0.0000,4.7544,6.0073,5.9406,5.8425,4.7083,45.6412,9.0000
sub-006,ses-02,Fp1,9,2,2,0,15.7797,4.9943,10.8420,5.2770,0.0000,5.0407,6.0958,6.0273,6.2824,5.4266,39.8042,1.0000
sub-006,ses-02,Fp1,10,2,2,0,8.7116,5.5240,13.4215,5.4654,0.0000,4.8493,5.7569,5.6927,5.2435,6.6642,29.5142,10.0000
sub-006,ses-02,Fp1,11,4,2,0,13.9139,10.1779,11.4783,5.8000,0.0000,5.5962,6.8435,6.7835,8.7460,5.4587,24.2208,2.0000
sub-006,ses-02,Fp1,12,2,4,0,3.9281,6.7669,6.7239,4.8880,0.0000,3.4109,4.9973,4.9646,5.8306,4.9813,19.6456,12.0000
sub-006,ses-02,Fp1,13,2,4,0,16.3203,2.7894,5.5432,4.8612,0.0000,4.0208,6.2848,6.1968,5.6811,4.3247,56.9590,1.0000
sub-006,ses-02,Fp1,14,2,2,0,19.3778,12.3678,21.4168,2.1736,0.0000,6.5986,5.5638,5.3603,10.1023,4.4814,56.8594,1.0000
sub-006,ses-02,Fp1,15,4,2,0,14.1025,11.5660,9.5112,4.4484,0.0000,5.0598,6.1608,6.1008,11.9143,7.0677,37.9855,1.0000
sub-006,ses-02,Fp1,16,4,2,0,17.6431,13.4646,17.3687,3.6541,0.0000,6.4220,7.2851,7.2137,15.3986,4.9788,42.9755,8.0000
sub-006,ses-02,Fp1,17,4,2,0,4.8038,5.9089,8.4909,9.7099,0.0000,5.1169,6.4415,6.3683,4.9806,8.3259,25.5608,20.0000
sub-006,ses-02,C3,0,2,0,0,3.9419,3.6363,15.4397,4.5904,0.0000,4.2471,6.5443,6.5246,13.6459,6.2467,22.6186,9.0000
sub-006,ses-02,C3,1,2,8,0,7.9013,5.3458,15.9498,4.5243,0.0000,4.8256,5.4975,5.3865,6.1361,4.8366,62.0904,9.0000
sub-006,ses-02,C3,2,2,2,0,6.5440,6.1109,9.3216,4.8828,0.0000,3.9541,6.0574,6.0452,10.7360,6.6317,23.1645,21.0000
sub-006,ses-02,C3,3,4,2,0,8.1817,3.6628,5.7487,2.0885,0.0000,2.5354,5.6924,5.7191,7.3614,5.0708,20.8221,10.0000
sub-006,ses-02,C3,4,2,2,0,11.4730,7.4360,4.4535,6.5787,0.0000,4.3693,5.9274,5.8720,7.0692,5.1467,35.1559,1.0000
sub-006,ses-02,C3,5,4,2,0,10.9403,2.9931,10.7977,5.9438,0.0000,4.5998,6.4956,6.4564,8.1594,6.7165,26.7620,13.0000
sub-006,ses-02,C3,6,2,2,0,5.9790,3.0905,9.0127,2.5637,0.0000,2.8763,5.4768,5.4911,5.2352,5.0616,20.3181,9.0000
sub-006,ses-02,C3,7,4,2,0,5.3706,7.1329,6.4456,3.5308,0.0000,3.1299,5.5938,5.5642,5.4595,5.0828,18.0114,8.0000
sub-006,ses-02,C3,8,4,2,0,4.0963,3.3759,5.8534,5.8483,0.0000,3.2799,5.2225,5.2027,5.5156,5.9285,15.8554,9.0000
sub-006,ses-02,C3,9,2,2,0,7.7168,12.3157,10.8466,5.5253,0.0000,5.0474,5.5918,5.5287,7.4011,5.7766,29.0617,9.0000
sub-006,ses-02,C3,10,2,2,0,8.4035,2.4537,8.2088,3.1908,0.0000,3.1201,5.5066,5.4916,7.9191,4.5146,20.2554,2.0000
sub-006,ses-02,C3,11,4,2,0,14.5317,13.8861,5.5037,4.1732,0.0000,4.6731,5.5846,5.5259,5.3809,5.5770,36.3251,1.0000
sub-006,ses-02,C3,12,2,4,0,7.9925,4.8756,3.9515,4.1371,0.0000,2.9992,5.3830,5.3847,5.4767,6.0390,12.3531,8.0000
sub-006,ses-02,C3,13,2,4,0,13.9815,4.1883,7.8079,4.3285,0.0000,4.0883,5.7581,5.7235,5.2105,5.9532,46.2093,1.0000
sub-006,ses-02,C3,14,2,2,0,7.7997,5.2494,11.5014,4.7721,0.0000,4.2614,5.6950,5.5951,7.7880,6.1559,34.7530,9.0000
sub-006,ses-02,C3,15,4,2,0,3.6459,2.1945,5.9210,5.9421,0.0000,3.1659,5.7156,5.7136,9.2743,5.7617,16.9727,21.0000
sub-006,ses-02,C3,16,4,2,0,9.2363,8.9251,4.7418,6.0006,0.0000,4.1652,5.1280,5.0822,7.6643,4.5483,25.2608,19.0000
sub-006,ses-02,C3,17,4,2,0,8.5716,5.4102,6.3080,5.1092,0.0000,3.7255,5.5713,5.5282,6.8118,5.4466,16.6191,22.0000
sub-006,ses-02,CP3,0,2,0,0,9.0954,2.8774,6.6238,3.9641,0.0000,3.2365,5.7745,5.7504,8.8314,4.0141,31.5465,1.0000
sub-006,ses-02,CP3,1,2,8,0,9.2071,8.8999,16.0180,4.4207,0.0000,5.2559,5.3937,5.3089,5.6129,5.7815,53.9922,9.0000
sub-006,ses-02,CP3,2,2,2,0,3.3646,5.6281,6.3996,1.6288,0.0000,2.2219,5.0866,5.1140,6.4659,4.0653,16.5442,8.0000
sub-006,ses-02,CP3,3,4,2,0,15.2971,2.4836,7.9703,3.4631,0.0000,3.8131,5.6361,5.6099,4.4970,6.0696,50.6535,1.0000
sub-006,ses-02,CP3,4,2,2,0,4.9169,3.6885,2.0274,3.8993,0.0000,2.2623,5.3112,5.3340,3.3757,5.1517,13.2053,15.0000
sub-006,ses-02,CP3,5,4,2,0,12.1944,4.7635,13.4612,8.5603,0.0000,6.0438,6.8158,6.7469,11.0891,7.3040,28.5467,13.0000
sub-006,ses-02,CP3,6,2,2,0,10.3856,3.7626,6.1588,2.1672,0.0000,2.8307,6.1474,6.1747,4.8475,4.0931,29.8417,1.0000
sub-006,ses-02,CP3,7,4,2,0,5.9602,5.3306,4.3180,5.0406,0.0000,3.1767,5.3543,5.3427,3.8799,6.3030,22.3594,10.0000
sub-006,ses-02,CP3,8,4,2,0,9.8949,7.9353,5.3566,3.8680,0.0000,3.5754,5.2107,5.2000,3.8740,4.5725,27.7497,17.0000
sub-006,ses-02,CP3,9,2,2,0,6.3208,6.5648,7.6736,5.4971,0.0000,3.9313,5.2006,5.1581,4.1446,5.5471,16.6516,8.0000
sub-006,ses-02,CP3,10,2,2,0,6.3400,2.0420,6.5623,6.1397,0.0000,3.5516,5.7978,5.7884,5.2167,5.7726,16.4857,8.0000
sub-006,ses-02,CP3,11,4,2,0,4.4221,5.7193,6.5913,3.3091,0.0000,2.8635,5.8645,5.8558,6.3434,6.5534,18.8218,8.0000
sub-006,ses-02,CP3,12,2,4,0,3.8058,7.2763,1.9898,1.8600,0.0000,1.8709,5.1018,5.1373,4.3637,5.7111,19.9623,5.0000
sub-006,ses-02,CP3,13,2,4,0,17.4938,7.9386,5.8059,3.5600,0.0000,4.2522,5.7654,5.6803,5.1397,6.3781,48.9615,1.0000
sub-006,ses-02,CP3,14,2,2,0,9.3003,8.8100,6.7286,4.4407,0.0000,3.9661,6.0861,6.0188,8.1936,5.5252,28.3072,9.0000
sub-006,ses-02,CP3,15,4,2,0,8.5976,2.4063,6.1418,4.9967,0.0000,3.3913,5.4194,5.4042,5.0507,5.2978,28.2260,18.0000
sub-006,ses-02,CP3,16,4,2,0,7.1741,6.0134,4.7323,8.9550,0.0000,4.5944,5.2418,5.1683,8.4191,4.6224,26.3206,14.0000
sub-006,ses-02,CP3,17,4,2,0,3.3592,5.5343,4.4968,4.7696,0.0000,2.8967,5.8244,5.8255,6.7233,5.5926,18.3540,16.0000
sub-006,ses-02,O1,0,2,0,0,10.7870,14.5012,3.5403,4.6503,0.0000,4.2523,7.6567,7.6592,10.9104,6.3039,27.8903,7.0000
sub-006,ses-02,O1,1,2,8,0,2.8441,4.9886,6.3225,4.1234,0.0000,2.8575,5.0206,5.0183,5.9083,4.3717,13.9300,14.0000
sub-006,ses-02,O1,2,2,2,0,3.6099,2.9064,5.1775,3.7753,0.0000,2.4700,4.9910,5.0039,3.5501,6.3671,16.3558,12.0000
sub-006,ses-02,O1,3,4,2,0,18.2902,7.5185,11.3969,4.4045,0.0000,5.3227,5.8009,5.6756,9.4448,5.8409,39.8262,1.0000
sub-006,ses-02,O1,4,2,2,0,11.2397,6.7740,7.8205,3.2863,0.0000,3.7605,5.7541,5.7192,2.9101,5.7237,33.5796,1.0000
sub-006,ses-02,O1,5,4,2,0,21.4972,2.2761,10.3578,4.5813,0.0000,5.0418,5.5787,5.4681,4.5554,5.7740,57.1996,1.0000
sub-006,ses-02,O1,6,2,2,0,8.6623,5.6089,7.7688,4.9572,0.0000,3.9103,9.9762,10.0384,6.4570,7.2170,18.8631,19.0000
sub-006,ses-02,O1,7,4,2,0,5.9586,8.0019,6.2311,4.3717,0.0000,3.4898,5.8521,5.8516,4.9586,6.2522,17.3824,14.0000
sub-006,ses-02,O1,8,4,2,0,8.4180,3.4817,3.4991,1.5464,0.0000,2.0627,5.0087,5.0361,6.7465,5.4233,14.2889,2.0000
sub-006,ses-02,O1,9,2,2,0,15.8445,3.0653,6.0251,3.1083,0.0000,3.5395,5.4615,5.4381,5.9702,4.8580,53.3603,1.0000
sub-006,ses-02,O1,10,2,2,0,10.1507,2.0596,11.9608,5.3113,0.0000,4.4105,5.2546,5.1895,5.8270,4.6298,27.4312,1.0000
sub-006,ses-02,O1,11,4,2,0,4.3155,3.4554,6.5293,4.0500,0.0000,2.8584,5.7050,5.6907,9.4060,5.4422,13.1958,14.0000
sub-006,ses-02,O1,12,2,4,0,10.2323,5.8383,7.2620,3.3012,0.0000,3.5063,5.7890,5.7640,7.7098,6.7510,33.6746,1.0000
sub-006,ses-02,O1,13,2,4,0,12.4115,8.6013,7.6286,5.0153,0.0000,4.5354,4.8767,4.8105,4.6661,4.4170,23.9040,1.0000
sub-006,ses-02,O1,14,2,2,0,31.5512,9.7638,4.4578,3.3891,0.0000,5.4899,5.8630,5.7007,6.1898,6.2894,73.6513,1.0000
sub-006,ses-02,O1,15,4,2,0,3.7924,3.9390,1.5365,2.8060,0.0000,1.7819,4.9611,4.9992,5.2503,4.3107,13.0797,1.0000
sub-006,ses-02,O1,16,4,2,0,10.5898,6.7368,7.3179,2.5670,0.0000,3.4089,5.4763,5.4674,6.1131,5.0349,15.6737,2.0000
sub-006,ses-02,O1,17,4,2,0,1.5751,5.7644,7.9126,6.4435,0.0000,3.7349,5.9771,5.9629,6.6851,6.3809,18.3040,18.0000
sub-006,ses-02,Pz,0,2,0,0,13.4373,22.3401,16.8384,2.3184,0.0000,6.3786,7.1887,7.1283,16.1441,5.6673,40.0405,9.0000
sub-006,ses-02,Pz,1,2,8,0,16.9831,4.4066,9.8789,6.1593,0.0000,5.2303,5.3176,5.2113,6.6626,4.4575,49.2161,1.0000
sub-006,ses-02,Pz,2,2,2,0,4.9284,5.6210,8.6756,3.2168,0.0000,3.1644,5.9559,5.9583,15.1136,5.6717,22.9778,8.0000
sub-006,ses-02,Pz,3,4,2,0,16.1164,6.3289,9.9538,3.4711,0.0000,4.5263,5.6160,5.5273,8.2274,5.5704,47.3674,1.0000
sub-006,ses-02,Pz,4,2,2,0,3.8060,8.7413,5.3997,5.3689,0.0000,3.5438,5.3865,5.3655,7.3255,5.0071,21.0252,18.0000
sub-006,ses-02,Pz,5,4,2,0,6.1081,4.4542,3.9084,6.2048,0.0000,3.4038,5.6471,5.6169,9.2876,5.2384,16.7642,9.0000
sub-006,ses-02,Pz,6,2,2,0,23.4631,9.5153,7.5724,2.7047,0.0000,4.9421,5.3567,5.2702,5.8707,4.2184,51.0980,1.0000
sub-006,ses-02,Pz,7,4,2,0,11.4398,6.0133,8.9078,4.3053,0.0000,4.1681,5.6731,5.6313,6.3696,3.7515,18.1835,9.0000
sub-006,ses-02,Pz,8,4,2,0,9.1487,11.4220,5.5178,3.1210,0.0000,3.6270,6.3326,6.3299,9.6491,6.5875,21.4015,7.0000
sub-006,ses-02,Pz,9,2,2,0,19.6299,9.5155,13.8334,3.1735,0.0000,5.6009,5.6153,5.4852,10.4639,5.5304,52.3428,1.0000
sub-006,ses-02,Pz,10,2,2,0,10.9870,2.0175,3.8851,4.2329,0.0000,3.0315,5.9395,5.9516,10.5992,6.0786,37.6768,1.0000
sub-006,ses-02,Pz,11,4,2,0,22.2755,8.4739,5.1606,3.8178,0.0000,4.7347,6.4306,6.3298,8.7128,5.3865,54.0707,1.0000
sub-006,ses-02,Pz,12,2,4,0,11.0339,8.7720,10.2048,4.8425,0.0000,4.7303,5.1611,5.1130,5.1544,4.7878,29.2909,11.0000
sub-006,ses-02,Pz,13,2,4,0,17.7304,6.5465,8.5874,3.5629,0.0000,4.5337,6.1799,6.1098,6.1364,6.4781,46.9459,1.0000
sub-006,ses-02,Pz,14,2,2,0,6.6703,5.9904,15.5373,5.8605,0.0000,5.1175,6.2420,6.2039,8.6972,7.3929,36.3438,13.0000
sub-006,ses-02,Pz,15,4,2,0,17.3339,6.6008,12.3924,3.8173,0.0000,5.1097,6.4447,6.3891,9.8639,6.9965,48.6481,1.0000
sub-006,ses-02,Pz,16,4,2,0,5.4668,5.4245,10.8801,5.1258,0.0000,4.0809,5.9589,5.9317,9.3960,4.4341,22.1312,8.0000
sub-006,ses-02,Pz,17,4,2,0,15.6301,3.8799,6.5171,3.9940,0.0000,3.9317,5.1920,5.1539,4.2951,5.2852,36.4681,1.0000
sub-006,ses-02,Fp2,0,2,0,0,12.5523,4.3148,12.5335,2.0079,0.0000,3.9249,7.6914,7.7051,9.6432,6.5684,27.6720,8.0000
sub-006,ses-02,Fp2,1,2,8,0,1.8866,5.4763,6.7457,2.9154,0.0000,2.5076,5.6711,5.6930,4.6017,6.3000,15.6557,19.0000
sub-006,ses-02,Fp2,2,2,2,0,13.0799,3.1521,11.2164,3.7261,0.0000,4.2015,5.8399,5.8061,7.3657,7.7355,35.6063,1.0000
sub-006,ses-02,Fp2,3,4,2,0,14.8689,8.3872,16.2959,6.7630,0.0000,6.4818,5.6120,5.4381,8.1377,5.8124,42.1214,1.0000
sub-006,ses-02,Fp2,4,2,2,0,18.4508,8.2972,8.6389,5.3113,0.0000,5.2994,5.3759,5.2527,7.2185,5.6725,59.3086,1.0000
sub-006,ses-02,Fp2,5,4,2,0,9.1831,4.7799,5.8027,3.2872,0.0000,3.1024,6.1279,6.1325,9.5947,6.3785,18.5005,9.0000
sub-006,ses-02,Fp2,6,2,2,0,15.1018,3.2527,6.3917,5.3984,0.0000,4.2313,7.2466,7.1865,5.9781,7.2927,41.6903,1.0000
sub-006,ses-02,Fp2,7,4,2,0,9.8444,5.0475,9.2222,4.7940,0.0000,4.1214,6.3629,6.3218,6.0483,7.2086,22.0544,1.0000
sub-006,ses-02,Fp2,8,4,2,0,7.3963,7.1446,17.7759,4.5193,0.0000,5.1993,5.9932,5.9279,5.0558,5.6787,46.5848,9.0000
sub-006,ses-02,Fp2,9,2,2,0,13.2953,4.3446,11.6808,4.8716,0.0000,4.7436,5.6239,5.5621,5.8923,4.7237,29.2938,1.0000
sub-006,ses-02,Fp2,10,2,2,0,9.6588,3.0341,12.8393,3.2189,0.0000,3.9454,6.3459,6.3127,7.5010,7.9838,31.3503,10.0000
sub-006,ses-02,Fp2,11,4,2,0,17.3667,14.7488,10.7881,4.4058,0.0000,5.8248,6.7703,6.6878,8.2355,6.2715,38.0735,1.0000
sub-006,ses-02,Fp2,12,2,4,0,4.4590,5.8297,4.9146,5.2148,0.0000,3.2194,5.0481,5.0385,5.0254,5.1908,19.7739,20.0000
sub-006,ses-02,Fp2,13,2,4,0,6.6560,3.0645,6.5793,5.5198,0.0000,3.4910,5.7257,5.7108,6.3265,5.2509,25.5366,9.0000
sub-006,ses-02,Fp2,14,2,2,0,11.0266,9.8845,17.7568,4.9351,0.0000,5.9149,5.7463,5.6351,8.7519,4.1396,38.4241,9.0000
sub-006,ses-02,Fp2,15,4,2,0,10.5217,12.8992,10.0770,4.3346,0.0000,4.8952,5.9496,5.8926,10.6083,6.6931,30.0096,8.0000
sub-006,ses-02,Fp2,16,4,2,0,16.9981,12.2818,18.3857,4.9873,0.0000,6.7970,7.6133,7.5118,16.4002,4.5032,43.4094,8.0000
sub-006,ses-02,Fp2,17,4,2,0,8.7776,4.5611,7.8645,10.1177,0.0000,5.3970,7.4041,7.3447,6.1592,9.6440,31.1362,20.0000
sub-006,ses-02,Fz,0,2,0,0,7.1766,6.2558,16.0391,2.3930,0.0000,4.2110,7.7720,7.7640,10.6151,6.2226,33.5439,9.0000
sub-006,ses-02,Fz,1,2,8,0,13.4407,6.6913,6.1161,3.1870,0.0000,3.6897,5.5568,5.5153,5.6432,6.3442,22.5980,1.0000
sub-006,ses-02,Fz,2,2,2,0,4.4984,4.5259,9.7984,5.3793,0.0000,3.8330,5.9991,5.9723,9.9724,6.9697,34.3891,9.0000
sub-006,ses-02,Fz,3,4,2,0,9.5428,11.3001,14.5813,4.0676,0.0000,5.2032,5.5685,5.4733,8.5009,6.1658,33.0497,9.0000
sub-006,ses-02,Fz,4,2,2,0,10.8002,4.9340,9.1365,3.0656,0.0000,3.6653,6.0052,5.9696,8.3031,5.2985,32.1587,1.0000
sub-006,ses-02,Fz,5,4,2,0,12.1304,5.6411,5.4179,3.1962,0.0000,3.3754,5.6523,5.6363,8.4592,5.7722,22.4448,2.0000
sub-006,ses-02,Fz,6,2,2,0,13.8201,4.0462,3.9927,4.3502,0.0000,3.5343,7.2683,7.2826,5.0613,6.5102,31.0358,1.0000
sub-006,ses-02,Fz,7,4,2,0,3.7287,6.7155,6.3504,6.9944,0.0000,3.9722,5.7600,5.7261,7.1868,6.3729,35.0320,14.0000
sub-006,ses-02,Fz,8,4,2,0,10.1477,3.9562,16.3151,4.1820,0.0000,4.8529,5.7231,5.6562,4.9721,5.0505,43.7494,9.0000
sub-006,ses-02,Fz,9,2,2,0,16.3653,6.3215,8.2745,5.6343,0.0000,4.9684,5.6813,5.5971,6.1338,5.8063,57.1595,1.0000
sub-006,ses-02,Fz,10,2,2,0,12.1822,4.1291,10.9434,2.7573,0.0000,3.8779,6.0565,6.0399,7.0168,8.7651,33.5191,10.0000
sub-006,ses-02,Fz,11,4,2,0,20.1139,5.7804,12.4792,3.6989,0.0000,5.2683,7.5536,7.4589,6.6306,5.9738,49.8369,1.0000
sub-006,ses-02,Fz,12,2,4,0,5.9004,4.9077,6.5377,3.7369,0.0000,3.0474,4.9060,4.8953,5.1577,5.0600,18.5203,10.0000
sub-006,ses-02,Fz,13,2,4,0,17.4657,5.4827,6.4991,7.1634,0.0000,5.2073,6.9552,6.8407,5.3942,7.3018,62.0280,1.0000
sub-006,ses-02,Fz,14,2,2,0,3.0821,14.0485,19.6994,3.3623,0.0000,5.3588,5.4178,5.3180,9.8793,4.1396,42.3543,7.0000
sub-006,ses-02,Fz,15,4,2,0,16.6684,8.2634,12.2904,3.4822,0.0000,5.0869,6.2339,6.1692,10.7754,6.8011,61.8840,1.0000
sub-006,ses-02,Fz,16,4,2,0,15.1866,14.1288,14.3582,3.2279,0.0000,5.7063,6.5693,6.4964,14.9261,5.1338,38.0475,8.0000
sub-006,ses-02,Fz,17,4,2,0,5.5718,6.0578,7.8585,4.6788,0.0000,3.5929,6.3935,6.3913,6.7333,8.6771,19.4778,10.0000
sub-006,ses-02,FCz,0,2,0,0,6.6992,7.5884,19.3021,2.4523,0.0000,4.7638,8.0096,7.9938,13.6182,5.9127,41.3036,9.0000
sub-006,ses-02,FCz,1,2,8,0,6.8361,4.1540,6.4003,3.0387,0.0000,2.8341,5.2427,5.2425,5.8921,5.4273,17.9061,9.0000
sub-006,ses-02,FCz,2,2,2,0,3.9628,3.6486,9.5234,6.0562,0.0000,3.8678,6.3735,6.3373,11.2013,7.5340,32.0736,9.0000
sub-006,ses-02,FCz,3,4,2,0,8.0483,15.4076,14.6932,3.3953,0.0000,5.2586,6.1316,6.0655,9.9859,7.0943,37.3968,9.0000
sub-006,ses-02,FCz,4,2,2,0,2.4651,5.2993,10.0520,3.7037,0.0000,3.2446,5.2482,5.2376,7.3620,4.8738,28.2872,8.0000
sub-006,ses-02,FCz,5,4,2,0,10.8439,4.7644,5.9687,4.4259,0.0000,3.6228,6.1004,6.0775,7.5992,5.8590,20.4606,9.0000
sub-006,ses-02,FCz,6,2,2,0,20.2733,4.6489,5.2520,5.8190,0.0000,4.8104,7.3206,7.2768,6.3803,6.4911,50.0082,1.0000
sub-006,ses-02,FCz,7,4,2,0,10.3307,8.1847,5.9748,5.2172,0.0000,4.1333,5.5034,5.4459,7.1688,5.9118,21.8368,14.0000
sub-006,ses-02,FCz,8,4,2,0,10.3105,6.5326,12.8897,3.2323,0.0000,4.3426,5.9169,5.8784,5.8455,5.5779,38.1305,9.0000
sub-006,ses-02,FCz,9,2,2,0,16.9193,9.2732,8.8635,5.4579,0.0000,5.3233,5.8079,5.7052,6.4801,6.3850,59.3841,1.0000
sub-006,ses-02,FCz,10,2,2,0,11.7007,4.4522,9.2617,2.8699,0.0000,3.6626,6.0730,6.0608,7.1559,8.1081,31.9063,10.0000
sub-006,ses-02,FCz,11,4,2,0,11.1090,5.5974,13.0191,4.0953,0.0000,4.6088,6.4405,6.3587,6.4583,6.3548,35.9310,1.0000
sub-006,ses-02,FCz,12,2,4,0,4.2204,2.6132,9.3006,4.2891,0.0000,3.2301,4.9838,4.9658,5.2356,6.1406,24.6836,10.0000
sub-006,ses-02,FCz,13,2,4,0,9.2364,6.6602,7.5880,5.3488,0.0000,4.1546,6.3979,6.3310,5.8728,7.3538,24.5492,1.0000
sub-006,ses-02,FCz,14,2,2,0,13.6140,14.1052,18.1513,3.2762,0.0000,6.1017,5.3431,5.1731,8.8044,4.3890,42.2434,7.0000
sub-006,ses-02,FCz,15,4,2,0,11.7132,6.5237,12.3133,3.7906,0.0000,4.5606,5.8381,5.7950,11.9936,6.0370,41.2770,1.0000
sub-006,ses-02,FCz,16,4,2,0,17.7649,9.6805,12.5669,3.2911,0.0000,5.3016,6.5754,6.4821,11.9218,5.7438,36.7515,8.0000
sub-006,ses-02,FCz,17,4,2,0,5.5596,5.0329,8.4483,3.7914,0.0000,3.3104,6.0435,6.0426,7.5587,8.1745,16.4334,10.0000
sub-006,ses-02,Cz,0,2,0,0,52.2482,26.9390,30.3377,14.1151,0.0000,15.8668,26.2135,26.1757,22.8696,22.1086,83.2409,2.0000
sub-006,ses-02,Cz,1,2,8,0,7.0988,1.6259,8.0664,3.3914,0.0000,2.9624,5.8145,5.8233,5.7655,4.6219,31.7764,9.0000
sub-006,ses-02,Cz,2,2,2,0,3.7421,3.9523,9.2021,4.5095,0.0000,3.3631,6.6415,6.6341,12.8373,7.0407,28.0298,9.0000
sub-006,ses-02,Cz,3,4,2,0,5.5227,12.8153,15.3970,4.4850,0.0000,5.2102,5.9791,5.8910,9.2456,6.6868,37.4550,7.0000
sub-006,ses-02,Cz,4,2,2,0,12.5873,6.5394,12.8012,3.2120,0.0000,4.5365,5.2619,5.1713,7.1554,4.4355,34.9528,1.0000
sub-006,ses-02,Cz,5,4,2,0,17.0145,5.1990,8.3064,4.1803,0.0000,4.4892,6.4596,6.3977,10.1446,4.0206,49.6696,1.0000
sub-006,ses-02,Cz,6,2,2,0,7.6241,4.3009,8.5267,4.3948,0.0000,3.6277,6.8171,6.8264,7.1414,4.8569,21.2068,9.0000
sub-006,ses-02,Cz,7,4,2,0,7.1293,6.8240,6.8772,4.8597,0.0000,3.7268,5.3147,5.2921,6.4382,5.1277,16.8264,14.0000
sub-006,ses-02,Cz,8,4,2,0,15.0978,11.6369,8.5344,5.0389,0.0000,5.2012,5.8228,5.7377,6.3172,7.0391,19.6142,16.0000
sub-006,ses-02,Cz,9,2,2,0,14.3003,8.6433,12.5761,3.3695,0.0000,4.9078,5.6475,5.5510,9.1408,5.9650,51.1294,1.0000
sub-006,ses-02,Cz,10,2,2,0,8.6963,2.1076,6.5026,3.3424,0.0000,2.9229,6.4502,6.4636,6.3660,8.7084,20.8137,10.0000
sub-006,ses-02,Cz,11,4,2,0,9.1063,5.7462,9.0139,5.6440,0.0000,4.3457,6.5544,6.4918,7.9732,8.3430,22.7132,16.0000
sub-006,ses-02,Cz,12,2,4,0,10.1086,2.0766,11.5792,3.8252,0.0000,3.9057,5.5543,5.5212,5.9864,7.1240,23.3379,1.0000
sub-006,ses-02,Cz,13,2,4,0,5.2156,5.7961,7.0571,3.4726,0.0000,3.0589,5.9711,5.9301,8.8805,6.3165,22.9156,11.0000
sub-006,ses-02,Cz,14,2,2,0,21.5049,13.5452,14.4143,3.8781,0.0000,6.4442,6.9356,6.7503,10.9743,4.8345,65.4517,1.0000
sub-006,ses-02,Cz,15,4,2,0,4.4150,2.2880,13.8659,4.8016,0.0000,4.0099,5.8117,5.7914,8.2645,5.3602,31.2834,8.0000
sub-006,ses-02,Cz,16,4,2,0,8.5061,7.4705,10.4197,5.6406,0.0000,4.6454,6.2471,6.2125,10.0284,7.9336,20.6557,8.0000
sub-006,ses-02,Cz,17,4,2,0,25.1358,4.4415,8.6105,4.4994,0.0000,5.3131,6.3816,6.2741,6.6690,7.0379,64.8820,1.0000
sub-006,ses-02,C4,0,2,0,0,3.9597,5.9145,16.2144,2.5825,0.0000,3.9618,7.3552,7.3636,10.6663,5.2448,38.1191,9.0000
sub-006,ses-02,C4,1,2,8,0,2.8921,6.0313,7.0283,4.9374,0.0000,3.3035,5.0108,4.9766,8.1343,3.6674,18.4279,7.0000
sub-006,ses-02,C4,2,2,2,0,2.7774,3.6304,6.5595,4.0723,0.0000,2.7425,6.3317,6.3517,8.2626,8.3869,14.9016,22.0000
sub-006,ses-02,C4,3,4,2,0,2.8012,10.5681,7.1794,2.6830,0.0000,3.0566,5.4957,5.4798,9.0744,5.5981,24.5406,7.0000
sub-006,ses-02,C4,4,2,2,0,4.2068,2.3244,6.5995,4.9920,0.0000,3.0376,5.6242,5.6316,5.7766,7.2421,19.6921,10.0000
sub-006,ses-02,C4,5,4,2,0,6.1940,14.7388,5.5490,4.7619,0.0000,4.1612,5.8055,5.7687,8.0490,4.7989,32.8842,5.0000
sub-006,ses-02,C4,6,2,2,0,22.9230,2.9286,5.7880,4.8351,0.0000,4.6742,6.3741,6.2841,8.3339,6.6039,55.4150,1.0000
sub-006,ses-02,C4,7,4,2,0,15.4933,4.1372,6.8343,7.5977,0.0000,5.0767,5.7341,5.6259,3.6902,5.5508,41.3247,1.0000
sub-006,ses-02,C4,8,4,2,0,9.1128,4.9971,3.7396,4.3621,0.0000,3.1531,5.2779,5.2711,7.4379,5.4666,16.7050,3.0000
sub-006,ses-02,C4,9,2,2,0,18.2016,6.8649,5.9919,3.6934,0.0000,4.2845,5.6319,5.5334,6.2113,4.5712,52.3987,1.0000
sub-006,ses-02,C4,10,2,2,0,14.1229,0.9766,6.6504,5.4897,0.0000,3.9922,6.6556,6.6235,11.2812,7.3028,48.5851,1.0000
sub-006,ses-02,C4,11,4,2,0,16.5487,10.2944,7.6247,2.9468,0.0000,4.4519,6.4056,6.3067,11.4494,5.8596,44.7789,1.0000
sub-006,ses-02,C4,12,2,4,0,4.5013,3.7057,4.4726,4.7416,0.0000,2.8210,6.0431,6.0625,6.1247,5.6252,16.6720,10.0000
sub-006,ses-02,C4,13,2,4,0,18.0533,7.9941,5.7028,4.6016,0.0000,4.6099,5.5449,5.4598,8.9723,4.9243,54.8917,1.0000
sub-006,ses-02,C4,14,2,2,0,5.8213,4.0777,6.7564,5.2874,0.0000,3.4621,5.6149,5.6063,6.2523,6.6995,24.1383,9.0000
sub-006,ses-02,C4,15,4,2,0,16.5298,7.6711,9.4230,5.2043,0.0000,5.1395,5.8342,5.7761,11.6129,5.7145,46.6307,1.0000
sub-006,ses-02,C4,16,4,2,0,19.4464,5.1206,9.1982,2.8539,0.0000,4.4316,5.5831,5.5389,6.4744,4.0309,33.7569,3.0000
sub-006,ses-02,C4,17,4,2,0,8.0219,6.6658,5.8182,4.2650,0.0000,3.4675,5.2679,5.2233,3.4222,6.0548,14.4961,10.0000
sub-006,ses-02,CP4,0,2,0,0,9.8715,12.0530,18.6171,1.9695,0.0000,5.2327,7.1085,7.0443,11.2827,5.8154,42.1522,9.0000
sub-006,ses-02,CP4,1,2,8,0,5.5194,6.5387,6.7532,4.4941,0.0000,3.4227,4.8603,4.8254,9.0705,3.8159,16.6650,7.0000
sub-006,ses-02,CP4,2,2,2,0,1.6959,3.3439,5.7975,5.5132,0.0000,2.9446,6.3268,6.3434,9.5747,6.5510,17.5721,22.0000
sub-006,ses-02,CP4,3,4,2,0,5.8002,7.2131,7.4544,5.6598,0.0000,3.9618,5.4550,5.4215,7.9913,4.4499,19.1245,7.0000
sub-006,ses-02,CP4,4,2,2,0,6.8956,2.6617,2.6031,3.8741,0.0000,2.4235,5.5640,5.5917,4.9510,6.5660,14.4555,19.0000
sub-006,ses-02,CP4,5,4,2,0,1.9653,10.6031,6.2521,12.3591,0.0000,5.7780,5.2375,5.1204,8.1706,3.6794,48.9834,22.0000
sub-006,ses-02,CP4,6,2,2,0,9.5758,2.7468,8.1836,7.4371,0.0000,4.5366,6.0555,5.9932,7.5861,5.2208,23.3703,1.0000
sub-006,ses-02,CP4,7,4,2,0,16.3712,7.4193,8.7903,9.5404,0.0000,6.3239,5.5120,5.3528,4.3032,4.9861,47.2619,1.0000
sub-006,ses-02,CP4,8,4,2,0,11.3417,8.3789,5.0749,7.9112,0.0000,4.9343,5.8418,5.7864,10.5624,4.6635,36.1014,20.0000
sub-006,ses-02,CP4,9,2,2,0,19.6854,9.4204,5.2479,13.3536,0.0000,7.4769,5.5176,5.3320,5.5140,4.0918,34.1379,20.0000
sub-006,ses-02,CP4,10,2,2,0,14.1334,1.7575,6.8422,7.7637,0.0000,4.7801,6.1698,6.0982,10.7684,5.1326,49.5479,1.0000
sub-006,ses-02,CP4,11,4,2,0,13.5471,4.7037,8.0625,6.4138,0.0000,4.7618,6.6670,6.6271,8.4470,4.9217,32.6892,1.0000
sub-006,ses-02,CP4,12,2,4,0,9.7811,7.2672,6.3798,8.5414,0.0000,5.0584,6.0967,6.0167,4.9767,6.0306,26.7903,19.0000
sub-006,ses-02,CP4,13,2,4,0,4.9970,5.6975,6.1424,13.5393,0.0000,5.9452,5.8052,5.6909,7.8658,5.5097,53.6873,21.0000
sub-006,ses-02,CP4,14,2,2,0,2.9090,6.2744,10.7042,8.5029,0.0000,4.9185,5.3767,5.3003,6.4671,4.3238,31.6896,22.0000
sub-006,ses-02,CP4,15,4,2,0,14.1131,5.2510,9.0966,12.4401,0.0000,6.8316,5.8476,5.7224,11.2300,4.9067,35.5925,20.0000
sub-006,ses-02,CP4,16,4,2,0,9.0615,4.5835,8.9390,7.1742,0.0000,4.6856,5.1291,5.0409,6.1969,4.9173,29.8697,9.0000
sub-006,ses-02,CP4,17,4,2,0,16.8997,5.1083,11.9129,10.7255,0.0000,6.9521,5.2590,5.0562,4.3079,4.0492,54.7379,1.0000
sub-006,ses-02,O2,0,2,0,0,28.4556,7.8959,5.7567,2.0029,0.0000,4.7903,6.4890,6.4005,9.6124,5.4749,52.8171,1.0000
sub-006,ses-02,O2,1,2,8,0,1.8192,2.0353,3.7652,6.3507,0.0000,2.8039,5.8695,5.8826,4.7927,4.3472,17.6550,14.0000
sub-006,ses-02,O2,2,2,2,0,6.3387,5.0171,2.8929,6.5339,0.0000,3.4354,5.1683,5.1388,3.7138,4.3198,24.0221,19.0000
sub-006,ses-02,O2,3,4,2,0,4.7309,2.2323,9.5048,2.8596,0.0000,2.8385,5.3700,5.3471,5.8276,6.1986,29.0307,9.0000
sub-006,ses-02,O2,4,2,2,0,10.5344,12.0013,7.0536,3.0103,0.0000,3.9907,5.5969,5.5619,4.5694,5.2689,24.4773,1.0000
sub-006,ses-02,O2,5,4,2,0,5.7764,1.5124,12.0008,3.6044,0.0000,3.4423,5.4117,5.3914,2.0874,7.7334,28.7146,10.0000
sub-006,ses-02,O2,6,2,2,0,25.3651,4.8287,6.7166,11.4494,0.0000,7.2074,12.6959,12.6347,6.9145,9.2018,68.1748,1.0000
sub-006,ses-02,O2,7,4,2,0,21.9568,9.8926,6.3259,3.4507,0.0000,4.8887,6.1386,6.0218,5.1356,4.8236,59.1017,1.0000
sub-006,ses-02,O2,8,4,2,0,14.3080,1.5814,4.1682,5.3473,0.0000,3.6763,5.4331,5.3590,6.7666,5.1915,46.7538,1.0000
sub-006,ses-02,O2,9,2,2,0,20.8032,4.5370,9.7824,3.8774,0.0000,4.8944,5.5012,5.3596,4.5073,7.5622,70.1587,1.0000
sub-006,ses-02,O2,10,2,2,0,24.6846,7.2198,12.1495,4.2753,0.0000,5.9557,6.4015,6.2615,3.8735,6.3515,65.2934,1.0000
sub-006,ses-02,O2,11,4,2,0,32.3352,1.7756,6.5498,3.1093,0.0000,5.0270,6.6269,6.4917,10.5249,7.3935,70.5965,1.0000
sub-006,ses-02,O2,12,2,4,0,2.1709,3.4829,8.3254,5.1780,0.0000,3.2531,5.6013,5.5984,6.4764,5.5341,17.8783,10.0000
sub-006,ses-02,O2,13,2,4,0,26.2148,10.1089,6.9653,5.1683,0.0000,5.9134,5.7827,5.6296,6.8946,4.4729,63.4251,1.0000
sub-006,ses-02,O2,14,2,2,0,13.1469,8.5500,6.4580,3.4607,0.0000,3.9657,6.0917,6.0189,4.6401,6.6248,36.5114,1.0000
sub-006,ses-02,O2,15,4,2,0,16.9184,11.6781,2.7482,3.4003,0.0000,4.0716,5.0504,4.9764,4.6727,4.2233,50.7336,1.0000
sub-006,ses-02,O2,16,4,2,0,5.7078,4.0676,11.6518,4.0504,0.0000,3.7597,5.2990,5.2728,4.4643,5.0100,21.8762,9.0000
sub-006,ses-02,O2,17,4,2,0,18.0674,3.4360,5.8630,6.6798,0.0000,4.8379,6.2682,6.1563,3.6814,5.4973,54.3710,1.0000
sub-007,ses-01,Fp1,0,4,2,0,7.8801,8.4051,6.2723,5.0940,0.0000,3.9302,6.1716,6.1417,4.4361,4.8147,18.5343,12.0000
sub-007,ses-01,Fp1,1,4,2,0,13.3260,5.5695,11.5178,6.1617,0.0000,5.2277,5.4501,5.3702,8.2114,4.8541,26.4056,1.0000
sub-007,ses-01,Fp1,2,2,4,2,0.8241,2.6568,4.1664,5.5129,0.0000,2.5718,4.8299,4.8286,2.3673,4.7015,14.6326,19.0000
sub-007,ses-01,Fp1,3,2,4,2,2.8326,3.6809,8.1837,10.4310,0.0000,4.9014,5.1590,5.0689,3.7080,5.6262,38.0534,22.0000
sub-007,ses-01,Fp1,4,4,4,0,33.4856,11.3589,3.3613,4.1213,0.0000,5.8866,6.5423,6.4275,8.3832,5.6298,66.1733,1.0000
sub-007,ses-01,Fp1,5,4,2,2,4.4116,9.5876,4.2284,4.4517,0.0000,3.2381,5.0165,5.0073,5.1179,5.7487,14.4845,5.0000
sub-007,ses-01,Fp1,6,8,2,0,2.2531,7.0392,3.6277,1.7024,0.0000,1.8853,5.9910,6.0434,5.3809,7.0124,13.9606,6.0000
sub-007,ses-01,Fp1,7,8,0,0,8.5980,2.8291,6.6497,5.3035,0.0000,3.5942,5.4507,5.4309,3.2311,5.8517,29.4119,1.0000
sub-007,ses-01,Fp1,8,8,2,0,7.4973,11.6363,5.0562,4.5913,0.0000,3.8735,6.2977,6.2909,6.5909,6.9686,25.6913,6.0000
sub-007,ses-01,Fp1,9,8,2,0,5.1694,5.0704,5.3485,5.2223,0.0000,3.2777,5.1900,5.1940,5.4692,5.3580,24.8445,18.0000
sub-007,ses-01,Fp1,10,4,2,2,8.3102,4.4032,5.3882,3.5236,0.0000,2.9998,5.6351,5.6374,4.8077,7.4228,19.3213,2.0000
sub-007,ses-01,Fp1,11,8,2,0,4.5466,9.2741,4.2323,5.8190,0.0000,3.6354,5.9736,5.9677,4.2699,5.1268,25.7365,21.0000
sub-007,ses-01,Fp1,12,8,0,0,8.0372,5.8212,9.7536,4.6579,0.0000,4.0583,5.7936,5.7684,11.5470,6.2015,17.4144,9.0000
sub-007,ses-01,Fp1,13,8,2,0,8.8916,4.4939,4.1757,5.6018,0.0000,3.5214,6.9211,6.9210,6.3853,6.6469,27.8364,2.0000
sub-007,ses-01,Fp1,14,4,2,2,4.6169,9.4722,4.6383,3.2264,0.0000,2.9332,5.3274,5.3179,6.5114,6.0206,16.7839,6.0000
sub-007,ses-01,Fp1,15,8,2,0,4.8281,4.3243,4.4373,5.3688,0.0000,3.0937,6.2576,6.2817,9.1501,6.3452,14.1567,18.0000
sub-007,ses-01,Fp1,16,8,0,0,10.9257,4.7304,5.6061,3.8416,0.0000,3.4000,5.8223,5.8275,5.0581,4.9215,21.7170,1.0000
sub-007,ses-01,Fp1,17,4,2,0,31.0809,13.9206,4.9534,6.7104,0.0000,6.9061,6.2850,6.0961,9.9778,4.8404,75.4007,1.0000
sub-007,ses-01,Fp1,18,8,0,0,18.0353,4.0069,5.8960,2.7576,0.0000,3.7068,6.1744,6.1146,7.5353,5.2331,60.4295,1.0000
sub-007,ses-01,Fp1,19,8,0,0,7.0009,2.7334,5.0345,4.9527,0.0000,3.1053,5.0702,5.0503,9.7081,2.8972,16.5152,9.0000
sub-007,ses-01,Fp1,20,8,0,0,3.0006,10.4008,3.5618,3.6299,0.0000,2.8411,5.4180,5.4260,4.5283,4.5598,14.7720,7.0000
sub-007,ses-01,Fp1,21,8,0,0,5.9616,2.4866,3.1075,6.5273,0.0000,3.1929,5.6519,5.6464,3.9297,5.9588,21.7247,17.0000
sub-007,ses-01,Fp1,22,8,0,0,8.9922,11.8007,6.5587,6.7626,0.0000,4.8939,6.7236,6.6654,10.6662,7.0438,23.9882,7.0000
sub-007,ses-01,Fp1,23,8,2,0,18.1221,10.1366,7.1408,4.8845,0.0000,5.1018,5.7456,5.6721,5.6628,5.0298,53.3976,1.0000
sub-007,ses-01,Fp1,24,8,0,0,11.4786,5.5621,4.5909,4.6266,0.0000,3.6245,5.8555,5.8404,4.5201,6.1741,29.6481,1.0000
sub-007,ses-01,Fp1,25,4,2,2,6.9494,4.4807,6.2969,6.0015,0.0000,3.7563,5.3798,5.3371,6.3766,4.9895,26.5253,1.0000
sub-007,ses-01,Fp1,26,8,2,0,14.1003,5.8265,11.7714,5.9783,0.0000,5.3036,5.8452,5.7639,4.8091,4.3643,28.0806,8.0000
sub-007,ses-01,C3,0,4,2,0,16.0899,3.1910,5.6583,4.1436,0.0000,3.8358,5.9318,5.8861,3.3443,4.8990,49.9520,1.0000
sub-007,ses-01,C3,1,4,2,0,11.5296,5.7178,5.8137,4.5599,0.0000,3.7942,5.7919,5.7581,5.8451,5.7781,20.6721,1.0000
sub-007,ses-01,C3,2,2,4,2,6.5868,3.1408,3.7241,3.2357,0.0000,2.4028,5.1056,5.1070,4.5917,5.5480,12.2973,9.0000
sub-007,ses-01,C3,3,2,4,2,12.3833,4.6097,9.1302,4.1022,0.0000,4.0949,5.4756,5.4321,11.5287,5.7519,43.1225,1.0000
sub-007,ses-01,C3,4,4,4,0,11.4739,9.6257,4.0331,4.2334,0.0000,3.8054,5.6852,5.6396,4.3935,6.9150,24.5419,1.0000
sub-007,ses-01,C3,5,4,2,2,8.2279,10.0815,8.2327,4.3766,0.0000,4.1751,6.5058,6.4858,16.6667,6.2940,35.4645,8.0000
sub-007,ses-01,C3,6,8,2,0,2.6156,3.2120,7.5960,4.3745,0.0000,2.9245,6.0966,6.0964,9.6579,4.0421,18.9027,12.0000
sub-007,ses-01,C3,7,8,0,0,10.3220,3.4260,8.6961,4.9463,0.0000,3.9877,5.8892,5.8583,4.2825,5.7932,24.9654,1.0000
sub-007,ses-01,C3,8,8,2,0,17.9855,5.1152,3.6990,1.7646,0.0000,3.1985,6.1048,6.0836,5.3730,4.0802,51.7443,1.0000
sub-007,ses-01,C3,9,8,2,0,8.8038,8.4788,5.4185,5.3297,0.0000,3.9750,5.3970,5.3652,4.8593,4.6983,18.7508,22.0000
sub-007,ses-01,C3,10,4,2,2,4.3336,3.5283,5.5591,3.6604,0.0000,2.6136,5.1315,5.1460,4.6775,5.8613,16.3441,18.0000
sub-007,ses-01,C3,11,8,2,0,16.7576,8.5816,3.1010,6.8526,0.0000,4.8615,5.3740,5.2752,2.6396,5.7821,37.9729,1.0000
sub-007,ses-01,C3,12,8,0,0,6.0523,7.1845,8.7777,3.0417,0.0000,3.3757,7.4272,7.4654,11.9855,6.3941,20.7590,8.0000
sub-007,ses-01,C3,13,8,2,0,18.2490,7.6846,5.9645,5.6728,0.0000,4.9597,12.3318,12.4096,13.5019,13.5615,35.5179,2.0000
sub-007,ses-01,C3,14,4,2,2,18.2921,8.6767,7.4998,5.4119,0.0000,5.1914,5.3691,5.2794,4.8890,5.0349,56.2783,1.0000
sub-007,ses-01,C3,15,8,2,0,13.8261,7.9826,1.9033,4.1692,0.0000,3.5547,5.8720,5.8527,5.2546,5.0888,33.9723,1.0000
sub-007,ses-01,C3,16,8,0,0,3.4881,2.0043,6.9194,3.4480,0.0000,2.5188,5.4350,5.4540,4.7756,5.3003,12.6547,19.0000
sub-007,ses-01,C3,17,4,2,0,15.0561,3.6427,3.4614,3.6036,0.0000,3.3119,6.5043,6.4762,6.8499,6.1501,48.3095,1.0000
sub-007,ses-01,C3,18,8,0,0,12.1916,5.5067,2.4490,2.4928,0.0000,2.7417,5.6293,5.6523,6.0686,4.2149,21.4169,1.0000
sub-007,ses-01,C3,19,8,0,0,10.0144,5.0165,8.0118,4.3100,0.0000,3.8192,5.8294,5.7931,7.2885,4.7003,27.2950,9.0000
sub-007,ses-01,C3,20,8,0,0,5.7221,7.6150,3.4930,3.7482,0.0000,2.8612,5.3302,5.3140,3.5949,6.8203,20.5865,18.0000
sub-007,ses-01,C3,21,8,0,0,10.7137,7.0384,2.7411,3.0091,0.0000,2.9436,4.8836,4.8851,4.9245,4.7458,20.6437,1.0000
sub-007,ses-01,C3,22,8,0,0,6.3276,6.3957,14.1511,4.4003,0.0000,4.4884,7.4119,7.3916,7.4763,8.7578,35.0278,9.0000
sub-007,ses-01,C3,23,8,2,0,20.6735,12.6113,6.8171,2.9375,0.0000,4.9356,5.9751,5.9244,5.7646,5.4640,33.5446,1.0000
sub-007,ses-01,C3,24,8,0,0,5.6546,11.0036,5.3949,3.6146,0.0000,3.3952,5.4485,5.4280,6.4916,5.3854,23.8693,5.0000
sub-007,ses-01,C3,25,4,2,2,4.4319,9.8305,6.6886,5.1683,0.0000,3.8225,5.1860,5.1519,7.2242,5.2233,25.6936,15.0000
sub-007,ses-01,C3,26,8,2,0,15.9467,5.8468,14.7743,6.1373,0.0000,5.9443,5.1512,4.9895,5.5628,5.4008,44.2967,1.0000
sub-007,ses-01,CP3,0,4,2,0,7.5421,4.1146,5.0191,3.7319,0.0000,2.9129,8.1346,8.1796,5.2949,6.7108,21.5872,22.0000
sub-007,ses-01,CP3,1,4,2,0,3.5223,1.9781,5.2352,3.2240,0.0000,2.2169,6.2124,6.2435,4.9212,8.3171,10.8429,22.0000
sub-007,ses-01,CP3,2,2,4,2,4.5947,1.0823,6.1968,3.5678,0.0000,2.4714,5.1642,5.1812,5.5940,5.1838,13.0652,11.0000
sub-007,ses-01,CP3,3,2,4,2,2.6256,4.2136,2.5774,2.9919,0.0000,1.9004,4.7550,4.7825,9.6852,5.5674,12.4236,19.0000
sub-007,ses-01,CP3,4,4,4,0,21.3783,11.2136,5.0224,3.1881,0.0000,4.6964,6.1865,6.0981,4.4885,6.4507,65.4809,1.0000
sub-007,ses-01,CP3,5,4,2,2,11.8481,13.6485,8.4809,3.8829,0.0000,4.7290,6.9291,6.9237,10.7291,5.6139,31.3030,4.0000
sub-007,ses-01,CP3,6,8,2,0,5.9895,10.7291,10.1336,6.0031,0.0000,4.7841,7.6728,7.6582,6.1434,8.4662,30.5730,12.0000
sub-007,ses-01,CP3,7,8,0,0,6.3492,2.8201,5.5895,3.8404,0.0000,2.7939,6.3507,6.3580,3.9332,4.9362,24.8335,21.0000
sub-007,ses-01,CP3,8,8,2,0,13.6640,2.8204,5.4076,3.9068,0.0000,3.4691,5.9410,5.9209,5.5804,4.5799,22.1749,1.0000
sub-007,ses-01,CP3,9,8,2,0,5.7869,14.7296,8.6735,5.1510,0.0000,4.6761,6.8072,6.7745,8.7716,7.7457,22.4447,5.0000
sub-007,ses-01,CP3,10,4,2,2,4.3192,4.6958,9.7757,4.3805,0.0000,3.5270,5.8127,5.8114,4.3438,7.5482,17.4914,10.0000
sub-007,ses-01,CP3,11,8,2,0,13.6406,7.5348,1.6670,3.2086,0.0000,3.1725,5.2372,5.2232,2.7470,3.3677,21.5292,7.0000
sub-007,ses-01,CP3,12,8,0,0,11.0215,16.4120,8.9330,3.4076,0.0000,4.8286,8.8198,8.8305,16.5458,6.4994,31.6547,5.0000
sub-007,ses-01,CP3,13,8,2,0,29.8922,14.4048,13.2754,14.4963,0.0000,10.3556,20.1066,20.1549,24.9095,21.0488,41.4871,14.0000
sub-007,ses-01,CP3,14,4,2,2,11.5363,9.8665,8.5322,4.1837,0.0000,4.4463,5.5304,5.4864,4.1032,4.5539,26.9971,11.0000
sub-007,ses-01,CP3,15,8,2,0,6.3310,6.3828,3.8477,3.1891,0.0000,2.6837,6.1172,6.1425,5.5518,6.3918,19.8227,20.0000
sub-007,ses-01,CP3,16,8,0,0,23.1249,4.0834,2.9587,2.9808,0.0000,3.8450,5.1237,5.0155,3.9399,5.1866,63.7333,1.0000
sub-007,ses-01,CP3,17,4,2,0,18.4815,2.3383,2.6620,3.0816,0.0000,3.2398,6.9012,6.8720,5.4609,7.1422,57.5710,1.0000
sub-007,ses-01,CP3,18,8,0,0,18.4775,4.0106,1.8032,1.7112,0.0000,2.8609,5.7564,5.7727,6.4202,5.6357,47.6706,1.0000
sub-007,ses-01,CP3,19,8,0,0,7.4770,2.2867,5.4810,4.1112,0.0000,2.9159,5.4878,5.4777,7.7506,4.6548,21.3354,16.0000
sub-007,ses-01,CP3,20,8,0,0,16.2423,3.0574,4.6825,2.2928,0.0000,3.1418,5.6159,5.5573,3.6296,5.6537,56.6837,1.0000
sub-007,ses-01,CP3,21,8,0,0,8.0962,9.3020,2.4963,2.7915,0.0000,2.8107,4.8718,4.8685,4.1583,4.2961,16.7556,7.0000
sub-007,ses-01,CP3,22,8,0,0,13.2996,8.1342,10.7335,3.3857,0.0000,4.5151,6.8662,6.8359,10.7556,8.1375,35.3523,1.0000
sub-007,ses-01,CP3,23,8,2,0,29.2595,11.8373,5.3596,3.2923,0.0000,5.5661,5.8677,5.7595,4.4247,5.3539,64.1788,1.0000
sub-007,ses-01,CP3,24,8,0,0,7.6831,3.9340,6.2321,5.0214,0.0000,3.4684,5.4491,5.4279,6.4168,4.3612,22.6495,18.0000
sub-007,ses-01,CP3,25,4,2,2,10.1746,6.2900,5.1696,5.2323,0.0000,3.8348,5.4955,5.4625,5.7756,4.5114,35.9153,1.0000
sub-007,ses-01,CP3,26,8,2,0,20.1696,16.7467,8.0200,6.3093,0.0000,6.4606,5.8346,5.7224,5.6327,5.9906,47.7054,1.0000
sub-007,ses-01,O1,0,4,2,0,14.4960,5.8877,6.3032,4.7282,0.0000,4.2051,5.5456,5.5075,5.1625,5.2823,42.9392,1.0000
sub-007,ses-01,O1,1,4,2,0,6.6383,10.6686,9.9383,5.2755,0.0000,4.5916,5.2434,5.1785,3.4347,4.8626,30.6240,10.0000
sub-007,ses-01,O1,2,2,4,2,13.8347,10.5396,1.6293,5.5045,0.0000,4.1589,5.6072,5.5673,5.4332,5.4305,38.2921,1.0000
sub-007,ses-01,O1,3,2,4,2,11.7304,8.2541,9.8125,5.2331,0.0000,4.8103,6.1822,6.1017,8.7995,6.7161,34.5093,1.0000
sub-007,ses-01,O1,4,4,4,0,17.4109,4.9260,4.2617,2.6669,0.0000,3.4788,5.7570,5.7164,6.0883,4.1779,58.2651,1.0000
sub-007,ses-01,O1,5,4,2,2,10.6517,17.5655,15.2869,10.5748,0.0000,7.9549,12.1921,12.1549,27.7597,11.8248,32.8438,6.0000
sub-007,ses-01,O1,6,8,2,0,4.0752,4.7867,6.5711,5.9185,0.0000,3.5306,5.3013,5.2917,4.6786,5.9440,20.0970,18.0000
sub-007,ses-01,O1,7,8,0,0,1.9123,4.7056,2.2257,1.7782,0.0000,1.4638,5.4305,5.4875,2.7384,4.4466,13.4021,5.0000
sub-007,ses-01,O1,8,8,2,0,10.4942,2.1145,3.8888,3.8339,0.0000,2.8746,5.5524,5.5198,4.4840,5.2157,40.4634,1.0000
sub-007,ses-01,O1,9,8,2,0,8.0228,7.2162,5.1229,3.2233,0.0000,3.1069,5.9089,5.9217,5.4880,5.1833,14.2756,6.0000
sub-007,ses-01,O1,10,4,2,2,7.4427,3.5999,4.2102,2.1790,0.0000,2.2734,5.2734,5.2994,4.6484,3.3295,15.7734,2.0000
sub-007,ses-01,O1,11,8,2,0,3.1750,6.5221,4.8024,4.3978,0.0000,2.9017,6.1726,6.1901,5.3084,7.4137,20.3031,15.0000
sub-007,ses-01,O1,12,8,0,0,14.9150,7.1767,15.0738,5.1330,0.0000,5.7102,9.0213,8.9922,18.6645,9.4228,57.6025,1.0000
sub-007,ses-01,O1,13,8,2,0,23.7243,29.1549,24.1587,22.3786,0.0000,15.0556,29.5050,29.5908,34.4026,33.9809,45.1098,8.0000
sub-007,ses-01,O1,14,4,2,2,9.6566,11.9839,6.5468,4.8443,0.0000,4.3912,7.1597,7.1479,13.3570,4.8995,22.1357,18.0000
sub-007,ses-01,O1,15,8,2,0,3.3678,8.5702,5.4891,3.6673,0.0000,2.9852,5.2403,5.2347,5.9121,5.7995,17.4737,7.0000
sub-007,ses-01,O1,16,8,0,0,21.2917,11.4093,9.6278,4.5190,0.0000,5.7516,6.5028,6.4176,5.5545,6.6402,55.9372,1.0000
sub-007,ses-01,O1,17,4,2,0,11.6276,6.3940,9.6892,8.8721,0.0000,5.7107,9.0828,9.0093,6.5050,11.7705,27.9310,20.0000
sub-007,ses-01,O1,18,8,0,0,10.8235,1.0964,3.7753,4.9534,0.0000,3.1332,7.4563,7.4935,4.5702,6.5277,19.5045,1.0000
sub-007,ses-01,O1,19,8,0,0,11.9952,9.4459,9.6111,4.5748,0.0000,4.7187,8.4605,8.4598,12.4624,9.0582,31.0430,3.0000
sub-007,ses-01,O1,20,8,0,0,14.7900,8.1736,3.8464,5.0352,0.0000,4.1951,8.2274,8.2204,7.9446,7.9791,48.6710,1.0000
sub-007,ses-01,O1,21,8,0,0,18.5057,2.1893,4.9798,3.7660,0.0000,3.7585,5.6286,5.5396,6.2348,5.7012,48.1239,1.0000
sub-007,ses-01,O1,22,8,0,0,12.9738,1.9175,10.4535,5.0773,0.0000,4.3789,5.2333,5.1510,5.2173,4.8672,42.8009,1.0000
sub-007,ses-01,O1,23,8,2,0,23.1180,4.0987,10.8671,2.5226,0.0000,4.8108,5.8284,5.7005,6.9513,5.3163,65.3911,1.0000
sub-007,ses-01,O1,24,8,0,0,26.1663,11.0979,5.2896,2.9296,0.0000,5.0902,6.5389,6.4428,5.0891,5.8846,63.4139,1.0000
sub-007,ses-01,O1,25,4,2,2,30.2976,4.9866,4.4704,4.3753,0.0000,5.2288,5.7813,5.6431,5.9512,5.9355,78.3694,1.0000
sub-007,ses-01,O1,26,8,2,0,25.7154,10.9128,3.2012,3.6472,0.0000,4.9566,6.4897,6.3532,11.1618,4.5252,71.6548,1.0000
sub-007,ses-01,Pz,0,4,2,0,11.8848,4.7588,5.3554,4.3934,0.0000,3.6237,6.4780,6.4579,3.0652,7.7973,33.8176,1.0000
sub-007,ses-01,Pz,1,4,2,0,13.2276,7.1424,5.7126,1.3286,0.0000,3.0937,5.7167,5.7083,9.2077,5.1567,35.2543,1.0000
sub-007,ses-01,Pz,2,2,4,2,20.4014,9.0241,3.2470,4.5018,0.0000,4.5513,5.4356,5.3660,10.8446,4.5700,48.7046,1.0000
sub-007,ses-01,Pz,3,2,4,2,8.2293,3.0299,8.6537,3.2117,0.0000,3.2258,5.2846,5.2781,7.1157,5.0964,25.1522,9.0000
sub-007,ses-01,Pz,4,4,4,0,8.7895,6.6909,6.9219,4.5701,0.0000,3.7875,6.1352,6.1284,10.1689,5.2571,27.1934,14.0000
sub-007,ses-01,Pz,5,4,2,2,7.4085,4.8430,4.0055,3.1729,0.0000,2.6578,5.1596,5.1663,4.9773,4.1486,24.0214,2.0000
sub-007,ses-01,Pz,6,8,2,0,7.2024,4.6981,6.5247,9.5116,0.0000,4.8931,8.1350,8.1315,7.0257,8.3278,22.2830,17.0000
sub-007,ses-01,Pz,7,8,0,0,10.5910,7.0857,7.7635,4.3577,0.0000,4.0451,7.7578,7.7789,7.8517,8.2141,23.6889,2.0000
sub-007,ses-01,Pz,8,8,2,0,4.8748,1.3578,5.8315,5.8687,0.0000,3.1677,5.5735,5.5674,6.3982,4.2875,19.3288,16.0000
sub-007,ses-01,Pz,9,8,2,0,9.1698,15.5720,4.4788,4.2820,0.0000,4.2211,6.2870,6.2667,5.9021,5.7373,24.4328,5.0000
sub-007,ses-01,Pz,10,4,2,2,6.5344,9.4470,7.7858,6.5533,0.0000,4.5542,6.4068,6.3502,10.3109,5.2356,29.8381,17.0000
sub-007,ses-01,Pz,11,8,2,0,28.6326,12.1523,4.4766,6.0351,0.0000,6.2431,9.0587,9.0107,17.5687,7.1976,65.4225,1.0000
sub-007,ses-01,Pz,12,8,0,0,15.1628,12.4320,17.1556,7.0992,0.0000,7.1070,9.9788,9.9419,10.6804,10.9907,26.5533,9.0000
sub-007,ses-01,Pz,13,8,2,0,38.4921,37.4118,33.9526,26.5754,0.0000,19.8328,35.7261,35.7818,35.9772,39.5038,51.3432,18.0000
sub-007,ses-01,Pz,14,4,2,2,6.0159,1.9082,4.4152,3.4896,0.0000,2.4082,6.6151,6.6614,5.2844,5.8403,17.4989,2.0000
sub-007,ses-01,Pz,15,8,2,0,10.1771,5.4292,4.6408,4.3507,0.0000,3.4146,5.9612,5.9683,4.9842,5.2801,24.9274,1.0000
sub-007,ses-01,Pz,16,8,0,0,14.6134,2.5428,5.0168,2.5708,0.0000,3.0732,5.2664,5.2170,4.2292,6.2994,48.8013,1.0000
sub-007,ses-01,Pz,17,4,2,0,10.7810,12.3375,20.6599,7.3842,0.0000,7.2658,9.5048,9.4424,19.0676,10.8793,46.5743,9.0000
sub-007,ses-01,Pz,18,8,0,0,12.6272,6.5190,4.9756,5.1074,0.0000,4.0194,5.4742,5.4423,7.4005,4.3351,28.6208,1.0000
sub-007,ses-01,Pz,19,8,0,0,7.1379,6.7973,8.2608,4.4066,0.0000,3.7812,5.7319,5.7019,7.8198,4.4323,18.8600,16.0000
sub-007,ses-01,Pz,20,8,0,0,3.2191,6.8709,3.5526,2.7533,0.0000,2.2667,4.8647,4.8773,5.1639,5.1601,16.4764,7.0000
sub-007,ses-01,Pz,21,8,0,0,4.2428,2.6764,9.2235,4.2552,0.0000,3.2171,6.1198,6.1232,7.1634,5.7833,16.6352,9.0000
sub-007,ses-01,Pz,22,8,0,0,4.0165,5.2560,8.2635,3.4277,0.0000,3.0519,5.7828,5.7858,7.3003,6.1525,26.3975,9.0000
sub-007,ses-01,Pz,23,8,2,0,3.8651,2.9245,11.2372,5.6406,0.0000,3.9049,6.1013,6.0820,6.2337,5.7932,29.9257,8.0000
sub-007,ses-01,Pz,24,8,0,0,16.4499,6.4098,6.0950,5.1795,0.0000,4.5429,5.7700,5.7228,5.5889,4.0458,28.3518,1.0000
sub-007,ses-01,Pz,25,4,2,2,7.9878,11.5656,9.8089,4.7423,0.0000,4.6213,6.3729,6.3354,7.0185,6.7479,28.9923,5.0000
sub-007,ses-01,Pz,26,8,2,0,23.0929,7.2967,6.1010,4.3685,0.0000,4.9990,5.3962,5.2880,8.9814,4.1055,64.6626,1.0000
sub-007,ses-01,Fp2,0,4,2,0,10.5419,9.8237,7.3340,2.2978,0.0000,3.6125,6.7722,6.7924,4.6355,6.1427,19.6355,6.0000
sub-007,ses-01,Fp2,1,4,2,0,2.6941,8.5691,6.9340,8.0220,0.0000,4.4405,5.7166,5.6562,7.9154,4.4787,29.6749,11.0000
sub-007,ses-01,Fp2,2,2,4,2,4.3399,4.7189,3.6556,4.8221,0.0000,2.8106,4.9956,5.0003,2.9917,6.0908,11.6875,22.0000
sub-007,ses-01,Fp2,3,2,4,2,9.8732,1.5196,2.3090,5.6773,0.0000,3.0984,4.8016,4.7845,5.5343,4.8376,32.2766,1.0000
sub-007,ses-01,Fp2,4,4,4,0,30.5638,12.5317,2.5750,3.6402,0.0000,5.4687,6.5995,6.5483,5.1335,3.8046,49.0808,3.0000
sub-007,ses-01,Fp2,5,4,2,2,5.9469,7.6848,4.4982,4.6428,0.0000,3.2993,6.0315,6.0375,6.1531,4.4246,12.8120,1.0000
sub-007,ses-01,Fp2,6,8,2,0,5.9008,7.4365,2.1680,3.4677,0.0000,2.5916,5.3614,5.3728,5.9044,6.0186,21.9409,6.0000
sub-007,ses-01,Fp2,7,8,0,0,9.4009,4.0387,4.7087,7.4133,0.0000,4.1485,5.3882,5.3462,3.8548,5.2115,28.7553,19.0000
sub-007,ses-01,Fp2,8,8,2,0,13.8372,3.4382,6.9071,4.5769,0.0000,3.9545,5.4351,5.3682,3.3480,6.6870,44.6860,1.0000
sub-007,ses-01,Fp2,9,8,2,0,8.1842,6.0586,4.7529,3.4265,0.0000,3.0240,5.2413,5.2467,3.3843,4.6839,16.2047,1.0000
sub-007,ses-01,Fp2,10,4,2,2,7.2619,4.8130,5.0443,4.5374,0.0000,3.1989,5.4143,5.3988,3.2785,5.2335,15.6497,2.0000
sub-007,ses-01,Fp2,11,8,2,0,13.9824,10.9551,4.6513,4.3223,0.0000,4.2755,6.0461,6.0253,4.0210,5.5336,28.7372,1.0000
sub-007,ses-01,Fp2,12,8,0,0,3.2521,4.1671,5.2513,6.9117,0.0000,3.5125,5.4948,5.4756,5.9507,4.7774,32.2823,20.0000
sub-007,ses-01,Fp2,13,8,2,0,10.5536,4.0973,3.6454,4.6687,0.0000,3.2830,6.3249,6.3332,7.5452,6.4814,23.7554,1.0000
sub-007,ses-01,Fp2,14,4,2,2,11.4183,8.6210,5.9905,5.2372,0.0000,4.2834,5.1333,5.0644,4.9795,4.5077,32.7205,1.0000
sub-007,ses-01,Fp2,15,8,2,0,8.5656,3.0044,9.7493,4.7364,0.0000,3.8686,5.5870,5.5785,4.9765,6.3510,29.7008,13.0000
sub-007,ses-01,Fp2,16,8,0,0,16.7176,4.0943,2.8294,4.2494,0.0000,3.6155,5.9849,5.9784,3.9888,4.6400,37.8676,2.0000
sub-007,ses-01,Fp2,17,4,2,0,15.8304,5.3405,6.7671,8.0440,0.0000,5.3455,7.3689,7.3125,7.3090,4.9320,50.4061,1.0000
sub-007,ses-01,Fp2,18,8,0,0,10.3675,3.6439,6.7321,2.9403,0.0000,3.1317,5.2815,5.2402,4.5184,4.4589,33.3748,1.0000
sub-007,ses-01,Fp2,19,8,0,0,3.5967,4.8201,10.9711,4.8134,0.0000,3.7690,5.4162,5.3774,9.4039,4.1708,28.3876,10.0000
sub-007,ses-01,Fp2,20,8,0,0,8.4822,11.5688,1.2821,5.3138,0.0000,3.6506,5.6735,5.6569,5.4387,5.5338,18.6695,4.0000
sub-007,ses-01,Fp2,21,8,0,0,15.7730,2.1809,6.0089,2.2585,0.0000,3.1914,5.3090,5.2992,4.8353,5.5486,46.8255,1.0000
sub-007,ses-01,Fp2,22,8,0,0,8.3259,6.6429,5.7903,4.5513,0.0000,3.5764,7.0973,7.1085,9.6395,7.5005,25.5904,3.0000
sub-007,ses-01,Fp2,23,8,2,0,15.1808,6.0921,5.5802,4.1772,0.0000,4.0204,5.6221,5.5981,4.3567,4.2406,35.0064,1.0000
sub-007,ses-01,Fp2,24,8,0,0,2.9306,7.7765,6.1746,6.4202,0.0000,3.7986,5.0959,5.0568,5.9144,5.7741,21.0308,21.0000
sub-007,ses-01,Fp2,25,4,2,2,2.8889,2.0517,4.0817,7.1615,0.0000,3.1942,5.1329,5.1226,4.4506,6.1972,18.2573,16.0000
sub-007,ses-01,Fp2,26,8,2,0,13.3530,9.5741,4.4733,3.3339,0.0000,3.7649,5.5998,5.5788,4.8519,5.4836,26.8560,2.0000
sub-007,ses-01,Fz,0,4,2,0,22.9125,4.2840,2.5963,4.7936,0.0000,4.3414,5.7393,5.6504,4.9401,4.6604,57.3156,1.0000
sub-007,ses-01,Fz,1,4,2,0,5.8932,4.0178,4.4443,3.0953,0.0000,2.4779,5.9796,6.0125,8.2252,4.8933,10.5306,2.0000
sub-007,ses-01,Fz,2,2,4,2,8.3649,2.6590,8.4940,7.0800,0.0000,4.3511,5.4908,5.4422,4.1228,6.1232,20.5865,1.0000
sub-007,ses-01,Fz,3,2,4,2,5.4935,5.6477,4.0805,4.2467,0.0000,2.8896,4.8265,4.8217,6.8216,5.7123,15.5182,13.0000
sub-007,ses-01,Fz,4,4,4,0,1.5625,5.9352,5.7271,2.4574,0.0000,2.2395,5.7137,5.7520,7.8245,5.8371,19.3896,7.0000
sub-007,ses-01,Fz,5,4,2,2,9.8119,9.3392,4.7725,4.1276,0.0000,3.6953,5.6863,5.6727,6.7535,5.7180,21.2399,2.0000
sub-007,ses-01,Fz,6,8,2,0,8.4495,4.2536,6.4883,3.3620,0.0000,3.1034,5.0032,4.9983,3.5664,5.2104,23.3789,1.0000
sub-007,ses-01,Fz,7,8,0,0,17.6133,3.1833,4.3985,6.0296,0.0000,4.3712,5.0695,5.0115,4.6973,5.4890,52.9632,1.0000
sub-007,ses-01,Fz,8,8,2,0,21.6585,4.1418,4.2367,3.1669,0.0000,3.9486,6.7082,6.6615,3.3117,6.8693,64.2298,1.0000
sub-007,ses-01,Fz,9,8,2,0,10.3520,5.4629,8.4712,5.7620,0.0000,4.3952,4.9832,4.9435,4.0902,4.6176,20.4833,13.0000
sub-007,ses-01,Fz,10,4,2,2,23.5736,3.1004,7.8092,3.2284,0.0000,4.5470,6.1299,6.0456,5.2484,5.6314,71.2894,1.0000
sub-007,ses-01,Fz,11,8,2,0,28.5311,9.3589,3.9685,4.0326,0.0000,5.2976,5.4553,5.3161,5.6275,5.2626,66.9214,1.0000
sub-007,ses-01,Fz,12,8,0,0,16.9504,3.9390,7.8558,2.7700,0.0000,3.8768,5.6695,5.6414,8.4842,5.5320,42.0652,1.0000
sub-007,ses-01,Fz,13,8,2,0,17.8171,10.0211,4.3226,3.7138,0.0000,4.3155,7.3307,7.3249,7.8913,7.1795,26.9599,3.0000
sub-007,ses-01,Fz,14,4,2,2,3.7220,4.9293,3.8761,2.6459,0.0000,2.1455,5.4278,5.4544,8.1701,4.7376,10.4067,5.0000
sub-007,ses-01,Fz,15,8,2,0,16.1208,6.8532,6.3252,5.4997,0.0000,4.6824,5.6867,5.6374,9.2172,5.9137,35.2779,1.0000
sub-007,ses-01,Fz,16,8,0,0,17.3888,4.2158,4.9611,2.1595,0.0000,3.3549,5.7265,5.6798,2.7909,4.4978,44.4343,1.0000
sub-007,ses-01,Fz,17,4,2,0,14.0991,4.3277,5.2147,5.2286,0.0000,4.0225,6.1630,6.1414,10.8548,5.0972,35.3571,1.0000
sub-007,ses-01,Fz,18,8,0,0,14.0373,8.1096,3.5902,2.7909,0.0000,3.4049,5.5135,5.4724,4.0805,3.9734,34.0419,1.0000
sub-007,ses-01,Fz,19,8,0,0,3.7299,4.4540,10.3844,5.0822,0.0000,3.7468,5.3084,5.2727,3.7995,4.1791,27.8918,10.0000
sub-007,ses-01,Fz,20,8,0,0,15.0293,5.9869,2.0441,2.1853,0.0000,2.9009,5.5376,5.5029,5.7373,5.3497,46.1239,1.0000
sub-007,ses-01,Fz,21,8,0,0,7.0722,3.0224,3.5536,2.4948,0.0000,2.1891,5.1886,5.2151,3.3345,5.6001,16.7580,1.0000
sub-007,ses-01,Fz,22,8,0,0,14.0295,8.0161,8.7559,5.7231,0.0000,5.0027,7.8965,7.8427,7.5465,8.5720,42.9524,1.0000
sub-007,ses-01,Fz,23,8,2,0,15.2106,9.6978,9.0114,3.1543,0.0000,4.5281,5.3690,5.3079,3.6361,5.0882,35.3339,1.0000
sub-007,ses-01,Fz,24,8,0,0,6.8989,9.1667,3.0029,2.7515,0.0000,2.7453,4.9964,4.9929,5.7705,4.6472,24.8644,5.0000
sub-007,ses-01,Fz,25,4,2,2,9.6693,5.3910,6.6911,4.2538,0.0000,3.6206,5.4731,5.4419,11.4231,6.7574,24.4192,12.0000
sub-007,ses-01,Fz,26,8,2,0,7.3828,4.9423,14.4552,3.7398,0.0000,4.2942,5.6387,5.5935,6.4789,5.6028,27.4044,9.0000
sub-007,ses-01,FCz,0,4,2,0,17.9469,7.5429,2.7221,3.1324,0.0000,3.6980,5.9713,5.9388,3.9078,4.2598,49.0481,1.0000
sub-007,ses-01,FCz,1,4,2,0,6.5306,3.1718,4.5989,3.5463,0.0000,2.6164,5.8336,5.8580,7.8042,6.3057,14.8456,2.0000
sub-007,ses-01,FCz,2,2,4,2,13.3716,2.5925,6.3258,5.4098,0.0000,4.0032,5.5556,5.4818,5.1716,5.4869,42.5089,1.0000
sub-007,ses-01,FCz,3,2,4,2,7.7187,3.0559,6.8092,5.2578,0.0000,3.5420,5.5053,5.4920,11.9645,5.4098,18.5676,19.0000
sub-007,ses-01,FCz,4,4,4,0,5.4065,8.4163,7.5072,4.6237,0.0000,3.7312,6.1262,6.1186,7.3353,5.3592,16.0996,7.0000
sub-007,ses-01,FCz,5,4,2,2,11.3585,9.7265,4.9878,4.8261,0.0000,4.1164,5.6215,5.5918,6.4043,5.3909,19.2116,1.0000
sub-007,ses-01,FCz,6,8,2,0,3.3589,4.7837,6.4948,2.8215,0.0000,2.5167,4.8105,4.8128,4.9927,3.8742,15.1199,6.0000
sub-007,ses-01,FCz,7,8,0,0,6.9189,5.0974,4.0914,5.9000,0.0000,3.4724,5.0018,4.9548,3.7110,4.9837,20.6238,1.0000
sub-007,ses-01,FCz,8,8,2,0,18.5198,4.7070,3.0965,3.5701,0.0000,3.6720,6.1891,6.1493,3.2977,6.3511,57.6489,1.0000
sub-007,ses-01,FCz,9,8,2,0,7.4051,9.0872,1.6041,4.4632,0.0000,3.1073,5.1695,5.1610,4.2161,4.2525,17.4418,6.0000
sub-007,ses-01,FCz,10,4,2,2,21.5329,4.1764,6.2772,5.0090,0.0000,4.7818,5.8724,5.7856,3.7630,4.9849,64.8175,1.0000
sub-007,ses-01,FCz,11,8,2,0,24.3116,6.7053,4.8093,4.0471,0.0000,4.7799,5.0813,4.9620,7.4810,5.0395,54.1271,1.0000
sub-007,ses-01,FCz,12,8,0,0,6.5995,3.3209,9.4934,3.4928,0.0000,3.3034,5.9755,5.9772,7.1819,4.7189,18.5734,10.0000
sub-007,ses-01,FCz,13,8,2,0,23.2796,13.2801,6.5780,5.6079,0.0000,6.0142,7.8901,7.8229,7.6394,8.2257,33.2303,3.0000
sub-007,ses-01,FCz,14,4,2,2,1.4697,3.1759,4.0086,4.7534,0.0000,2.4286,5.1229,5.1357,5.5279,4.4124,23.2940,20.0000
sub-007,ses-01,FCz,15,8,2,0,7.2244,4.1054,5.3245,3.6675,0.0000,2.9057,5.5517,5.5742,9.6808,5.8988,17.1951,13.0000
sub-007,ses-01,FCz,16,8,0,0,10.6679,2.4880,5.9711,3.9995,0.0000,3.2661,5.4398,5.4292,3.6003,4.6177,20.1496,1.0000
sub-007,ses-01,FCz,17,4,2,0,6.5859,1.5780,6.9071,6.2103,0.0000,3.6007,5.9248,5.9153,9.6952,5.2900,14.3786,13.0000
sub-007,ses-01,FCz,18,8,0,0,13.6499,7.7450,5.9177,2.5198,0.0000,3.5778,5.5306,5.5102,3.7335,4.4400,37.7209,1.0000
sub-007,ses-01,FCz,19,8,0,0,3.9578,5.1658,7.9086,3.7123,0.0000,3.0746,5.4930,5.4890,2.9132,4.4915,18.4099,8.0000
sub-007,ses-01,FCz,20,8,0,0,12.3062,7.0661,2.6208,3.2277,0.0000,3.1436,5.4839,5.4504,6.1660,5.0405,40.9784,1.0000
sub-007,ses-01,FCz,21,8,0,0,7.3284,5.7358,4.5983,3.5896,0.0000,2.9421,5.6196,5.6178,3.5763,5.7449,13.6600,6.0000
sub-007,ses-01,FCz,22,8,0,0,11.3362,6.2841,11.7347,7.5843,0.0000,5.5694,7.4591,7.4301,6.4321,9.3232,38.9411,13.0000
sub-007,ses-01,FCz,23,8,2,0,18.1720,6.8431,9.3768,3.1550,0.0000,4.5892,5.6653,5.5942,4.9292,5.2920,50.7679,1.0000
sub-007,ses-01,FCz,24,8,0,0,5.3809,8.7888,5.6703,3.0169,0.0000,3.0214,5.1259,5.1086,5.4195,4.4999,19.4068,5.0000
sub-007,ses-01,FCz,25,4,2,2,18.7773,5.6972,5.2754,6.2259,0.0000,4.8950,5.7490,5.6627,10.6651,6.3585,54.6965,1.0000
sub-007,ses-01,FCz,26,8,2,0,11.4489,4.9951,14.4820,4.4844,0.0000,4.9062,5.4841,5.4120,4.3574,5.5421,36.4319,9.0000
sub-007,ses-01,Cz,0,4,2,0,17.5137,4.8851,3.5076,3.0716,0.0000,3.5017,5.6416,5.6140,3.7617,3.7602,46.5273,1.0000
sub-007,ses-01,Cz,1,4,2,0,23.1059,5.1686,4.6423,4.5768,0.0000,4.6616,6.2193,6.1190,8.7565,6.4551,58.0890,1.0000
sub-007,ses-01,Cz,2,2,4,2,10.4394,5.5484,5.5673,6.9579,0.0000,4.3676,5.7390,5.6760,5.6153,5.4159,28.7124,1.0000
sub-007,ses-01,Cz,3,2,4,2,8.4462,2.5963,6.2619,4.9762,0.0000,3.4054,5.2636,5.2553,8.7822,5.0655,20.1139,19.0000
sub-007,ses-01,Cz,4,4,4,0,16.7604,8.6385,9.8280,5.1708,0.0000,5.2973,6.5987,6.5426,5.3179,6.4779,41.2392,1.0000
sub-007,ses-01,Cz,5,4,2,2,6.6630,7.8009,7.6649,5.4607,0.0000,4.0659,5.4954,5.4652,7.7557,6.2849,20.0624,13.0000
sub-007,ses-01,Cz,6,8,2,0,13.7562,7.8859,11.8646,4.1908,0.0000,4.9357,6.4803,6.4354,3.5104,6.0479,24.5846,10.0000
sub-007,ses-01,Cz,7,8,0,0,11.5835,2.0478,5.3064,4.6148,0.0000,3.4036,5.2772,5.2620,8.0442,7.0304,41.2543,1.0000
sub-007,ses-01,Cz,8,8,2,0,14.3722,10.6665,6.1317,3.7327,0.0000,4.3133,6.3133,6.2618,5.0539,6.5421,45.8726,1.0000
sub-007,ses-01,Cz,9,8,2,0,5.0718,7.4411,3.8331,3.0975,0.0000,2.6353,5.4870,5.5117,6.6606,6.4220,12.5879,19.0000
sub-007,ses-01,Cz,10,4,2,2,14.6992,4.3379,6.2496,4.2213,0.0000,3.9192,5.7087,5.6805,6.1060,5.5272,40.4026,1.0000
sub-007,ses-01,Cz,11,8,2,0,20.3690,9.9386,3.3796,5.2651,0.0000,4.8826,5.4448,5.3455,8.1481,5.1112,37.7428,2.0000
sub-007,ses-01,Cz,12,8,0,0,6.0322,5.6488,9.4952,2.5096,0.0000,3.1702,6.0198,6.0291,7.8821,5.1192,18.8333,9.0000
sub-007,ses-01,Cz,13,8,2,0,23.7698,10.8730,7.0433,4.2430,0.0000,5.4881,10.4454,10.4553,12.1109,9.3812,33.8986,3.0000
sub-007,ses-01,Cz,14,4,2,2,13.0433,8.6613,12.5280,3.5559,0.0000,4.8422,6.5419,6.4997,12.4853,8.0856,33.8374,1.0000
sub-007,ses-01,Cz,15,8,2,0,12.2161,3.6951,6.0502,5.3909,0.0000,3.9541,6.3394,6.3193,7.2273,6.5328,26.2024,1.0000
sub-007,ses-01,Cz,16,8,0,0,19.6840,3.6809,8.5565,4.0056,0.0000,4.5784,6.3317,6.2942,6.8057,4.9841,43.9763,1.0000
sub-007,ses-01,Cz,17,4,2,0,11.3306,5.5041,7.6263,6.6009,0.0000,4.6258,8.2778,8.2788,11.4801,6.0183,20.1323,8.0000
sub-007,ses-01,Cz,18,8,0,0,19.6709,9.1624,3.7126,2.9666,0.0000,4.0971,5.3486,5.2867,3.3172,5.2528,50.3080,1.0000
sub-007,ses-01,Cz,19,8,0,0,2.7270,9.0804,5.9013,2.4253,0.0000,2.6550,5.1629,5.1674,4.7403,5.2447,22.1225,5.0000
sub-007,ses-01,Cz,20,8,0,0,13.4780,4.9626,1.5715,2.1934,0.0000,2.5978,5.6362,5.6238,6.3978,4.0851,44.2298,1.0000
sub-007,ses-01,Cz,21,8,0,0,7.4611,6.4473,4.4874,2.4861,0.0000,2.6716,5.0838,5.0919,2.6563,5.6259,15.8164,3.0000
sub-007,ses-01,Cz,22,8,0,0,8.3736,4.4007,10.7134,5.7947,0.0000,4.4351,7.4792,7.4854,6.2499,9.1552,24.5575,1.0000
sub-007,ses-01,Cz,23,8,2,0,15.0157,4.9405,9.9961,3.8471,0.0000,4.4143,5.6085,5.5495,5.2231,4.3839,41.8794,1.0000
sub-007,ses-01,Cz,24,8,0,0,9.5205,8.9955,6.6971,4.1012,0.0000,3.8968,5.8983,5.8759,5.3164,4.7370,21.9986,5.0000
sub-007,ses-01,Cz,25,4,2,2,9.3522,5.8241,2.9297,5.8191,0.0000,3.5798,5.6404,5.6241,8.0604,6.8857,25.7430,1.0000
sub-007,ses-01,Cz,26,8,2,0,18.5687,3.7733,11.9966,4.1511,0.0000,5.0072,6.0728,5.9637,4.2350,7.4055,57.6858,1.0000
sub-007,ses-01,C4,0,4,2,0,12.0951,5.0228,2.9733,4.9630,0.0000,3.5077,6.1776,6.1462,8.6454,6.9749,34.1295,1.0000
sub-007,ses-01,C4,1,4,2,0,5.9017,10.1564,4.7115,8.3530,0.0000,4.6765,5.8026,5.7600,8.3446,5.7644,38.9751,19.0000
sub-007,ses-01,C4,2,2,4,2,12.1044,7.7758,4.8030,6.0579,0.0000,4.3510,5.3006,5.2579,4.0389,4.5239,28.8805,18.0000
sub-007,ses-01,C4,3,2,4,2,5.7753,5.9860,4.4706,3.3686,0.0000,2.7363,5.0409,5.0440,5.6740,4.7734,14.9865,1.0000
sub-007,ses-01,C4,4,4,4,0,6.2170,3.5783,4.7834,4.0547,0.0000,2.8045,5.3693,5.3774,3.0855,5.2051,16.8591,17.0000
sub-007,ses-01,C4,5,4,2,2,11.9515,4.0213,9.6105,5.5426,0.0000,4.5025,7.0231,6.9944,14.9317,6.9248,23.5498,1.0000
sub-007,ses-01,C4,6,8,2,0,7.4082,9.1854,3.3620,2.1201,0.0000,2.6537,5.5280,5.5467,7.7153,5.1436,16.0279,1.0000
sub-007,ses-01,C4,7,8,0,0,7.8534,5.4853,1.8261,2.4565,0.0000,2.2383,5.3362,5.3691,5.2720,6.2574,16.3953,19.0000
sub-007,ses-01,C4,8,8,2,0,22.0795,6.4830,2.0343,4.6296,0.0000,4.3405,5.6603,5.5436,7.2319,6.5570,65.3749,1.0000
sub-007,ses-01,C4,9,8,2,0,3.6465,10.6085,7.0020,2.5997,0.0000,3.0890,4.9279,4.9067,6.8068,6.2247,16.2188,7.0000
sub-007,ses-01,C4,10,4,2,2,18.1260,6.9331,9.9445,4.5510,0.0000,5.0946,6.3922,6.3189,7.4787,5.6456,34.6842,1.0000
sub-007,ses-01,C4,11,8,2,0,18.2124,6.1667,5.4767,4.0181,0.0000,4.2468,5.7648,5.6979,4.1550,6.4925,50.7830,1.0000
sub-007,ses-01,C4,12,8,0,0,13.4478,10.2102,6.7401,4.0485,0.0000,4.3652,5.3291,5.2782,5.1742,5.6723,19.1060,1.0000
sub-007,ses-01,C4,13,8,2,0,14.1924,6.3996,5.8446,6.0104,0.0000,4.5482,9.4085,9.4317,10.3628,9.6509,20.6924,18.0000
sub-007,ses-01,C4,14,4,2,2,6.3186,7.9839,4.9724,6.6653,0.0000,4.0394,5.6370,5.5850,5.6998,4.2244,28.5009,17.0000
sub-007,ses-01,C4,15,8,2,0,13.2159,11.8136,4.7126,7.6826,0.0000,5.3085,5.7766,5.6979,5.2300,5.4038,28.8186,1.0000
sub-007,ses-01,C4,16,8,0,0,4.8142,5.0550,4.8338,5.7490,0.0000,3.3306,5.3353,5.3184,3.3589,5.1814,28.4180,21.0000
sub-007,ses-01,C4,17,4,2,0,12.4254,14.8537,7.2201,4.7907,0.0000,4.9934,6.1279,6.0888,6.3473,6.0770,24.8023,4.0000
sub-007,ses-01,C4,18,8,0,0,20.9388,7.5048,5.7166,4.3610,0.0000,4.7620,5.5298,5.4788,5.3657,5.8704,61.9796,1.0000
sub-007,ses-01,C4,19,8,0,0,3.0049,5.0645,6.0508,4.1930,0.0000,2.8626,4.9060,4.9013,2.5552,3.1523,13.1151,10.0000
sub-007,ses-01,C4,20,8,0,0,9.7912,7.6248,2.6018,4.5577,0.0000,3.3611,5.0563,5.0478,5.6834,4.6988,18.5721,22.0000
sub-007,ses-01,C4,21,8,0,0,10.6831,8.6122,6.9021,3.9589,0.0000,3.9549,5.3736,5.3168,6.4120,5.0449,15.6208,8.0000
sub-007,ses-01,C4,22,8,0,0,8.7427,7.5675,4.8332,6.1277,0.0000,4.0442,6.4830,6.4650,8.4286,7.1544,21.7936,1.0000
sub-007,ses-01,C4,23,8,2,0,14.4565,4.1400,10.4898,6.4676,0.0000,5.1489,5.8541,5.7939,7.9315,5.7950,41.6351,1.0000
sub-007,ses-01,C4,24,8,0,0,3.1292,12.7210,5.0397,6.3226,0.0000,4.0891,5.0031,4.9506,6.1720,4.9591,26.6979,16.0000
sub-007,ses-01,C4,25,4,2,2,6.4796,11.9020,17.0403,4.2489,0.0000,5.3722,9.3579,9.3477,13.2448,7.4219,34.2983,11.0000
sub-007,ses-01,C4,26,8,2,0,4.9943,2.8933,2.0564,2.2413,0.0000,1.6983,5.3549,5.4022,8.4098,4.0853,9.9420,1.0000
sub-007,ses-01,CP4,0,4,2,0,10.3853,6.3351,3.3418,3.3745,0.0000,3.0419,5.9729,5.9801,7.2825,6.4464,18.0041,1.0000
sub-007,ses-01,CP4,1,4,2,0,7.9019,14.1980,6.9882,7.6873,0.0000,5.3550,5.7269,5.6344,12.3210,6.2838,31.2540,7.0000
sub-007,ses-01,CP4,2,2,4,2,2.7616,7.7639,4.7631,3.4891,0.0000,2.6986,5.4750,5.4854,5.4566,5.1140,15.3394,7.0000
sub-007,ses-01,CP4,3,2,4,2,6.2846,2.2109,2.9452,3.8461,0.0000,2.3640,5.0787,5.0985,7.3586,4.7213,13.9973,18.0000
sub-007,ses-01,CP4,4,4,4,0,21.8371,5.3008,6.9643,4.6917,0.0000,4.9146,6.1066,5.9846,4.8456,5.7865,74.1362,1.0000
sub-007,ses-01,CP4,5,4,2,2,25.9464,11.8905,8.8558,5.4857,0.0000,6.4139,5.5693,5.4482,8.6843,6.7350,36.8335,1.0000
sub-007,ses-01,CP4,6,8,2,0,8.2434,10.7530,1.9070,4.0681,0.0000,3.2631,5.3396,5.3143,4.7106,4.6302,29.9948,1.0000
sub-007,ses-01,CP4,7,8,0,0,17.7194,4.5893,8.4428,6.8972,0.0000,5.3385,6.0339,5.9370,5.4655,4.3733,54.4074,1.0000
sub-007,ses-01,CP4,8,8,2,0,15.1229,6.9762,2.0247,2.9309,0.0000,3.2243,5.5613,5.5485,5.6237,5.1845,37.7538,1.0000
sub-007,ses-01,CP4,9,8,2,0,6.5149,3.7743,4.6641,3.8920,0.0000,2.7846,5.5017,5.5171,4.3020,4.7413,12.9202,19.0000
sub-007,ses-01,CP4,10,4,2,2,14.1820,6.4393,5.2239,3.5522,0.0000,3.7211,5.7167,5.6867,8.5489,5.0040,24.6801,1.0000
sub-007,ses-01,CP4,11,8,2,0,20.3834,8.2669,5.2450,4.2532,0.0000,4.6829,4.9960,4.8776,3.6796,4.1478,58.4795,1.0000
sub-007,ses-01,CP4,12,8,0,0,18.9938,10.4962,10.7339,3.2285,0.0000,5.2171,5.9560,5.8912,9.6772,3.4895,46.9840,3.0000
sub-007,ses-01,CP4,13,8,2,0,23.6980,15.8180,14.7674,10.4206,0.0000,8.8869,17.2867,17.3217,19.8541,16.0450,32.2612,1.0000
sub-007,ses-01,CP4,14,4,2,2,6.8647,8.4718,4.7658,5.9660,0.0000,3.8953,5.1943,5.1535,3.6769,4.7544,24.0103,20.0000
sub-007,ses-01,CP4,15,8,2,0,3.2722,4.5872,4.3456,6.1728,0.0000,3.2037,5.3681,5.3592,3.3614,4.6955,19.6836,21.0000
sub-007,ses-01,CP4,16,8,0,0,16.3653,6.5352,6.2306,4.3953,0.0000,4.3285,5.6382,5.5349,4.3552,5.5739,58.5787,1.0000
sub-007,ses-01,CP4,17,4,2,0,19.6802,14.9934,9.6808,6.6426,0.0000,6.5845,6.4679,6.3352,5.0201,7.7051,42.7223,1.0000
sub-007,ses-01,CP4,18,8,0,0,19.8808,6.2137,4.3566,2.1817,0.0000,3.6949,5.1723,5.1514,6.0553,4.5624,59.4615,1.0000
sub-007,ses-01,CP4,19,8,0,0,6.3006,6.1896,4.6149,4.2259,0.0000,3.0834,5.3326,5.3226,5.6673,4.0124,20.6248,1.0000
sub-007,ses-01,CP4,20,8,0,0,22.2735,11.0837,3.4100,3.2180,0.0000,4.5517,5.4754,5.3624,6.2033,4.5938,58.8217,1.0000
sub-007,ses-01,CP4,21,8,0,0,2.4409,5.7491,7.2324,3.1686,0.0000,2.7290,5.2267,5.2398,3.9392,5.2467,13.6338,8.0000
sub-007,ses-01,CP4,22,8,0,0,6.2229,11.4168,4.6779,3.1169,0.0000,3.2360,6.2485,6.2629,7.1726,7.4565,27.8608,6.0000
sub-007,ses-01,CP4,23,8,2,0,19.5303,2.8912,10.8533,3.3050,0.0000,4.5993,6.0619,5.9927,8.0419,5.7516,60.2099,1.0000
sub-007,ses-01,CP4,24,8,0,0,17.1876,9.7665,2.4625,3.2574,0.0000,3.8358,5.6788,5.6038,5.9946,4.4041,45.2670,1.0000
sub-007,ses-01,CP4,25,4,2,2,13.7109,4.8062,5.5007,3.3326,0.0000,3.4976,5.4041,5.3855,5.6267,6.0751,38.1261,1.0000
sub-007,ses-01,CP4,26,8,2,0,5.4832,3.7387,2.3210,3.5512,0.0000,2.2553,6.0280,6.0668,6.0476,4.3833,12.5024,14.0000
sub-007,ses-01,O2,0,4,2,0,16.4437,9.0251,5.8154,6.2593,0.0000,5.0730,5.9697,5.9024,4.9333,6.7763,40.1866,17.0000
sub-007,ses-01,O2,1,4,2,0,2.7489,8.2906,2.5764,3.1255,0.0000,2.3313,5.2784,5.3008,4.9548,7.0532,22.5963,6.0000
sub-007,ses-01,O2,2,2,4,2,22.1792,7.1862,4.2308,4.0971,0.0000,4.5607,5.5838,5.5009,5.5463,5.3436,77.4594,1.0000
sub-007,ses-01,O2,3,2,4,2,8.3911,4.8733,7.1205,5.8776,0.0000,4.0044,5.5571,5.5321,7.9141,6.5270,18.4178,22.0000
sub-007,ses-01,O2,4,4,4,0,15.6967,4.0594,6.9889,2.3618,0.0000,3.5270,5.4317,5.3858,5.0236,4.2826,40.4616,1.0000
sub-007,ses-01,O2,5,4,2,2,5.7227,8.0044,2.9241,2.3914,0.0000,2.4079,5.8387,5.8671,7.8108,5.1441,26.0665,7.0000
sub-007,ses-01,O2,6,8,2,0,7.1892,4.0441,7.3230,2.2435,0.0000,2.7450,4.9886,4.9830,3.4577,5.4371,21.0037,9.0000
sub-007,ses-01,O2,7,8,0,0,3.8501,6.4769,6.5929,4.7366,0.0000,3.3126,5.8785,5.8807,6.0051,5.4254,16.1303,9.0000
sub-007,ses-01,O2,8,8,2,0,5.2480,4.7421,7.7050,3.1037,0.0000,2.9428,5.7834,5.8002,7.4608,4.9438,14.5856,8.0000
sub-007,ses-01,O2,9,8,2,0,10.0904,6.9936,9.1705,5.9299,0.0000,4.6616,6.4509,6.4046,6.8422,4.6864,20.9631,21.0000
sub-007,ses-01,O2,10,4,2,2,8.9431,9.0074,2.8089,4.0747,0.0000,3.2936,5.1711,5.1638,2.8228,5.3801,22.6373,21.0000
sub-007,ses-01,O2,11,8,2,0,17.1954,5.3572,3.3949,5.9203,0.0000,4.3615,5.9496,5.9077,3.4807,5.8540,49.2018,1.0000
sub-007,ses-01,O2,12,8,0,0,1.5768,3.3843,3.5036,5.6433,0.0000,2.6565,5.6529,5.6636,5.0826,5.6416,19.9615,14.0000
sub-007,ses-01,O2,13,8,2,0,34.3889,19.8381,15.9141,9.1629,0.0000,10.0351,15.0272,14.9914,25.1852,16.8459,47.8912,2.0000
sub-007,ses-01,O2,14,4,2,2,21.2892,8.2730,10.4596,7.6125,0.0000,6.5109,10.9427,10.9433,15.7397,12.2168,26.4842,3.0000
sub-007,ses-01,O2,15,8,2,0,13.8633,2.0643,8.3008,3.9258,0.0000,3.8267,5.9663,5.9237,4.8441,5.8642,31.5220,1.0000
sub-007,ses-01,O2,16,8,0,0,18.3311,6.0081,6.3695,3.7636,0.0000,4.2907,5.6517,5.6001,5.5648,5.5921,52.4802,1.0000
sub-007,ses-01,O2,17,4,2,0,26.3254,11.8895,9.8667,13.7412,0.0000,9.0859,9.7137,9.5557,5.2768,11.0051,61.6283,1.0000
sub-007,ses-01,O2,18,8,0,0,17.9282,3.5183,4.4971,4.3588,0.0000,3.9403,5.5808,5.4875,4.9951,4.9676,62.9571,1.0000
sub-007,ses-01,O2,19,8,0,0,7.9482,10.0568,5.5080,4.4759,0.0000,3.7966,5.8121,5.7904,6.2946,5.5858,19.3405,16.0000
sub-007,ses-01,O2,20,8,0,0,5.2885,2.0422,2.3607,4.6459,0.0000,2.4159,5.7273,5.7496,8.5345,3.1480,13.9737,19.0000
sub-007,ses-01,O2,21,8,0,0,20.5934,7.5565,9.0497,6.3928,0.0000,5.8140,5.5359,5.4273,8.1760,4.7378,59.0325,1.0000
sub-007,ses-01,O2,22,8,0,0,8.2645,16.5843,3.7650,5.4484,0.0000,4.4841,6.1824,6.1333,6.1225,5.6932,37.8272,6.0000
sub-007,ses-01,O2,23,8,2,0,16.8534,6.4158,6.6113,3.9788,0.0000,4.2900,5.7834,5.7173,7.1671,6.0739,53.6838,1.0000
sub-007,ses-01,O2,24,8,0,0,2.4734,2.8356,4.6349,2.1332,0.0000,1.7855,4.9871,5.0253,6.9757,4.9610,11.3408,9.0000
sub-007,ses-01,O2,25,4,2,2,14.7482,6.7861,8.0003,5.7816,0.0000,4.8674,4.8886,4.8279,4.6015,5.4127,49.8510,1.0000
sub-007,ses-01,O2,26,8,2,0,17.0281,2.7492,3.9440,6.8317,0.0000,4.4555,5.4596,5.3799,5.4709,5.1044,53.9984,1.0000
sub-007,ses-02,Fp1,0,4,2,0,15.6444,10.5145,8.1298,4.6224,0.0000,4.9652,6.7286,6.6624,12.0100,5.1868,42.1876,1.0000
sub-007,ses-02,Fp1,1,4,2,0,27.8741,3.4195,5.6892,4.6714,0.0000,5.1172,5.9660,5.8361,6.7122,5.1068,74.9825,1.0000
sub-007,ses-02,Fp1,2,8,2,0,22.0271,6.3237,9.2553,4.4637,0.0000,5.2782,6.4415,6.3077,9.0377,4.2311,62.8290,1.0000
sub-007,ses-02,Fp1,3,4,2,0,15.9809,3.7526,6.7803,5.9905,0.0000,4.5929,6.9428,6.9160,3.9446,5.5493,43.2151,1.0000
sub-007,ses-02,Fp1,4,4,2,0,2.9923,8.5149,3.7207,1.2874,0.0000,1.9788,5.4489,5.4783,7.3320,4.4064,20.9473,6.0000
sub-007,ses-02,Fp1,5,8,2,0,2.6550,3.3128,3.9602,5.6023,0.0000,2.8014,5.6930,5.6976,3.7213,5.4590,17.5462,19.0000
sub-007,ses-02,Fp1,6,4,2,0,11.4784,9.3703,5.8151,6.4968,0.0000,4.7150,5.5372,5.4844,2.7303,5.6082,22.8658,1.0000
sub-007,ses-02,Fp1,7,8,2,0,22.1860,6.9703,7.2356,2.6661,0.0000,4.5279,5.6031,5.5140,9.0869,5.1661,57.2994,1.0000
sub-007,ses-02,Fp1,8,4,4,0,4.8049,9.4445,8.6547,10.5349,0.0000,5.7181,12.7035,12.7523,5.4578,8.6449,43.7565,19.0000
sub-007,ses-02,Fp1,9,4,2,0,18.6985,3.4176,12.0229,5.5526,0.0000,5.4136,5.3562,5.2156,5.0781,4.9196,64.6723,1.0000
sub-007,ses-02,Fp1,10,8,0,0,21.4594,13.2932,5.2241,3.5370,0.0000,5.0311,6.4580,6.3406,6.9478,5.3270,67.2214,1.0000
sub-007,ses-02,Fp1,11,8,2,0,32.9613,2.2550,3.7333,3.5385,0.0000,4.8666,5.7049,5.5569,5.1296,5.2892,74.6721,1.0000
sub-007,ses-02,Fp1,12,4,4,0,5.3083,5.2500,4.3165,2.4239,0.0000,2.3173,4.8513,4.8615,5.0346,4.8615,11.3954,5.0000
sub-007,ses-02,Fp1,13,8,2,2,23.8740,6.4441,3.2394,2.9068,0.0000,4.1511,5.7479,5.6477,3.9779,5.1222,65.7123,1.0000
sub-007,ses-02,Fp1,14,4,2,0,15.5869,6.4355,2.7393,4.4798,0.0000,3.7852,5.4746,5.4502,7.2625,5.5146,32.0973,2.0000
sub-007,ses-02,Fp1,15,8,0,0,11.6186,9.2057,2.8607,4.7421,0.0000,3.7700,5.0680,5.0171,3.8300,5.5967,21.3102,1.0000
sub-007,ses-02,Fp1,16,4,2,2,6.8877,9.3277,3.5744,5.2000,0.0000,3.5792,5.4202,5.3931,4.3357,6.1177,19.4819,7.0000
sub-007,ses-02,Fp1,17,2,4,0,11.5682,5.1680,4.5752,4.5807,0.0000,3.5801,5.2248,5.1635,4.6962,5.1266,34.8373,1.0000
sub-007,ses-02,Fp1,18,4,2,0,9.8619,8.2865,7.4150,12.3412,0.0000,6.4539,9.2656,9.2338,6.4622,7.4767,32.9810,14.0000
sub-007,ses-02,Fp1,19,4,0,0,5.6540,4.2839,3.5860,4.7520,0.0000,2.8615,6.0049,6.0280,5.3163,6.3494,18.1438,21.0000
sub-007,ses-02,Fp1,20,4,2,2,14.2439,4.5732,4.8997,3.6122,0.0000,3.5262,6.4909,6.4770,5.2535,7.0471,45.2421,1.0000
sub-007,ses-02,Fp1,21,8,2,2,19.8990,4.8258,7.1915,2.9321,0.0000,4.1899,5.5981,5.5152,6.8164,5.3582,62.1906,1.0000
sub-007,ses-02,Fp1,22,8,2,2,15.9349,5.6012,11.7794,4.2659,0.0000,4.9367,6.2500,6.1581,7.9454,6.8259,51.3305,1.0000
sub-007,ses-02,Fp1,23,8,2,2,8.3135,5.6324,7.0682,2.9295,0.0000,3.1692,5.7348,5.7390,5.9512,7.7589,28.4678,1.0000
sub-007,ses-02,Fp1,24,8,2,2,26.9621,7.8071,7.4265,6.1449,0.0000,6.1284,6.3992,6.2754,6.1090,5.2738,62.9845,1.0000
sub-007,ses-02,C3,0,4,2,0,8.1328,5.5679,5.4761,1.9132,0.0000,2.6170,6.0544,6.0679,15.0666,5.2778,21.1311,1.0000
sub-007,ses-02,C3,1,4,2,0,11.7801,6.7909,4.0846,3.5741,0.0000,3.3780,5.1905,5.1780,4.3035,5.4918,29.3176,3.0000
sub-007,ses-02,C3,2,8,2,0,5.5999,7.6603,11.8704,3.0711,0.0000,3.8183,5.4775,5.4541,5.8291,5.2939,28.0418,10.0000
sub-007,ses-02,C3,3,4,2,0,2.4414,3.0153,3.1698,5.2249,0.0000,2.5295,6.4965,6.5330,4.6324,5.0957,18.0169,15.0000
sub-007,ses-02,C3,4,4,2,0,18.6759,6.2456,4.4711,4.5541,0.0000,4.3190,5.9146,5.8442,9.5776,5.9261,48.7646,1.0000
sub-007,ses-02,C3,5,8,2,0,8.4972,5.8299,6.2180,4.8253,0.0000,3.6592,5.5998,5.5820,6.3516,5.2458,13.4015,22.0000
sub-007,ses-02,C3,6,4,2,0,9.9093,3.6867,4.7900,4.6993,0.0000,3.3538,5.7667,5.7561,3.3875,5.5145,19.5030,2.0000
sub-007,ses-02,C3,7,8,2,0,14.8250,1.4360,8.0684,3.6643,0.0000,3.7463,5.5780,5.5120,5.3217,5.3518,47.6241,1.0000
sub-007,ses-02,C3,8,4,4,0,18.7190,7.2086,35.9441,40.4672,0.0000,19.6616,48.3137,48.6177,25.8889,48.0812,90.2694,16.0000
sub-007,ses-02,C3,9,4,2,0,19.2139,6.2927,7.1124,3.4900,0.0000,4.4203,5.3386,5.2481,2.9104,4.3928,74.1090,1.0000
sub-007,ses-02,C3,10,8,0,0,18.0408,5.1734,4.9154,2.2546,0.0000,3.5270,6.9538,6.9096,8.8139,6.2903,59.1248,1.0000
sub-007,ses-02,C3,11,8,2,0,20.5367,7.8791,2.1365,5.5284,0.0000,4.6128,5.9228,5.8355,4.1753,6.7270,45.3678,1.0000
sub-007,ses-02,C3,12,4,4,0,16.5825,5.6708,4.1271,3.1446,0.0000,3.5967,5.6581,5.6416,7.5753,5.8141,32.8553,1.0000
sub-007,ses-02,C3,13,8,2,2,9.0230,4.0920,3.5168,4.2062,0.0000,2.9824,5.5637,5.5323,6.7916,5.8664,30.6438,1.0000
sub-007,ses-02,C3,14,4,2,0,5.1521,5.6099,5.9702,3.1160,0.0000,2.7762,5.0596,5.0525,2.5325,5.0826,14.0687,11.0000
sub-007,ses-02,C3,15,8,0,0,9.5025,9.6748,5.7053,4.3331,0.0000,3.8900,5.7795,5.7523,6.6176,5.7271,20.2033,7.0000
sub-007,ses-02,C3,16,4,2,2,5.5207,3.0264,6.5816,3.2054,0.0000,2.6825,5.5200,5.5298,6.6884,4.9204,18.3492,10.0000
sub-007,ses-02,C3,17,2,4,0,20.2573,8.6626,4.4592,5.1634,0.0000,4.8735,5.8987,5.8214,4.0411,6.1565,43.7723,1.0000
sub-007,ses-02,C3,18,4,2,0,19.0617,19.4859,10.8369,12.6390,0.0000,8.9190,28.9068,29.2014,12.7940,29.5960,66.1718,22.0000
sub-007,ses-02,C3,19,4,0,0,7.0753,3.3199,4.3764,3.5231,0.0000,2.6428,5.8148,5.8495,6.2334,6.6406,14.7239,15.0000
sub-007,ses-02,C3,20,4,2,2,3.6725,7.1101,2.8059,3.3625,0.0000,2.4111,7.3506,7.3920,5.4394,6.6940,16.5096,17.0000
sub-007,ses-02,C3,21,8,2,2,14.6625,4.3315,7.5933,2.3106,0.0000,3.5250,5.3334,5.3116,4.2850,5.0453,41.1544,1.0000
sub-007,ses-02,C3,22,8,2,2,12.0005,10.0101,5.3353,5.2204,0.0000,4.3702,5.6429,5.5570,5.5267,4.9747,45.1037,1.0000
sub-007,ses-02,C3,23,8,2,2,8.8189,12.0644,5.6617,4.9848,0.0000,4.2397,6.2141,6.1670,9.4978,5.6815,28.0365,22.0000
sub-007,ses-02,C3,24,8,2,2,5.2066,8.9073,6.6228,3.0094,0.0000,3.1468,5.1833,5.1878,3.9311,5.0983,14.6130,4.0000
sub-007,ses-02,CP3,0,4,2,0,21.4951,6.7587,5.8070,3.3765,0.0000,4.4593,6.1046,6.0650,10.5187,5.9607,58.5047,1.0000
sub-007,ses-02,CP3,1,4,2,0,12.8606,13.3171,4.9464,4.4850,0.0000,4.4813,5.7027,5.6711,5.3164,7.0635,26.2223,4.0000
sub-007,ses-02,CP3,2,8,2,0,17.0849,5.0042,8.9125,2.1524,0.0000,3.9491,5.6628,5.6227,6.5425,5.1788,54.5200,1.0000
sub-007,ses-02,CP3,3,4,2,0,15.3937,7.5922,3.0391,5.0886,0.0000,4.1007,6.2961,6.2257,3.7094,5.7671,47.7911,1.0000
sub-007,ses-02,CP3,4,4,2,0,23.7683,4.6705,3.4626,4.5285,0.0000,4.4977,5.3998,5.2696,4.0572,4.3631,63.1744,1.0000
sub-007,ses-02,CP3,5,8,2,0,4.8898,5.6320,7.5312,4.8386,0.0000,3.4925,5.5557,5.5471,5.3109,4.9369,13.3697,22.0000
sub-007,ses-02,CP3,6,4,2,0,14.4188,2.3014,4.9581,5.8478,0.0000,4.0151,5.6888,5.6128,4.9484,6.0077,29.7789,2.0000
sub-007,ses-02,CP3,7,8,2,0,20.7280,7.1824,1.6003,4.4362,0.0000,4.1608,5.1402,5.0492,4.3742,5.3032,50.4208,1.0000
sub-007,ses-02,CP3,8,4,4,0,18.5659,17.9289,34.8422,38.4249,0.0000,19.8734,50.7464,51.0858,32.0038,49.3338,93.1653,16.0000
sub-007,ses-02,CP3,9,4,2,0,23.0866,6.2828,5.0273,3.4618,0.0000,4.4801,5.8916,5.8046,2.5946,5.8335,72.9179,1.0000
sub-007,ses-02,CP3,10,8,0,0,21.8385,10.8979,5.3032,2.6111,0.0000,4.5746,5.9956,5.9521,7.2877,5.2537,45.6877,1.0000
sub-007,ses-02,CP3,11,8,2,0,22.7518,2.9956,1.2300,4.9964,0.0000,4.0773,6.6621,6.5864,3.4132,6.9089,74.6813,1.0000
sub-007,ses-02,CP3,12,4,4,0,22.9623,8.7287,2.3265,2.7484,0.0000,4.1035,5.4995,5.4587,7.4882,5.5603,54.1723,1.0000
sub-007,ses-02,CP3,13,8,2,2,10.9419,3.1174,6.8673,2.5904,0.0000,3.0492,5.7446,5.7265,6.9375,5.5607,17.9849,1.0000
sub-007,ses-02,CP3,14,4,2,0,7.5674,10.8986,8.7604,4.1040,0.0000,4.1809,5.0366,4.9802,3.5426,4.9615,16.8097,6.0000
sub-007,ses-02,CP3,15,8,0,0,23.6903,9.8245,2.6895,5.6313,0.0000,5.1954,6.7710,6.6372,5.5746,5.7497,70.0245,1.0000
sub-007,ses-02,CP3,16,4,2,2,21.5764,4.3712,5.6097,3.4687,0.0000,4.2451,6.2807,6.1900,4.7912,5.4686,70.7193,1.0000
sub-007,ses-02,CP3,17,2,4,0,19.4455,7.6889,3.1798,4.6498,0.0000,4.3736,5.7642,5.6644,6.8986,4.9459,56.1886,1.0000
sub-007,ses-02,CP3,18,4,2,0,15.9563,19.9813,18.3055,19.4154,0.0000,11.7670,27.0689,27.2125,18.7422,29.2216,59.2429,20.0000
sub-007,ses-02,CP3,19,4,0,0,26.1308,4.0618,5.1268,3.3512,0.0000,4.5371,6.0064,5.8789,5.2944,5.6262,82.8464,1.0000
sub-007,ses-02,CP3,20,4,2,2,4.0020,9.5905,2.8552,2.5419,0.0000,2.4313,6.7418,6.8011,6.3545,5.5477,15.4051,7.0000
sub-007,ses-02,CP3,21,8,2,2,16.3982,5.5765,4.9949,3.7055,0.0000,3.8614,6.0019,5.9227,6.5193,6.6427,56.9426,1.0000
sub-007,ses-02,CP3,22,8,2,2,11.2056,12.1925,2.2416,5.5025,0.0000,4.1529,6.5111,6.4694,4.9494,6.2450,38.4804,1.0000
sub-007,ses-02,CP3,23,8,2,2,7.0922,12.4824,6.1724,5.7952,0.0000,4.4342,6.2787,6.2155,12.5941,6.1046,28.4951,7.0000
sub-007,ses-02,CP3,24,8,2,2,20.8149,2.3941,5.1318,4.2558,0.0000,4.1617,5.8782,5.8287,5.7080,5.9675,60.3499,1.0000
sub-007,ses-02,O1,0,4,2,0,26.4500,9.2337,6.0305,4.7052,0.0000,5.5834,5.9834,5.8322,4.7417,5.9275,72.1531,1.0000
sub-007,ses-02,O1,1,4,2,0,10.5746,11.3778,5.0491,4.9966,0.0000,4.2572,5.5487,5.5106,5.2469,4.3010,23.9928,7.0000
sub-007,ses-02,O1,2,8,2,0,14.9333,6.7351,3.5043,4.5129,0.0000,3.8690,5.5374,5.5098,8.9288,3.9581,42.7177,1.0000
sub-007,ses-02,O1,3,4,2,0,15.0255,3.4191,4.1149,7.6361,0.0000,4.5985,6.4680,6.4316,7.3006,7.0451,45.2211,1.0000
sub-007,ses-02,O1,4,4,2,0,21.6839,7.2477,7.2503,6.3081,0.0000,5.6101,6.2071,6.0904,6.4493,6.3664,67.4181,1.0000
sub-007,ses-02,O1,5,8,2,0,22.0065,5.9788,8.6968,2.9519,0.0000,4.7092,6.7428,6.7120,5.8197,5.8134,49.2238,1.0000
sub-007,ses-02,O1,6,4,2,0,9.6373,4.8938,5.2193,3.2482,0.0000,3.0620,5.8299,5.8523,4.5062,5.3186,20.9592,1.0000
sub-007,ses-02,O1,7,8,2,0,13.4026,7.1968,2.6752,4.0064,0.0000,3.5007,5.2990,5.2786,6.9410,5.6414,32.8457,1.0000
sub-007,ses-02,O1,8,4,4,0,37.0947,41.3018,29.4172,10.3405,0.0000,14.5236,16.7879,16.5964,33.4095,19.2141,58.1224,4.0000
sub-007,ses-02,O1,9,4,2,0,18.8127,9.9621,6.5106,3.9085,0.0000,4.7668,6.7443,6.7086,13.5666,4.9236,54.7535,1.0000
sub-007,ses-02,O1,10,8,0,0,8.8926,2.3554,7.0091,7.7575,0.0000,4.3696,10.5295,10.5866,20.8970,8.6677,28.8677,14.0000
sub-007,ses-02,O1,11,8,2,0,30.4526,8.8567,6.0854,3.6638,0.0000,5.6135,7.1589,7.0370,9.2459,8.0276,71.3546,1.0000
sub-007,ses-02,O1,12,4,4,0,28.5343,8.4622,15.0258,2.9021,0.0000,6.4155,6.1293,5.9703,7.2768,6.6977,79.5471,1.0000
sub-007,ses-02,O1,13,8,2,2,17.2531,13.9826,5.4590,5.4070,0.0000,5.3020,6.0001,5.9062,6.3589,6.3449,45.0415,1.0000
sub-007,ses-02,O1,14,4,2,0,22.5441,4.3560,8.8995,5.7300,0.0000,5.4764,5.8069,5.6903,4.6470,6.7089,70.6412,1.0000
sub-007,ses-02,O1,15,8,0,0,23.0064,8.9140,7.8940,3.7652,0.0000,5.2091,5.3140,5.1782,5.6535,4.6188,67.1053,1.0000
sub-007,ses-02,O1,16,4,2,2,34.6071,10.7784,4.2421,4.3682,0.0000,6.1345,6.3162,6.1512,7.5477,4.8868,72.6848,1.0000
sub-007,ses-02,O1,17,2,4,0,32.0470,4.7853,8.4268,4.7539,0.0000,6.0393,6.4278,6.2600,6.5030,7.9969,73.2526,1.0000
sub-007,ses-02,O1,18,4,2,0,10.0176,4.8132,5.3703,5.3807,0.0000,3.7557,8.1187,8.1576,9.6603,6.7390,25.8351,1.0000
sub-007,ses-02,O1,19,4,0,0,30.5600,4.0298,3.8883,3.0405,0.0000,4.6794,5.8568,5.7204,4.9395,5.0196,73.6175,1.0000
sub-007,ses-02,O1,20,4,2,2,21.4982,23.6659,12.7349,6.6871,0.0000,8.0000,13.2704,13.2157,18.2032,11.1984,49.3218,3.0000
sub-007,ses-02,O1,21,8,2,2,18.6786,2.2044,2.8438,3.4085,0.0000,3.3699,6.5421,6.4707,5.5824,5.8736,65.3762,1.0000
sub-007,ses-02,O1,22,8,2,2,9.8557,4.4677,6.5197,4.2277,0.0000,3.5203,5.9543,5.9594,5.1758,6.2910,21.0016,1.0000
sub-007,ses-02,O1,23,8,2,2,11.7415,7.7680,5.5617,6.7893,0.0000,4.6435,5.7102,5.6384,6.0326,5.3194,37.3352,1.0000
sub-007,ses-02,O1,24,8,2,2,26.8216,12.8725,2.0697,4.7381,0.0000,5.4137,6.7354,6.6105,9.7673,6.7669,64.2088,1.0000
sub-007,ses-02,Pz,0,4,2,0,20.5638,1.5525,5.3287,4.0962,0.0000,4.0393,5.4825,5.3700,8.2505,5.7074,67.3609,1.0000
sub-007,ses-02,Pz,1,4,2,0,11.1156,14.7533,8.0533,6.0148,0.0000,5.3486,7.1174,7.0393,5.5215,5.4752,39.7354,1.0000
sub-007,ses-02,Pz,2,8,2,0,10.6781,6.2454,5.8713,3.6387,0.0000,3.4936,5.5803,5.5547,7.7333,5.7907,21.6728,1.0000
sub-007,ses-02,Pz,3,4,2,0,23.9128,8.3968,3.3356,3.5653,0.0000,4.5489,5.6223,5.5376,3.4657,5.2922,54.2811,1.0000
sub-007,ses-02,Pz,4,4,2,0,2.8855,2.3010,4.0975,6.4498,0.0000,3.0042,5.4470,5.3999,3.2578,4.1855,24.3968,19.0000
sub-007,ses-02,Pz,5,8,2,0,34.8084,6.1403,17.9199,11.0156,0.0000,9.6399,12.6196,12.4712,9.7681,11.9739,58.5827,2.0000
sub-007,ses-02,Pz,6,4,2,0,13.1793,4.5372,9.8271,5.8351,0.0000,4.7834,6.3986,6.3312,5.4310,7.5128,34.2266,13.0000
sub-007,ses-02,Pz,7,8,2,0,8.6813,7.1567,3.0593,1.8440,0.0000,2.4577,5.7837,5.8119,5.1259,5.3797,19.7239,2.0000
sub-007,ses-02,Pz,8,4,4,0,10.1575,4.7025,3.8935,18.1083,0.0000,7.4002,15.4430,15.4654,4.4689,10.3992,60.8787,20.0000
sub-007,ses-02,Pz,9,4,2,0,6.4306,6.1861,8.4973,4.3278,0.0000,3.6677,5.2361,5.1935,4.9837,5.0062,19.1943,1.0000
sub-007,ses-02,Pz,10,8,0,0,26.0366,2.1109,3.1802,4.5682,0.0000,4.4432,5.6630,5.5524,7.4206,5.7261,58.9380,1.0000
sub-007,ses-02,Pz,11,8,2,0,19.5808,6.1522,6.6139,3.8982,0.0000,4.4952,5.8109,5.7513,4.2145,5.2362,54.2277,1.0000
sub-007,ses-02,Pz,12,4,4,0,8.3427,5.0308,7.1021,2.6508,0.0000,3.0364,5.4917,5.4883,7.4875,4.7525,24.1450,8.0000
sub-007,ses-02,Pz,13,8,2,2,13.6946,5.3660,4.2838,5.5864,0.0000,4.0597,6.1502,6.1290,3.9845,6.7243,25.7268,1.0000
sub-007,ses-02,Pz,14,4,2,0,3.8786,5.4166,5.0862,4.4305,0.0000,2.9138,5.3685,5.3689,5.6559,5.8065,13.8858,19.0000
sub-007,ses-02,Pz,15,8,0,0,8.2732,5.6855,3.8914,2.9327,0.0000,2.7281,4.7488,4.7529,6.2057,3.8679,14.3973,4.0000
sub-007,ses-02,Pz,16,4,2,2,24.5852,1.7054,2.0766,4.9615,0.0000,4.2354,5.3668,5.2500,6.1958,4.8324,64.9002,1.0000
sub-007,ses-02,Pz,17,2,4,0,10.2818,3.9133,5.6335,2.8883,0.0000,2.9797,5.1635,5.1611,2.8734,5.4002,22.6820,1.0000
sub-007,ses-02,Pz,18,4,2,0,10.5149,4.2674,6.5136,8.9615,0.0000,4.9933,13.4353,13.5296,6.6856,12.3785,33.8029,14.0000
sub-007,ses-02,Pz,19,4,0,0,27.6514,10.6352,7.0698,5.8556,0.0000,6.3183,5.9068,5.7129,4.7859,5.4225,70.6610,1.0000
sub-007,ses-02,Pz,20,4,2,2,12.3644,5.2953,5.6646,3.7957,0.0000,3.5807,7.5985,7.6040,5.2824,7.0141,32.2076,3.0000
sub-007,ses-02,Pz,21,8,2,2,15.2505,3.0605,3.3210,3.1931,0.0000,3.1321,5.8758,5.8840,6.4395,4.1116,47.0933,1.0000
sub-007,ses-02,Pz,22,8,2,2,21.7104,4.8774,5.9958,3.2276,0.0000,4.2857,5.5684,5.4854,9.0967,4.7163,56.6662,1.0000
sub-007,ses-02,Pz,23,8,2,2,14.6174,6.0155,6.3244,5.7407,0.0000,4.5374,5.3772,5.3040,7.7120,5.3872,51.6419,1.0000
sub-007,ses-02,Pz,24,8,2,2,13.4885,4.5347,6.3589,3.6353,0.0000,3.6629,5.8952,5.8800,16.2771,4.1278,43.3614,1.0000
sub-007,ses-02,Fp2,0,4,2,0,7.1754,9.2124,8.1242,4.1426,0.0000,3.9105,5.5508,5.5420,7.3829,3.9864,20.1054,13.0000
sub-007,ses-02,Fp2,1,4,2,0,23.4168,2.8291,6.4800,5.9271,0.0000,5.1376,6.1064,6.0009,5.6725,4.5995,68.7301,1.0000
sub-007,ses-02,Fp2,2,8,2,0,22.1327,3.9317,6.2492,7.6813,0.0000,5.6188,5.3398,5.1667,6.9679,5.4915,63.7511,1.0000
sub-007,ses-02,Fp2,3,4,2,0,13.3844,3.9779,7.7429,4.9855,0.0000,4.2028,5.9552,5.9181,3.9690,5.2722,36.9691,1.0000
sub-007,ses-02,Fp2,4,4,2,0,4.7968,11.6288,5.1607,2.7649,0.0000,3.0840,5.1029,5.0913,5.4382,3.6724,18.8388,6.0000
sub-007,ses-02,Fp2,5,8,2,0,11.3351,3.0874,3.3890,6.3568,0.0000,3.7363,6.4483,6.4343,4.9126,7.5277,33.1292,1.0000
sub-007,ses-02,Fp2,6,4,2,0,22.4542,32.6960,12.9505,9.1760,0.0000,9.7115,13.8310,13.7829,23.3238,15.7686,42.7729,5.0000
sub-007,ses-02,Fp2,7,8,2,0,4.2080,4.3952,4.1784,5.5503,0.0000,3.0613,4.9671,4.9517,5.6362,5.0020,17.0084,20.0000
sub-007,ses-02,Fp2,8,4,4,0,6.8231,8.2984,3.8802,12.7669,0.0000,5.8078,13.7014,13.7679,7.2888,8.5948,54.8657,17.0000
sub-007,ses-02,Fp2,9,4,2,0,7.8063,5.6071,11.1972,5.4223,0.0000,4.4495,4.9412,4.8711,5.3029,4.1510,30.4891,12.0000
sub-007,ses-02,Fp2,10,8,0,0,24.1823,14.5887,5.8077,4.4517,0.0000,5.7628,6.1525,6.0207,5.0332,4.0876,64.1209,1.0000
sub-007,ses-02,Fp2,11,8,2,0,30.1803,7.0111,6.2869,4.6190,0.0000,5.7334,5.5643,5.3912,7.4221,5.2384,69.7608,1.0000
sub-007,ses-02,Fp2,12,4,4,0,6.4820,7.5076,2.4193,3.4705,0.0000,2.6881,5.4020,5.4177,5.3638,4.4365,13.2900,5.0000
sub-007,ses-02,Fp2,13,8,2,2,29.7248,12.1622,5.2060,2.4289,0.0000,5.3572,6.6342,6.5206,5.6372,5.5688,60.2735,1.0000
sub-007,ses-02,Fp2,14,4,2,0,7.6853,5.9721,3.5009,5.4639,0.0000,3.4108,5.9867,5.9829,5.9449,5.7978,13.1088,3.0000
sub-007,ses-02,Fp2,15,8,0,0,5.0545,7.9115,4.5757,3.6374,0.0000,2.9443,5.5573,5.5736,5.2085,6.4572,17.4249,4.0000
sub-007,ses-02,Fp2,16,4,2,2,13.5970,9.2254,6.8880,3.9498,0.0000,4.2782,5.5592,5.4985,3.4648,4.1562,32.1095,1.0000
sub-007,ses-02,Fp2,17,2,4,0,11.3449,7.9665,3.6271,5.5024,0.0000,3.9660,5.3922,5.3223,4.9843,4.5056,35.8160,20.0000
sub-007,ses-02,Fp2,18,4,2,0,10.1597,4.2491,6.3932,11.1983,0.0000,5.6180,8.0357,7.9928,3.1356,6.8840,32.3374,20.0000
sub-007,ses-02,Fp2,19,4,0,0,20.5838,3.5155,4.0315,4.4826,0.0000,4.1595,6.4009,6.3299,4.5048,6.4178,68.4824,1.0000
sub-007,ses-02,Fp2,20,4,2,2,8.2184,2.3672,4.9733,3.9714,0.0000,2.8793,5.8172,5.8266,3.8782,5.9866,28.0622,1.0000
sub-007,ses-02,Fp2,21,8,2,2,20.8861,4.3096,7.6806,3.7613,0.0000,4.5526,5.8809,5.8112,6.7017,6.1717,51.6117,1.0000
sub-007,ses-02,Fp2,22,8,2,2,17.3016,5.6373,4.8590,3.9347,0.0000,4.0014,6.0807,6.0309,5.5008,6.6908,57.6439,1.0000
sub-007,ses-02,Fp2,23,8,2,2,17.2409,4.0857,5.4468,3.6041,0.0000,3.8335,6.0632,6.0028,6.3948,5.7356,58.4336,1.0000
sub-007,ses-02,Fp2,24,8,2,2,18.8751,5.9490,8.6573,7.6509,0.0000,5.8303,6.4202,6.2977,4.5672,5.3749,58.8445,1.0000
sub-007,ses-02,Fz,0,4,2,0,13.9361,6.8363,6.8202,4.3546,0.0000,4.2005,5.7246,5.6876,9.2136,5.7125,29.9451,1.0000
sub-007,ses-02,Fz,1,4,2,0,5.3412,5.4019,2.3613,4.1626,0.0000,2.5873,5.6656,5.6821,6.3845,5.0852,14.0291,16.0000
sub-007,ses-02,Fz,2,8,2,0,18.0761,10.0967,8.7800,4.8220,0.0000,5.3037,5.4930,5.4292,5.4366,4.6944,27.3634,4.0000
sub-007,ses-02,Fz,3,4,2,0,5.6220,4.4536,2.5185,3.3095,0.0000,2.2892,6.3908,6.4447,4.1876,4.9044,12.5327,20.0000
sub-007,ses-02,Fz,4,4,2,0,17.3775,9.2153,5.0301,2.9519,0.0000,4.0680,5.9341,5.8607,6.6699,5.4692,51.6001,1.0000
sub-007,ses-02,Fz,5,8,2,0,17.0946,5.0144,3.7651,5.2453,0.0000,4.1678,5.5877,5.5343,4.3143,5.8977,56.1317,1.0000
sub-007,ses-02,Fz,6,4,2,0,5.4986,4.7508,4.7533,5.5498,0.0000,3.2945,5.1544,5.1418,5.8141,5.4128,21.8262,20.0000
sub-007,ses-02,Fz,7,8,2,0,16.6106,4.3005,6.1580,3.4275,0.0000,3.8407,5.1679,5.1326,5.4255,4.4943,36.1702,1.0000
sub-007,ses-02,Fz,8,4,4,0,7.1395,12.6525,6.3205,9.3907,0.0000,5.5621,7.5265,7.4711,6.3071,8.1573,37.1370,17.0000
sub-007,ses-02,Fz,9,4,2,0,16.1925,4.9340,5.7628,4.3808,0.0000,4.0938,5.1186,5.0205,5.6657,4.2074,55.1909,1.0000
sub-007,ses-02,Fz,10,8,0,0,7.8685,7.6411,6.9031,3.6954,0.0000,3.5232,5.2436,5.2058,3.9657,5.1318,25.8361,6.0000
sub-007,ses-02,Fz,11,8,2,0,17.7684,6.6255,7.9212,2.7030,0.0000,4.1917,5.5529,5.4815,4.5675,4.8357,41.5363,1.0000
sub-007,ses-02,Fz,12,4,4,0,12.4211,8.2670,3.0663,2.8186,0.0000,3.2045,5.2376,5.2252,6.4511,5.0804,24.1972,3.0000
sub-007,ses-02,Fz,13,8,2,2,10.3624,3.7260,5.4124,4.1837,0.0000,3.3306,5.8922,5.8957,6.3648,6.7289,32.1849,1.0000
sub-007,ses-02,Fz,14,4,2,0,20.9719,5.3215,2.8946,4.5645,0.0000,4.2298,5.1216,5.0463,2.9116,4.9126,52.8603,1.0000
sub-007,ses-02,Fz,15,8,0,0,13.8330,8.1217,6.7529,3.9210,0.0000,4.1700,5.9697,5.9219,6.5180,5.8509,28.0203,2.0000
sub-007,ses-02,Fz,16,4,2,2,23.5489,19.3578,10.1751,10.2378,0.0000,8.5062,7.6371,7.4324,10.0714,7.1651,36.4150,5.0000
sub-007,ses-02,Fz,17,2,4,0,4.8999,10.3303,4.0514,4.4442,0.0000,3.3257,5.3729,5.3645,3.0551,5.3107,16.2383,5.0000
sub-007,ses-02,Fz,18,4,2,0,22.2001,5.0357,6.8711,9.4262,0.0000,6.3421,7.4760,7.3766,3.2527,6.3769,55.9045,1.0000
sub-007,ses-02,Fz,19,4,0,0,20.5869,2.8704,7.3861,6.5225,0.0000,5.1846,6.7070,6.6283,5.2505,5.7823,68.5228,1.0000
sub-007,ses-02,Fz,20,4,2,2,3.0199,4.8124,6.6047,5.5202,0.0000,3.3191,6.2197,6.2233,5.4921,5.8552,18.6706,21.0000
sub-007,ses-02,Fz,21,8,2,2,9.7084,2.2827,8.5165,4.4839,0.0000,3.6594,5.5593,5.5292,7.6153,5.7043,20.3887,1.0000
sub-007,ses-02,Fz,22,8,2,2,3.3125,10.6479,6.9240,4.7113,0.0000,3.6891,6.1622,6.1614,9.2377,5.8730,26.5953,7.0000
sub-007,ses-02,Fz,23,8,2,2,13.1988,4.9575,5.0231,1.8216,0.0000,2.9406,5.5786,5.5411,7.3560,6.6268,36.2156,1.0000
sub-007,ses-02,Fz,24,8,2,2,6.3155,3.1073,7.9542,4.8377,0.0000,3.4490,6.1078,6.1073,5.3185,5.2771,19.1484,8.0000
sub-007,ses-02,FCz,0,4,2,0,4.8106,4.5993,4.6191,3.7629,0.0000,2.6575,5.4746,5.5002,9.1231,5.9774,12.8218,14.0000
sub-007,ses-02,FCz,1,4,2,0,5.6791,6.2190,1.9885,2.0279,0.0000,1.9973,5.7884,5.8346,5.0451,6.6677,15.0351,5.0000
sub-007,ses-02,FCz,2,8,2,0,22.6462,11.6170,6.1338,4.2407,0.0000,5.3252,5.6855,5.6292,5.4494,5.4061,45.2173,1.0000
sub-007,ses-02,FCz,3,4,2,0,3.1784,4.7761,4.3650,4.9977,0.0000,2.8600,6.1105,6.1311,4.5600,4.5719,14.4851,20.0000
sub-007,ses-02,FCz,4,4,2,0,25.4906,5.5852,6.2355,4.7597,0.0000,5.1998,5.8669,5.7205,6.8316,6.3563,71.5948,1.0000
sub-007,ses-02,FCz,5,8,2,0,10.5713,5.9723,5.1482,3.8896,0.0000,3.4332,5.0721,5.0508,3.5881,5.2712,20.9150,1.0000
sub-007,ses-02,FCz,6,4,2,0,5.8179,4.9485,4.9875,4.1974,0.0000,2.9665,5.7034,5.6901,6.4841,6.4140,18.5074,2.0000
sub-007,ses-02,FCz,7,8,2,0,19.4156,3.7721,3.8243,2.9283,0.0000,3.5759,4.8743,4.8347,6.2846,4.5222,45.1593,1.0000
sub-007,ses-02,FCz,8,4,4,0,2.4489,12.1163,4.4551,9.4139,0.0000,4.8226,6.8783,6.8379,5.8846,8.2802,39.3368,17.0000
sub-007,ses-02,FCz,9,4,2,0,19.5280,5.4413,8.6822,5.0396,0.0000,5.0578,5.1690,5.0154,6.5821,4.5168,69.6361,1.0000
sub-007,ses-02,FCz,10,8,0,0,6.3673,9.5146,9.9287,3.2437,0.0000,3.8434,5.3178,5.2768,5.6861,4.8921,25.9156,6.0000
sub-007,ses-02,FCz,11,8,2,0,18.3869,6.0789,7.5078,4.0938,0.0000,4.5612,6.1211,6.0478,4.1334,5.0702,49.7327,1.0000
sub-007,ses-02,FCz,12,4,4,0,18.4274,6.4079,3.1058,3.0091,0.0000,3.6534,5.7060,5.6778,6.7247,4.6856,41.1871,1.0000
sub-007,ses-02,FCz,13,8,2,2,8.8546,5.6557,2.3228,2.5281,0.0000,2.4382,5.9277,5.9666,7.3449,6.4477,14.5912,1.0000
sub-007,ses-02,FCz,14,4,2,0,14.4873,5.3650,4.9916,4.9028,0.0000,4.0255,5.2413,5.2005,2.8253,4.3948,31.9561,1.0000
sub-007,ses-02,FCz,15,8,0,0,18.0279,9.2963,4.9532,4.0442,0.0000,4.4556,5.4441,5.3658,8.6498,7.0720,61.1157,1.0000
sub-007,ses-02,FCz,16,4,2,2,7.4763,4.3793,3.3380,7.7236,0.0000,3.9036,5.9750,5.9527,3.8207,6.5631,23.1285,21.0000
sub-007,ses-02,FCz,17,2,4,0,8.7024,6.4081,4.6227,3.8260,0.0000,3.2074,5.2071,5.1770,2.4492,5.2428,15.8129,1.0000
sub-007,ses-02,FCz,18,4,2,0,18.7116,4.7922,5.6299,7.6398,0.0000,5.2817,7.2142,7.1465,3.3411,5.0549,44.1400,1.0000
sub-007,ses-02,FCz,19,4,0,0,16.8791,3.8095,9.0003,5.8970,0.0000,4.9632,6.1085,6.0642,4.4886,5.9455,50.2099,1.0000
sub-007,ses-02,FCz,20,4,2,2,2.9594,5.7144,4.8017,5.3561,0.0000,3.0961,6.1456,6.1583,5.1402,5.8787,19.8727,16.0000
sub-007,ses-02,FCz,21,8,2,2,12.2561,4.8258,7.6700,4.6422,0.0000,4.0627,6.1747,6.1499,5.8030,5.9914,21.6840,1.0000
sub-007,ses-02,FCz,22,8,2,2,3.8657,8.2410,8.3613,4.9988,0.0000,3.8042,6.2309,6.2229,7.8140,6.4038,21.2271,19.0000
sub-007,ses-02,FCz,23,8,2,2,7.0290,3.9691,4.1459,1.8267,0.0000,2.1538,5.3559,5.3737,5.5993,6.0242,15.0497,3.0000
sub-007,ses-02,FCz,24,8,2,2,12.4384,4.6850,7.8744,3.2132,0.0000,3.6631,5.1910,5.1659,4.0611,5.1021,23.9075,1.0000
sub-007,ses-02,Cz,0,4,2,0,4.0045,3.3652,4.9030,3.2805,0.0000,2.3615,5.8064,5.8378,11.3408,5.9396,16.0800,14.0000
sub-007,ses-02,Cz,1,4,2,0,3.2625,6.2359,2.4928,2.7428,0.0000,2.0606,5.8450,5.8900,5.4000,6.9652,19.9029,5.0000
sub-007,ses-02,Cz,2,8,2,0,27.1854,13.3855,6.2879,3.6964,0.0000,5.7689,5.5757,5.4762,4.6749,5.1340,59.9636,1.0000
sub-007,ses-02,Cz,3,4,2,0,2.4384,5.8916,5.2286,4.8173,0.0000,2.9608,6.6852,6.7135,5.0968,5.7924,11.9178,6.0000
sub-007,ses-02,Cz,4,4,2,0,21.0219,3.1848,4.1460,4.2656,0.0000,4.1199,5.7460,5.6485,7.1242,5.8224,56.6445,1.0000
sub-007,ses-02,Cz,5,8,2,0,17.8546,9.9912,8.1080,3.5087,0.0000,4.7824,5.3566,5.3013,4.6337,5.1249,40.3919,1.0000
sub-007,ses-02,Cz,6,4,2,0,8.2352,4.4943,7.9337,7.3936,0.0000,4.5265,5.8260,5.7733,6.7555,5.8461,22.2904,21.0000
sub-007,ses-02,Cz,7,8,2,0,21.1033,7.3286,5.1626,3.0776,0.0000,4.2956,5.6413,5.5681,8.1920,5.2171,53.9471,1.0000
sub-007,ses-02,Cz,8,4,4,0,5.4168,4.1383,3.4165,6.5149,0.0000,3.3352,6.7430,6.7503,5.0836,6.9874,27.6691,17.0000
sub-007,ses-02,Cz,9,4,2,0,19.0371,3.4076,4.5146,2.9678,0.0000,3.6151,5.6998,5.6250,3.7885,6.5783,67.4033,1.0000
sub-007,ses-02,Cz,10,8,0,0,14.9300,6.9705,8.7553,3.4381,0.0000,4.2984,5.8253,5.7624,5.2855,5.3615,38.8770,1.0000
sub-007,ses-02,Cz,11,8,2,0,16.0108,4.3249,8.1954,5.0302,0.0000,4.5560,5.8975,5.8069,4.0817,4.2728,48.9222,1.0000
sub-007,ses-02,Cz,12,4,4,0,21.1009,7.0824,2.9420,3.5100,0.0000,4.0934,5.3202,5.2743,7.0524,5.0196,58.7779,1.0000
sub-007,ses-02,Cz,13,8,2,2,16.4384,4.8161,7.1444,3.6767,0.0000,4.0856,6.8303,6.7779,4.4220,6.8763,52.2372,1.0000
sub-007,ses-02,Cz,14,4,2,0,22.2970,7.8825,5.4096,5.7722,0.0000,5.3073,6.6978,6.6094,5.0685,6.1908,40.5365,1.0000
sub-007,ses-02,Cz,15,8,0,0,12.5925,7.1488,3.7014,2.4796,0.0000,3.1025,5.3433,5.3212,7.6882,5.7358,42.8741,1.0000
sub-007,ses-02,Cz,16,4,2,2,21.2871,4.0618,2.6902,4.6239,0.0000,4.1313,5.9682,5.8771,3.2074,5.2502,66.5911,1.0000
sub-007,ses-02,Cz,17,2,4,0,12.6097,2.4597,4.8922,2.8790,0.0000,2.9548,5.4868,5.4878,3.3614,5.1129,27.5227,1.0000
sub-007,ses-02,Cz,18,4,2,0,21.2436,7.2353,6.5813,6.7039,0.0000,5.5943,8.6875,8.6406,4.2276,6.6022,53.7514,1.0000
sub-007,ses-02,Cz,19,4,0,0,22.5594,6.9888,8.2518,5.6366,0.0000,5.6042,6.3913,6.2768,5.1937,6.3466,68.9552,1.0000
sub-007,ses-02,Cz,20,4,2,2,2.3096,5.6471,4.3877,5.0189,0.0000,2.8698,6.4369,6.4434,5.8310,5.3037,17.5076,7.0000
sub-007,ses-02,Cz,21,8,2,2,19.5101,6.6017,5.0938,3.5856,0.0000,4.2238,6.1998,6.1698,5.7068,5.0423,48.0489,1.0000
sub-007,ses-02,Cz,22,8,2,2,5.5036,10.3769,11.1444,5.8320,0.0000,4.7955,5.8931,5.8409,7.4261,5.7981,28.8578,10.0000
sub-007,ses-02,Cz,23,8,2,2,3.9149,3.9149,6.6085,2.3185,0.0000,2.3514,5.5741,5.5974,6.0156,5.3400,17.0943,11.0000
sub-007,ses-02,Cz,24,8,2,2,7.1807,4.1019,8.7759,4.1244,0.0000,3.5210,5.3882,5.3587,4.3977,5.9256,16.8990,8.0000
sub-007,ses-02,C4,0,4,2,0,7.7027,7.9130,7.1567,3.2711,0.0000,3.4402,5.0375,5.0303,7.5683,5.1406,20.5328,9.0000
sub-007,ses-02,C4,1,4,2,0,3.3224,7.3168,3.7887,3.3286,0.0000,2.5247,5.4669,5.4793,4.3312,5.4023,15.2188,7.0000
sub-007,ses-02,C4,2,8,2,0,17.4915,12.1876,7.7028,3.4342,0.0000,4.8739,6.2498,6.2014,6.1341,6.0534,22.8011,4.0000
sub-007,ses-02,C4,3,4,2,0,7.0289,5.8802,5.2855,5.4092,0.0000,3.5737,5.9843,5.9452,5.8114,5.5436,19.1800,20.0000
sub-007,ses-02,C4,4,4,2,0,15.2202,7.2433,5.9488,5.9819,0.0000,4.7282,7.0635,7.0155,11.2906,6.5981,37.4708,1.0000
sub-007,ses-02,C4,5,8,2,0,10.7720,3.8783,4.8450,4.9577,0.0000,3.5377,5.2777,5.2606,3.0789,5.4369,27.9935,1.0000
sub-007,ses-02,C4,6,4,2,0,6.4611,8.3912,4.8160,2.0572,0.0000,2.6755,5.5587,5.5721,5.9387,4.4444,13.2727,5.0000
sub-007,ses-02,C4,7,8,2,0,7.0602,5.3779,7.7501,6.4722,0.0000,4.1952,5.1682,5.1058,4.8901,4.0566,21.1473,22.0000
sub-007,ses-02,C4,8,4,4,0,3.3364,2.9517,34.7054,24.4148,0.0000,12.8088,28.6284,28.7377,9.5238,38.0771,83.1199,20.0000
sub-007,ses-02,C4,9,4,2,0,5.2260,4.3615,5.5764,5.2879,0.0000,3.2686,7.8734,7.9199,6.4771,6.9186,26.7271,14.0000
sub-007,ses-02,C4,10,8,0,0,5.1682,5.4332,6.4851,16.6135,0.0000,6.9138,13.2899,13.3337,6.7068,11.1957,40.1131,18.0000
sub-007,ses-02,C4,11,8,2,0,19.4136,5.4417,7.1817,3.7769,0.0000,4.4561,6.0949,6.0579,4.1355,5.9140,56.4984,1.0000
sub-007,ses-02,C4,12,4,4,0,10.9568,2.9611,3.4798,5.4121,0.0000,3.4165,6.0263,6.0277,7.8925,7.0934,22.0117,14.0000
sub-007,ses-02,C4,13,8,2,2,10.3482,5.2219,6.6947,7.7980,0.0000,4.7401,5.8588,5.7870,4.8926,6.9062,39.4401,1.0000
sub-007,ses-02,C4,14,4,2,0,6.0355,4.3830,6.2502,6.2351,0.0000,3.7263,5.6466,5.6450,4.5763,5.5214,20.7745,13.0000
sub-007,ses-02,C4,15,8,0,0,8.2163,4.7875,7.9580,3.9586,0.0000,3.5168,5.0252,5.0042,4.8819,5.8042,20.1905,21.0000
sub-007,ses-02,C4,16,4,2,2,13.4319,5.4988,3.6916,3.7745,0.0000,3.4172,6.6977,6.6521,5.9292,5.4873,40.6771,1.0000
sub-007,ses-02,C4,17,2,4,0,6.9787,4.2733,2.9202,3.3538,0.0000,2.4681,5.6266,5.6450,6.6615,5.9179,21.2760,20.0000
sub-007,ses-02,C4,18,4,2,0,15.3128,2.4492,4.5055,9.3262,0.0000,5.1005,9.9601,9.9712,5.5430,8.3715,41.7316,22.0000
sub-007,ses-02,C4,19,4,0,0,21.4636,5.1142,3.4402,5.1800,0.0000,4.5184,6.2461,6.1551,5.8049,4.7002,65.1127,1.0000
sub-007,ses-02,C4,20,4,2,2,5.7551,5.7652,2.6725,4.4640,0.0000,2.7941,6.4357,6.4423,6.9253,5.6005,13.3008,22.0000
sub-007,ses-02,C4,21,8,2,2,6.6729,6.6326,2.5024,4.5996,0.0000,2.9775,5.2409,5.2419,6.3702,4.3002,18.6300,14.0000
sub-007,ses-02,C4,22,8,2,2,12.7361,5.0857,11.5814,4.6327,0.0000,4.6744,7.2141,7.1863,7.8521,8.0491,27.7008,1.0000
sub-007,ses-02,C4,23,8,2,2,7.3225,5.0992,18.1515,12.8832,0.0000,7.5832,15.6374,15.6633,7.3774,19.9750,50.2439,21.0000
sub-007,ses-02,C4,24,8,2,2,3.2916,6.9312,10.4127,4.2663,0.0000,3.6937,5.4998,5.4885,6.2052,5.0344,21.2024,13.0000
sub-007,ses-02,CP4,0,4,2,0,22.2688,5.8100,8.4394,3.6599,0.0000,4.8961,5.3579,5.2520,7.9392,5.5460,68.7459,1.0000
sub-007,ses-02,CP4,1,4,2,0,11.4311,8.2859,6.3161,4.2525,0.0000,4.0011,5.7382,5.7035,7.1524,5.7148,31.8908,1.0000
sub-007,ses-02,CP4,2,8,2,0,23.5013,13.0068,6.5759,4.7996,0.0000,5.7647,6.5016,6.4173,6.7519,6.1397,59.4539,1.0000
sub-007,ses-02,CP4,3,4,2,0,7.6906,5.6644,4.2557,5.8365,0.0000,3.6007,5.8335,5.8078,7.4579,6.0260,23.0132,1.0000
sub-007,ses-02,CP4,4,4,2,0,32.1432,7.9727,3.7882,4.6043,0.0000,5.6523,5.3052,5.1295,6.7029,3.5863,66.9572,1.0000
sub-007,ses-02,CP4,5,8,2,0,3.1056,4.8666,3.1868,3.9842,0.0000,2.3908,5.2664,5.2935,3.9243,5.3071,17.5457,16.0000
sub-007,ses-02,CP4,6,4,2,0,5.9357,6.0439,4.2894,3.3854,0.0000,2.7364,4.6777,4.6477,4.5944,4.2056,15.1696,5.0000
sub-007,ses-02,CP4,7,8,2,0,16.0124,4.6559,6.2390,3.7968,0.0000,3.9410,5.3764,5.3431,4.0840,4.9309,51.5914,1.0000
sub-007,ses-02,CP4,8,4,4,0,6.2077,2.8668,31.9116,23.7278,0.0000,12.4705,29.1003,29.2181,8.7309,39.5889,71.1291,21.0000
sub-007,ses-02,CP4,9,4,2,0,24.1917,7.9223,5.6887,2.6799,0.0000,4.5913,6.4231,6.3578,9.4726,6.0934,66.6153,1.0000
sub-007,ses-02,CP4,10,8,0,0,11.3034,1.8804,4.3766,10.4872,0.0000,5.0076,7.9787,7.9588,7.2535,7.1229,36.7928,18.0000
sub-007,ses-02,CP4,11,8,2,0,20.7940,3.1821,5.3348,4.3239,0.0000,4.2820,6.2672,6.1953,4.6620,5.3963,70.5029,1.0000
sub-007,ses-02,CP4,12,4,4,0,21.8074,1.3209,2.6427,3.3921,0.0000,3.5457,5.7941,5.7709,5.8635,6.8858,58.8318,1.0000
sub-007,ses-02,CP4,13,8,2,2,7.8562,5.8450,8.8274,7.5037,0.0000,4.7748,5.6806,5.6082,6.2167,6.6339,23.6603,13.0000
sub-007,ses-02,CP4,14,4,2,0,5.3482,4.8996,8.2714,3.5490,0.0000,3.1804,5.6858,5.7051,6.1076,5.2924,20.3216,13.0000
sub-007,ses-02,CP4,15,8,0,0,24.3581,11.5179,6.0581,3.5055,0.0000,5.2424,5.4998,5.3663,2.8527,6.6519,61.7957,1.0000
sub-007,ses-02,CP4,16,4,2,2,21.4242,7.8764,4.1721,5.5856,0.0000,4.9964,5.3411,5.2117,4.6123,4.5171,65.8572,1.0000
sub-007,ses-02,CP4,17,2,4,0,18.7346,7.1146,4.6002,3.9126,0.0000,4.2294,6.4329,6.3572,4.4372,6.7255,49.3346,1.0000
sub-007,ses-02,CP4,18,4,2,0,9.3791,7.4435,8.2955,9.9504,0.0000,5.7306,10.8576,10.8973,6.2886,11.3713,36.0195,20.0000
sub-007,ses-02,CP4,19,4,0,0,24.8591,8.0713,2.7099,3.4711,0.0000,4.4908,7.3922,7.3238,7.7546,6.6600,75.8985,1.0000
sub-007,ses-02,CP4,20,4,2,2,5.8598,7.2727,4.0919,4.8968,0.0000,3.2730,8.7340,8.7847,4.4939,7.1084,18.9829,22.0000
sub-007,ses-02,CP4,21,8,2,2,15.5228,4.0655,5.8385,4.4278,0.0000,3.9755,5.6301,5.5737,4.9403,4.7156,37.6005,1.0000
sub-007,ses-02,CP4,22,8,2,2,15.8477,2.4110,6.0724,1.5970,0.0000,3.0286,5.6451,5.6247,7.5600,5.5255,58.2994,1.0000
sub-007,ses-02,CP4,23,8,2,2,7.4782,8.2469,11.4517,13.7519,0.0000,7.2183,16.5501,16.6232,5.5449,14.4774,52.7842,21.0000
sub-007,ses-02,CP4,24,8,2,2,19.8557,4.4431,10.2552,3.9279,0.0000,4.8788,6.9754,6.9178,5.6637,5.9751,51.9048,1.0000
sub-007,ses-02,O2,0,4,2,0,12.2695,2.7899,5.7137,7.4368,0.0000,4.4465,5.8241,5.7896,4.8448,5.7984,32.0689,1.0000
sub-007,ses-02,O2,1,4,2,0,21.9114,2.4444,5.0009,4.0738,0.0000,4.1951,5.6864,5.5844,5.2646,5.3206,66.9646,1.0000
sub-007,ses-02,O2,2,8,2,0,22.9136,19.0058,4.4649,4.3398,0.0000,5.8345,5.4705,5.3107,5.9273,4.1712,66.3670,1.0000
sub-007,ses-02,O2,3,4,2,0,10.3091,8.5056,6.4209,4.6207,0.0000,4.0431,6.9255,6.9123,7.0667,4.8485,31.5638,22.0000
sub-007,ses-02,O2,4,4,2,0,15.2159,5.1806,5.5832,6.1635,0.0000,4.5398,5.6782,5.6227,4.7767,5.7907,54.6292,1.0000
sub-007,ses-02,O2,5,8,2,0,10.5462,4.8096,5.2878,3.3755,0.0000,3.1868,6.9113,6.9328,6.5726,6.8037,33.0286,1.0000
sub-007,ses-02,O2,6,4,2,0,2.8759,3.8338,7.9298,4.0793,0.0000,2.9639,6.0356,6.0632,5.5713,6.6905,16.1999,13.0000
sub-007,ses-02,O2,7,8,2,0,9.0176,4.2720,3.3460,2.8363,0.0000,2.5606,4.8406,4.8386,5.0538,5.2491,25.3167,1.0000
sub-007,ses-02,O2,8,4,4,0,12.1633,10.5854,18.3932,14.4594,0.0000,9.0541,23.5140,23.6598,19.8198,19.3079,53.4604,17.0000
sub-007,ses-02,O2,9,4,2,0,10.1712,5.5552,6.1484,5.1899,0.0000,3.8899,5.4062,5.3757,3.3863,4.4583,32.9665,1.0000
sub-007,ses-02,O2,10,8,0,0,9.1696,5.5596,6.4396,3.6702,0.0000,3.3783,8.1954,8.2558,5.2393,5.8283,24.1994,2.0000
sub-007,ses-02,O2,11,8,2,0,26.9293,2.2058,3.7799,2.1802,0.0000,3.8968,5.6066,5.5208,3.3676,6.1421,76.8400,1.0000
sub-007,ses-02,O2,12,4,4,0,27.0275,10.2647,1.7998,2.2266,0.0000,4.3933,6.3301,6.2759,3.1864,6.4714,81.1468,1.0000
sub-007,ses-02,O2,13,8,2,2,6.5922,1.7916,5.0459,3.0223,0.0000,2.3977,4.5342,4.5456,3.0873,4.1668,13.0498,3.0000
sub-007,ses-02,O2,14,4,2,0,20.9938,7.2916,2.4387,7.9536,0.0000,5.3760,7.5705,7.4608,4.3400,6.4321,73.7788,1.0000
sub-007,ses-02,O2,15,8,0,0,16.3432,6.3086,5.1732,6.0394,0.0000,4.6548,7.0414,6.9855,4.3124,6.2312,32.1822,1.0000
sub-007,ses-02,O2,16,4,2,2,16.8126,3.5459,6.7092,3.4614,0.0000,3.8764,5.4190,5.3623,5.8128,4.2226,47.1962,1.0000
sub-007,ses-02,O2,17,2,4,0,25.8048,5.8837,3.6622,5.3649,0.0000,5.0807,6.3068,6.2017,6.8396,5.7721,64.9089,1.0000
sub-007,ses-02,O2,18,4,2,0,19.4942,24.5203,7.4830,7.8928,0.0000,7.5247,10.1304,10.0859,10.4849,10.3411,55.8872,7.0000
sub-007,ses-02,O2,19,4,0,0,18.9435,1.4102,5.1711,3.4204,0.0000,3.6490,5.9479,5.9032,3.2406,5.0510,66.8985,1.0000
sub-007,ses-02,O2,20,4,2,2,2.3961,10.2437,10.5963,8.9492,0.0000,5.3599,12.2504,12.3066,14.3394,10.3534,36.0600,17.0000
sub-007,ses-02,O2,21,8,2,2,12.1622,2.3129,2.2885,2.3058,0.0000,2.3629,5.2324,5.2487,5.7164,5.4151,28.9629,3.0000
sub-007,ses-02,O2,22,8,2,2,13.3132,8.4612,7.4781,6.2980,0.0000,4.9730,6.9672,6.9474,5.4629,7.6863,28.6583,13.0000
sub-007,ses-02,O2,23,8,2,2,14.9997,5.9372,4.3431,4.4694,0.0000,3.9048,5.7966,5.7638,2.8902,5.2848,41.4820,1.0000
sub-007,ses-02,O2,24,8,2,2,5.7814,1.7854,7.6487,2.5148,0.0000,2.5314,7.0385,7.0753,6.5492,5.4982,23.1982,8.0000
sub-008,ses-01,Fp1,0,4,8,4,3.0841,5.5483,6.0567,4.3674,0.0000,2.9685,5.4727,5.4715,7.5771,4.4965,20.8999,22.0000
sub-008,ses-01,Fp1,1,8,4,4,5.5424,5.6125,6.9268,5.6306,0.0000,3.7065,5.4149,5.4005,8.0754,6.0965,23.9722,13.0000
sub-008,ses-01,Fp1,2,4,8,4,3.6466,5.4456,4.0921,3.7816,0.0000,2.5600,5.9173,5.9585,4.9728,6.4427,13.4736,16.0000
sub-008,ses-01,Fp1,3,4,4,4,2.4725,3.6454,7.3647,3.9437,0.0000,2.7890,5.5937,5.6128,7.0677,5.7472,25.6242,9.0000
sub-008,ses-01,Fp1,4,4,4,8,14.5673,9.2584,5.0726,4.2633,0.0000,4.2131,5.8684,5.8392,4.3969,6.0966,31.8119,1.0000
sub-008,ses-01,Fp1,5,4,2,4,2.2082,11.2815,11.9324,4.7190,0.0000,4.3465,5.3182,5.2567,6.0239,4.1330,34.4961,7.0000
sub-008,ses-01,Fp1,6,4,4,2,3.5434,2.7049,6.2093,4.2150,0.0000,2.7219,5.6089,5.6335,12.3154,4.3380,11.2443,12.0000
sub-008,ses-01,Fp1,7,4,8,2,3.9286,4.4009,2.3204,3.8822,0.0000,2.2723,5.2745,5.2953,8.0197,4.8800,15.8211,15.0000
sub-008,ses-01,Fp1,8,4,4,8,6.0262,8.3360,2.0899,2.8148,0.0000,2.4786,5.8443,5.8841,4.8184,5.6741,14.0667,4.0000
sub-008,ses-01,Fp1,9,8,2,2,3.6459,4.8576,8.9694,4.1210,0.0000,3.2884,5.6949,5.6901,6.5133,6.6714,19.2595,12.0000
sub-008,ses-01,Fp1,10,8,2,4,5.2109,6.7722,9.4071,6.0712,0.0000,4.2628,5.7101,5.6782,5.5194,6.0604,24.6358,10.0000
sub-008,ses-01,Fp1,11,8,2,4,11.9414,9.6858,7.6448,5.0068,0.0000,4.5922,5.6014,5.5459,3.9100,4.9267,22.1702,9.0000
sub-008,ses-01,Fp1,12,4,2,0,8.6548,6.1607,7.6198,4.9446,0.0000,3.9363,5.7390,5.7174,4.6322,5.2800,18.4689,14.0000
sub-008,ses-01,Fp1,13,4,2,8,3.0769,5.6848,8.5918,5.3119,0.0000,3.6198,6.0419,6.0266,5.4231,6.7602,16.3142,11.0000
sub-008,ses-01,Fp1,14,8,2,2,3.4159,4.4765,9.1677,5.5744,0.0000,3.6987,6.4388,6.4383,9.3857,5.3136,18.3436,11.0000
sub-008,ses-01,Fp1,15,8,2,2,11.6909,15.0470,2.3624,2.6787,0.0000,3.6267,5.2882,5.2650,7.5302,4.6827,27.3543,6.0000
sub-008,ses-01,Fp1,16,8,2,2,5.9986,2.4237,4.2136,5.3159,0.0000,2.9785,6.1549,6.1598,8.5504,3.3592,20.6862,20.0000
sub-008,ses-01,Fp1,17,8,2,0,5.4840,2.3618,4.3652,2.9821,0.0000,2.2405,4.7241,4.7131,5.0523,3.9924,14.5815,1.0000
sub-008,ses-01,Fp1,18,8,2,2,7.8512,3.3221,5.6490,4.1445,0.0000,3.0806,5.7139,5.7034,6.7385,5.3246,18.0627,1.0000
sub-008,ses-01,Fp1,19,8,2,2,16.7573,13.6894,6.4901,3.7760,0.0000,4.8794,6.2862,6.2329,7.8726,5.3760,33.6522,1.0000
sub-008,ses-01,Fp1,20,8,2,2,7.3598,1.5535,9.1672,4.5648,0.0000,3.4883,6.1172,6.1112,4.5183,4.4904,20.9715,8.0000
sub-008,ses-01,Fp1,21,4,2,4,1.2843,4.6656,7.0474,3.6692,0.0000,2.6461,4.7962,4.7846,4.4812,3.8090,13.1645,22.0000
sub-008,ses-01,Fp1,22,4,2,2,5.4198,6.6955,4.7806,2.4821,0.0000,2.5445,5.6320,5.6626,13.1408,5.6921,14.0268,7.0000
sub-008,ses-01,Fp1,23,8,2,2,11.4233,2.0806,10.4309,5.1606,0.0000,4.2718,5.7476,5.7029,6.9562,6.0589,29.6568,9.0000
sub-008,ses-01,C3,0,4,8,4,9.2131,5.6848,6.6514,7.1852,0.0000,4.4862,6.7307,6.7210,3.1327,4.8078,19.6922,18.0000
sub-008,ses-01,C3,1,8,4,4,3.6050,7.5378,10.6526,4.2793,0.0000,3.8167,5.7962,5.7778,6.9145,8.2067,34.0501,9.0000
sub-008,ses-01,C3,2,4,8,4,3.5709,14.2162,11.0539,5.5093,0.0000,4.8626,5.9397,5.8828,6.8460,5.3820,24.2991,6.0000
sub-008,ses-01,C3,3,4,4,4,6.2208,2.4952,9.9711,3.6625,0.0000,3.3094,5.8496,5.8586,5.0882,7.4259,19.5849,13.0000
sub-008,ses-01,C3,4,4,4,8,7.5513,5.0371,5.0045,2.5030,0.0000,2.6260,5.3526,5.3574,5.1533,7.5718,12.1720,4.0000
sub-008,ses-01,C3,5,4,2,4,3.7373,7.5460,5.9823,3.2651,0.0000,2.8715,5.6192,5.6173,3.9464,4.7283,19.4095,11.0000
sub-008,ses-01,C3,6,4,4,2,7.2519,4.9129,4.4411,5.8690,0.0000,3.5256,6.0428,6.0488,8.9273,6.7065,19.2560,13.0000
sub-008,ses-01,C3,7,4,8,2,2.7742,4.0199,4.1832,4.7417,0.0000,2.6493,5.4385,5.4551,5.6981,3.8075,21.6583,22.0000
sub-008,ses-01,C3,8,4,4,8,6.9268,12.0940,2.9041,5.0126,0.0000,3.6900,6.1533,6.1277,7.5815,5.6736,24.7351,6.0000
sub-008,ses-01,C3,9,8,2,2,14.0281,2.2916,9.7854,6.8356,0.0000,4.9501,6.8355,6.7696,8.1792,7.2179,22.7255,3.0000
sub-008,ses-01,C3,10,8,2,4,5.6944,3.8225,4.8262,5.2215,0.0000,3.1373,6.0724,6.0806,5.9700,5.5643,18.2751,15.0000
sub-008,ses-01,C3,11,8,2,4,12.8279,10.0084,8.2993,3.2361,0.0000,4.2607,5.1846,5.1406,4.6487,5.0556,26.5836,9.0000
sub-008,ses-01,C3,12,4,2,0,4.3225,4.9001,6.0045,5.8570,0.0000,3.4665,5.2370,5.2216,4.5892,4.9229,19.2213,16.0000
sub-008,ses-01,C3,13,4,2,8,10.9409,1.9647,5.9310,4.7967,0.0000,3.4783,6.2031,6.1871,9.1872,7.8893,35.2677,1.0000
sub-008,ses-01,C3,14,8,2,2,5.3624,9.8257,3.6499,6.5889,0.0000,3.9141,6.0627,6.0456,5.7451,5.8605,26.6084,17.0000
sub-008,ses-01,C3,15,8,2,2,7.9168,9.3957,10.3203,6.0197,0.0000,4.8704,6.4353,6.3847,3.5364,6.7742,26.0757,11.0000
sub-008,ses-01,C3,16,8,2,2,8.3663,3.0564,4.1648,2.5573,0.0000,2.4168,6.0793,6.1078,5.6799,4.9069,14.3441,1.0000
sub-008,ses-01,C3,17,8,2,0,3.9016,4.4689,7.3596,3.2298,0.0000,2.7820,5.7097,5.7247,5.6427,4.9277,13.2441,12.0000
sub-008,ses-01,C3,18,8,2,2,4.1655,2.1938,3.6878,5.1990,0.0000,2.6779,5.6980,5.6739,3.9876,4.5411,21.5621,16.0000
sub-008,ses-01,C3,19,8,2,2,9.3322,8.4354,10.6244,3.0229,0.0000,4.0491,5.5962,5.5508,6.6637,5.7179,24.7993,8.0000
sub-008,ses-01,C3,20,8,2,2,6.6140,2.2486,7.7507,3.9699,0.0000,3.1061,5.6937,5.6792,4.9944,5.9271,22.4968,9.0000
sub-008,ses-01,C3,21,4,2,4,2.3958,1.4495,5.6007,4.6998,0.0000,2.5601,5.0834,5.0868,5.8829,3.9214,23.9482,20.0000
sub-008,ses-01,C3,22,4,2,2,16.0294,3.2018,2.7729,2.3609,0.0000,2.8896,5.7959,5.8090,6.5659,4.7208,40.7693,2.0000
sub-008,ses-01,C3,23,8,2,2,17.8869,3.9730,14.0511,7.6622,0.0000,6.3106,6.1520,6.0453,5.4783,7.4684,54.1593,9.0000
sub-008,ses-01,CP3,0,4,8,4,9.4020,6.2528,5.8836,3.9293,0.0000,3.4652,6.5076,6.4982,5.6084,4.5095,17.7132,2.0000
sub-008,ses-01,CP3,1,8,4,4,5.3587,5.7333,9.1986,5.6392,0.0000,4.0202,6.5444,6.5309,7.1181,9.0384,29.0893,9.0000
sub-008,ses-01,CP3,2,4,8,4,10.9663,13.9612,6.7934,3.0277,0.0000,4.1821,5.7717,5.7493,5.0517,3.8436,22.6642,4.0000
sub-008,ses-01,CP3,3,4,4,4,4.0162,1.0136,5.3357,3.5900,0.0000,2.2977,5.2924,5.3164,3.9417,5.5275,11.9133,14.0000
sub-008,ses-01,CP3,4,4,4,8,14.6680,7.8413,4.8998,3.0064,0.0000,3.6865,5.9716,5.9688,6.9859,5.3257,22.2268,2.0000
sub-008,ses-01,CP3,5,4,2,4,8.1935,7.8332,2.2980,3.5076,0.0000,2.8720,5.0424,5.0360,5.0201,4.3985,14.8434,1.0000
sub-008,ses-01,CP3,6,4,4,2,12.0781,5.8000,4.7783,3.7507,0.0000,3.4638,5.4904,5.4588,8.4762,5.8628,17.3541,1.0000
sub-008,ses-01,CP3,7,4,8,2,0.8657,5.7023,5.5395,4.5361,0.0000,2.7553,4.9725,4.9780,5.1104,4.4663,14.9200,6.0000
sub-008,ses-01,CP3,8,4,4,8,15.0707,15.3598,8.0160,5.2908,0.0000,5.5488,5.4795,5.4015,5.2627,6.1149,31.0138,6.0000
sub-008,ses-01,CP3,9,8,2,2,11.2744,3.0478,6.6979,3.6486,0.0000,3.3699,5.6260,5.6070,6.1521,5.3371,23.4559,10.0000
sub-008,ses-01,CP3,10,8,2,4,2.2327,5.4522,8.5945,6.4402,0.0000,3.8612,5.9973,5.9626,5.3991,6.7982,27.6812,15.0000
sub-008,ses-01,CP3,11,8,2,4,8.7756,10.3594,13.7008,3.0785,0.0000,4.6224,5.5783,5.5264,6.7686,3.4113,51.8330,9.0000
sub-008,ses-01,CP3,12,4,2,0,3.8657,4.3853,8.9929,6.3505,0.0000,3.9423,5.1598,5.1168,7.8312,5.5901,25.5890,16.0000
sub-008,ses-01,CP3,13,4,2,8,13.6499,2.5113,5.0217,4.3395,0.0000,3.5160,6.3069,6.2923,10.1610,8.2092,49.1522,1.0000
sub-008,ses-01,CP3,14,8,2,2,9.2937,7.8776,6.8584,8.8037,0.0000,5.2159,5.8307,5.7668,4.6910,6.1467,21.5078,22.0000
sub-008,ses-01,CP3,15,8,2,2,7.1798,7.3824,10.2632,5.0237,0.0000,4.3055,6.0652,6.0159,3.5234,5.8637,27.8084,9.0000
sub-008,ses-01,CP3,16,8,2,2,9.2743,3.3091,5.1590,3.6157,0.0000,2.9835,6.0384,6.0436,5.4236,6.2535,21.4977,1.0000
sub-008,ses-01,CP3,17,8,2,0,1.8764,3.7096,4.2517,4.1415,0.0000,2.3650,5.4555,5.4785,5.3190,6.8843,10.8986,17.0000
sub-008,ses-01,CP3,18,8,2,2,4.6139,3.2894,5.1680,4.0933,0.0000,2.6938,4.8383,4.8316,4.5459,4.1576,18.9016,16.0000
sub-008,ses-01,CP3,19,8,2,2,7.4756,9.5242,5.7703,3.5503,0.0000,3.4599,5.4564,5.4441,4.8236,4.5930,16.5964,12.0000
sub-008,ses-01,CP3,20,8,2,2,7.1033,4.1225,8.3129,5.6258,0.0000,3.9050,5.8334,5.7809,5.6480,5.1662,35.7477,9.0000
sub-008,ses-01,CP3,21,4,2,4,6.9110,1.7213,5.0672,3.2701,0.0000,2.4987,5.7359,5.7512,6.0858,5.7173,23.7563,1.0000
sub-008,ses-01,CP3,22,4,2,2,8.9459,6.6135,2.9297,4.3946,0.0000,3.1848,5.5270,5.5284,7.2744,6.1746,22.0135,2.0000
sub-008,ses-01,CP3,23,8,2,2,11.4008,6.6773,15.5132,6.5466,0.0000,5.8255,6.1402,6.0621,6.7548,6.3500,49.7325,9.0000
sub-008,ses-01,O1,0,4,8,4,6.5622,3.4460,7.1652,3.2337,0.0000,2.9084,4.6380,4.5974,3.4573,4.2348,23.3037,1.0000
sub-008,ses-01,O1,1,8,4,4,8.6064,3.6070,6.0981,2.6137,0.0000,2.7772,5.8532,5.8677,5.4053,5.4720,28.2867,1.0000
sub-008,ses-01,O1,2,4,8,4,10.6897,3.7632,5.2346,7.5331,0.0000,4.3523,5.5111,5.4624,4.3663,5.1504,28.8674,1.0000
sub-008,ses-01,O1,3,4,4,4,5.1824,4.9871,9.3832,4.7616,0.0000,3.6949,5.4202,5.3982,5.8665,6.3029,17.5206,14.0000
sub-008,ses-01,O1,4,4,4,8,5.4609,10.0675,7.7624,4.4166,0.0000,3.8629,5.3003,5.2687,4.4710,5.1185,22.8089,5.0000
sub-008,ses-01,O1,5,4,2,4,7.3147,8.3004,5.2507,5.7777,0.0000,3.9320,5.8548,5.8388,5.3222,6.7787,19.1302,6.0000
sub-008,ses-01,O1,6,4,4,2,3.0211,4.2609,8.8474,4.0426,0.0000,3.1341,5.6458,5.6406,8.4651,6.4453,16.3734,22.0000
sub-008,ses-01,O1,7,4,8,2,6.7490,2.4141,4.8407,3.3332,0.0000,2.5355,5.6666,5.6905,3.2003,6.4890,15.4515,3.0000
sub-008,ses-01,O1,8,4,4,8,4.6269,1.4032,6.8961,4.3198,0.0000,2.8292,5.7405,5.7594,4.7454,5.0900,15.2917,13.0000
sub-008,ses-01,O1,9,8,2,2,2.0175,2.3978,7.4507,4.8599,0.0000,2.9196,5.0615,5.0465,5.3759,6.1822,14.4314,9.0000
sub-008,ses-01,O1,10,8,2,4,6.9930,7.8488,7.5303,6.7956,0.0000,4.4859,5.8722,5.8167,3.5905,6.9897,31.6112,9.0000
sub-008,ses-01,O1,11,8,2,4,4.7825,5.0627,6.6706,6.4273,0.0000,3.7897,4.9612,4.9179,4.6426,5.0177,23.1115,16.0000
sub-008,ses-01,O1,12,4,2,0,14.2547,5.5507,13.8602,5.8245,0.0000,5.5373,5.0777,4.9710,5.2871,5.2213,36.1774,1.0000
sub-008,ses-01,O1,13,4,2,8,5.3294,7.8259,9.0747,3.5898,0.0000,3.5753,6.5447,6.5470,3.7118,6.6371,22.5877,18.0000
sub-008,ses-01,O1,14,8,2,2,13.8796,7.9905,4.6009,3.2464,0.0000,3.6579,6.4528,6.4374,8.0120,6.0118,42.4063,3.0000
sub-008,ses-01,O1,15,8,2,2,2.5583,2.6107,4.2292,5.7952,0.0000,2.8230,5.4667,5.4654,4.5867,5.5968,20.6390,20.0000
sub-008,ses-01,O1,16,8,2,2,1.7897,5.5538,5.9745,5.4053,0.0000,3.1509,5.0771,5.0596,3.3877,4.1592,22.6698,22.0000
sub-008,ses-01,O1,17,8,2,0,1.9876,4.9981,3.1027,2.6999,0.0000,1.8990,5.6835,5.7308,6.2351,5.1524,16.1482,7.0000
sub-008,ses-01,O1,18,8,2,2,7.6634,5.5217,5.0125,2.8556,0.0000,2.7893,5.5287,5.5401,5.8255,5.1172,13.0429,9.0000
sub-008,ses-01,O1,19,8,2,2,6.4965,5.1597,3.9460,3.4805,0.0000,2.6872,5.5423,5.5660,3.7992,5.9990,11.4983,17.0000
sub-008,ses-01,O1,20,8,2,2,6.2652,8.4891,6.4355,3.4228,0.0000,3.3053,5.1923,5.1633,4.2788,3.7877,20.3173,6.0000
sub-008,ses-01,O1,21,4,2,4,13.6051,11.1164,9.4141,5.8486,0.0000,5.3815,6.8776,6.8155,5.7270,9.1679,27.7181,2.0000
sub-008,ses-01,O1,22,4,2,2,6.6161,3.8594,3.9110,3.8141,0.0000,2.6733,4.8788,4.8654,2.5863,5.0257,17.6493,22.0000
sub-008,ses-01,O1,23,8,2,2,9.1839,1.8650,8.4417,4.1532,0.0000,3.4613,5.9098,5.8808,5.1622,5.0728,22.3978,9.0000
sub-008,ses-01,Pz,0,4,8,4,5.4833,1.8792,8.9690,4.2592,0.0000,3.2240,5.4864,5.4755,5.4098,3.1442,23.8241,15.0000
sub-008,ses-01,Pz,1,8,4,4,3.6036,3.2061,7.6658,3.4224,0.0000,2.7378,5.7343,5.7598,4.3831,7.6450,15.1278,10.0000
sub-008,ses-01,Pz,2,4,8,4,12.6535,2.7075,6.3646,3.0974,0.0000,3.2534,5.6700,5.6479,5.2566,6.0057,29.6023,1.0000
sub-008,ses-01,Pz,3,4,4,4,6.6575,2.1156,9.4606,2.6523,0.0000,2.9381,5.7029,5.6873,3.9605,4.5487,31.1053,9.0000
sub-008,ses-01,Pz,4,4,4,8,11.7337,14.8883,10.1561,5.6043,0.0000,5.5879,6.0840,6.0212,8.3837,5.1450,30.0861,11.0000
sub-008,ses-01,Pz,5,4,2,4,7.2249,3.7669,5.6945,3.5886,0.0000,2.9020,5.1234,5.1184,4.8037,5.0169,17.1314,1.0000
sub-008,ses-01,Pz,6,4,4,2,3.8768,7.2352,5.4983,5.7743,0.0000,3.5466,6.2772,6.2828,11.1923,7.5682,23.7961,7.0000
sub-008,ses-01,Pz,7,4,8,2,8.1327,1.5885,1.5766,6.3302,0.0000,3.0381,6.4151,6.4230,6.2044,5.0284,22.0924,21.0000
sub-008,ses-01,Pz,8,4,4,8,4.7383,3.6423,9.8658,5.1746,0.0000,3.7206,5.4702,5.4605,4.5190,7.1875,25.5786,9.0000
sub-008,ses-01,Pz,9,8,2,2,12.3767,4.2808,6.9478,2.9958,0.0000,3.4247,6.3793,6.3821,5.6400,6.2899,42.2055,1.0000
sub-008,ses-01,Pz,10,8,2,4,2.7957,5.7467,5.6326,2.2577,0.0000,2.2632,6.0942,6.1266,6.3737,5.9761,14.1012,10.0000
sub-008,ses-01,Pz,11,8,2,4,10.4554,5.7739,6.4118,5.2382,0.0000,3.9880,5.3631,5.3141,7.6770,4.9641,23.7272,3.0000
sub-008,ses-01,Pz,12,4,2,0,8.9122,4.8967,9.0280,6.5411,0.0000,4.5218,5.2238,5.1625,6.2778,5.4284,21.9531,10.0000
sub-008,ses-01,Pz,13,4,2,8,12.3607,6.9540,4.8135,4.2045,0.0000,3.7395,6.0229,5.9961,6.4854,6.1498,32.9228,1.0000
sub-008,ses-01,Pz,14,8,2,2,6.5495,5.6325,7.8418,4.0367,0.0000,3.4478,5.2351,5.2136,6.8181,7.1748,20.8292,18.0000
sub-008,ses-01,Pz,15,8,2,2,18.8251,12.7471,4.5819,2.9945,0.0000,4.4816,5.4497,5.4198,4.4493,5.1449,28.4726,1.0000
sub-008,ses-01,Pz,16,8,2,2,3.6773,3.7029,6.4810,3.7145,0.0000,2.7139,5.7272,5.7416,6.1840,5.0921,15.2593,16.0000
sub-008,ses-01,Pz,17,8,2,0,5.7325,4.0321,2.9583,3.6476,0.0000,2.4239,4.8571,4.8630,4.5658,4.2551,10.5490,22.0000
sub-008,ses-01,Pz,18,8,2,2,5.6698,4.6106,4.5694,3.3257,0.0000,2.5994,5.5471,5.5652,6.4747,4.8284,13.1056,14.0000
sub-008,ses-01,Pz,19,8,2,2,1.9935,2.0435,6.6729,3.7701,0.0000,2.4464,5.4437,5.4601,7.8014,5.6765,15.7878,9.0000
sub-008,ses-01,Pz,20,8,2,2,15.4716,11.8452,7.6432,4.9109,0.0000,5.0923,4.9496,4.8822,5.4418,4.3350,28.2734,4.0000
sub-008,ses-01,Pz,21,4,2,4,3.1157,4.8983,4.9479,6.0260,0.0000,3.2577,4.9349,4.9164,3.7541,5.7443,15.6636,15.0000
sub-008,ses-01,Pz,22,4,2,2,16.0583,5.2071,4.6588,2.9775,0.0000,3.5284,5.3167,5.3063,3.5446,4.3227,25.8530,1.0000
sub-008,ses-01,Pz,23,8,2,2,11.4919,5.6891,3.9417,3.4465,0.0000,3.1902,6.6664,6.6850,9.6777,6.9652,35.3339,1.0000
sub-008,ses-01,Fp2,0,4,8,4,3.4145,5.7505,7.0379,5.6596,0.0000,3.5456,5.4490,5.4386,5.9936,4.9626,22.4982,20.0000
sub-008,ses-01,Fp2,1,8,4,4,1.7990,7.3621,7.3787,5.8936,0.0000,3.6636,5.4730,5.4606,7.6327,5.9860,21.3166,13.0000
sub-008,ses-01,Fp2,2,4,8,4,2.1710,6.3236,3.3092,3.2741,0.0000,2.2418,5.6721,5.7096,5.6974,6.5367,10.8977,8.0000
sub-008,ses-01,Fp2,3,4,4,4,4.3711,3.7674,6.2830,4.8612,0.0000,3.1034,5.8755,5.8929,7.3241,5.5664,17.9214,9.0000
sub-008,ses-01,Fp2,4,4,4,8,5.0700,9.2081,4.1158,3.4584,0.0000,2.9481,5.6754,5.6895,4.7951,6.4409,17.8762,22.0000
sub-008,ses-01,Fp2,5,4,2,4,7.9068,10.0620,10.9124,3.9496,0.0000,4.3882,5.0615,4.9971,4.9004,4.0509,28.3125,10.0000
sub-008,ses-01,Fp2,6,4,4,2,5.3886,3.0172,6.3356,3.8918,0.0000,2.8426,6.1898,6.2273,9.5686,5.4531,18.2807,13.0000
sub-008,ses-01,Fp2,7,4,8,2,6.4125,5.3930,5.0650,5.7583,0.0000,3.5458,5.7270,5.7179,8.1093,4.8863,19.6607,21.0000
sub-008,ses-01,Fp2,8,4,4,8,5.0629,10.0552,2.4580,5.2570,0.0000,3.3386,6.2253,6.2331,6.9685,5.4225,20.1070,14.0000
sub-008,ses-01,Fp2,9,8,2,2,9.5541,3.1635,6.8163,3.0938,0.0000,3.0695,6.1679,6.1825,6.1406,6.4517,29.0936,1.0000
sub-008,ses-01,Fp2,10,8,2,4,2.3188,4.2327,7.3519,2.7412,0.0000,2.4640,4.8049,4.8175,4.7160,5.0240,20.7000,10.0000
sub-008,ses-01,Fp2,11,8,2,4,14.2058,9.5001,8.6031,4.0566,0.0000,4.6320,5.5271,5.4797,4.8056,4.6222,23.5457,4.0000
sub-008,ses-01,Fp2,12,4,2,0,12.0003,4.7119,7.9132,5.3098,0.0000,4.2641,5.9610,5.9046,3.8237,6.6745,29.6607,10.0000
sub-008,ses-01,Fp2,13,4,2,8,4.2426,5.9780,4.1617,5.4253,0.0000,3.1717,5.3702,5.3607,5.3651,5.3215,17.9239,22.0000
sub-008,ses-01,Fp2,14,8,2,2,4.7511,3.5208,9.8343,5.0193,0.0000,3.6592,5.9787,5.9719,9.8131,5.5441,18.4725,9.0000
sub-008,ses-01,Fp2,15,8,2,2,14.0015,16.8030,1.8741,3.7244,0.0000,4.2530,5.2659,5.2260,7.7185,5.6858,31.4248,6.0000
sub-008,ses-01,Fp2,16,8,2,2,7.2900,2.1406,3.7250,7.4277,0.0000,3.6426,6.1222,6.1047,5.5911,5.2435,18.6843,1.0000
sub-008,ses-01,Fp2,17,8,2,0,10.2733,3.4295,3.0965,2.8712,0.0000,2.5748,5.0166,5.0012,4.0669,4.3970,30.5997,1.0000
sub-008,ses-01,Fp2,18,8,2,2,7.6479,3.2085,4.5563,4.3945,0.0000,2.9742,5.7886,5.7755,6.7803,6.5356,23.2793,1.0000
sub-008,ses-01,Fp2,19,8,2,2,11.9339,10.4260,8.7216,4.5898,0.0000,4.6846,6.4736,6.4360,7.5040,5.9802,22.9523,4.0000
sub-008,ses-01,Fp2,20,8,2,2,4.0973,2.5024,7.7076,5.9153,0.0000,3.4777,5.6743,5.6577,4.4602,5.5243,24.4564,14.0000
sub-008,ses-01,Fp2,21,4,2,4,3.1933,3.2098,3.4146,2.9983,0.0000,1.9786,4.5326,4.5525,4.0808,4.5977,7.6200,14.0000
sub-008,ses-01,Fp2,22,4,2,2,8.1476,6.1215,3.9815,3.5656,0.0000,2.9609,5.8330,5.8408,9.2090,5.1656,15.1910,2.0000
sub-008,ses-01,Fp2,23,8,2,2,13.6115,2.2974,11.9648,4.1242,0.0000,4.3962,6.5105,6.4658,6.9084,6.9181,43.3739,1.0000
sub-008,ses-01,Fz,0,4,8,4,4.0109,4.1585,8.2283,4.3506,0.0000,3.2234,5.9518,5.9553,6.5011,4.6572,15.4303,8.0000
sub-008,ses-01,Fz,1,8,4,4,1.7216,8.6316,9.3016,5.5931,0.0000,3.9519,5.4299,5.3951,11.4584,5.9884,28.5352,7.0000
sub-008,ses-01,Fz,2,4,8,4,1.2500,5.3773,4.3595,3.9700,0.0000,2.4250,5.7592,5.7957,7.5640,6.9385,15.1468,7.0000
sub-008,ses-01,Fz,3,4,4,4,9.1031,5.5357,8.2950,6.0621,0.0000,4.3519,6.0709,6.0475,5.2097,5.3456,19.8070,3.0000
sub-008,ses-01,Fz,4,4,4,8,7.0852,7.4813,1.8878,4.1471,0.0000,2.8722,5.6477,5.6591,4.6485,6.6267,13.5209,2.0000
sub-008,ses-01,Fz,5,4,2,4,2.3619,8.2104,7.4950,2.9082,0.0000,2.9085,5.5325,5.5351,5.8425,4.4947,20.0363,9.0000
sub-008,ses-01,Fz,6,4,4,2,7.9892,8.1630,3.5944,3.9404,0.0000,3.1954,5.5251,5.5368,5.9509,4.0355,17.2324,4.0000
sub-008,ses-01,Fz,7,4,8,2,2.2812,5.0089,3.9320,3.5960,0.0000,2.3140,5.8929,5.9268,8.8823,4.3598,14.4048,8.0000
sub-008,ses-01,Fz,8,4,4,8,6.7726,8.9106,4.8302,3.5772,0.0000,3.2144,5.3578,5.3510,7.1469,3.9001,16.5770,9.0000
sub-008,ses-01,Fz,9,8,2,2,2.2869,4.3231,11.1935,5.1208,0.0000,3.7249,5.8603,5.8461,5.9604,5.4864,29.2026,12.0000
sub-008,ses-01,Fz,10,8,2,4,3.1586,2.2537,5.2792,4.0450,0.0000,2.4630,5.2593,5.2755,5.4023,5.8411,14.6782,22.0000
sub-008,ses-01,Fz,11,8,2,4,8.3358,4.3023,8.4661,3.1017,0.0000,3.2947,5.7868,5.7847,4.3906,4.4852,17.4633,9.0000
sub-008,ses-01,Fz,12,4,2,0,10.6045,8.9364,11.5456,4.9650,0.0000,4.9298,5.9005,5.8412,5.3200,7.5528,23.9514,19.0000
sub-008,ses-01,Fz,13,4,2,8,3.7166,6.2654,4.0125,4.4208,0.0000,2.8250,5.8578,5.8847,5.8569,7.0215,12.5626,7.0000
sub-008,ses-01,Fz,14,8,2,2,4.8786,4.6196,7.5325,3.4913,0.0000,2.9901,5.7735,5.7860,10.3165,4.8878,11.1861,11.0000
sub-008,ses-01,Fz,15,8,2,2,9.6433,18.1132,4.4535,4.5175,0.0000,4.5692,5.4708,5.4289,7.5884,6.1386,27.9389,6.0000
sub-008,ses-01,Fz,16,8,2,2,9.0065,1.8893,2.4780,3.7807,0.0000,2.5023,6.2069,6.2264,7.7718,4.1165,27.4937,1.0000
sub-008,ses-01,Fz,17,8,2,0,7.1988,2.2492,6.3877,3.9863,0.0000,2.9754,5.6088,5.6080,5.9290,3.9707,19.9901,1.0000
sub-008,ses-01,Fz,18,8,2,2,2.4939,9.5360,2.8171,4.4447,0.0000,2.8559,5.4652,5.4712,6.7381,6.1545,23.0454,5.0000
sub-008,ses-01,Fz,19,8,2,2,3.7960,9.0300,9.0616,3.2667,0.0000,3.4451,6.5218,6.5236,11.2234,5.0450,37.2001,8.0000
sub-008,ses-01,Fz,20,8,2,2,6.7849,2.7749,10.5443,6.1186,0.0000,4.2104,6.0773,6.0421,8.8658,5.8586,37.8412,8.0000
sub-008,ses-01,Fz,21,4,2,4,4.7415,2.0405,5.1103,2.6166,0.0000,2.1350,5.0435,5.0576,5.1951,4.4805,14.8998,1.0000
sub-008,ses-01,Fz,22,4,2,2,19.2034,3.6949,4.2728,5.2001,0.0000,4.2984,6.2123,6.1533,6.2430,6.4365,42.0462,2.0000
sub-008,ses-01,Fz,23,8,2,2,11.6442,2.1951,6.4446,3.6117,0.0000,3.2785,5.8623,5.8466,6.3815,7.3085,35.9327,1.0000
sub-008,ses-01,FCz,0,4,8,4,7.4334,3.8788,10.3994,3.8286,0.0000,3.6608,6.3243,6.3193,4.6661,4.4699,21.6006,9.0000
sub-008,ses-01,FCz,1,8,4,4,2.4354,3.4178,10.3579,5.4270,0.0000,3.6305,5.7960,5.7790,12.2863,4.8774,30.1017,9.0000
sub-008,ses-01,FCz,2,4,8,4,2.4049,7.9075,5.6142,4.8791,0.0000,3.2177,5.7466,5.7535,6.2263,5.7395,30.0793,16.0000
sub-008,ses-01,FCz,3,4,4,4,5.8439,5.8625,5.4043,6.7837,0.0000,3.8939,5.4231,5.3864,3.3977,4.9585,22.5698,14.0000
sub-008,ses-01,FCz,4,4,4,8,6.1100,4.6794,2.7814,4.2240,0.0000,2.6688,6.0894,6.1180,5.8059,7.5314,11.9910,16.0000
sub-008,ses-01,FCz,5,4,2,4,7.5633,5.8693,6.8678,3.1270,0.0000,3.1532,5.2834,5.2734,4.7664,4.9300,21.0693,9.0000
sub-008,ses-01,FCz,6,4,4,2,4.9149,9.0459,3.4775,5.1866,0.0000,3.3519,5.8666,5.8705,4.0340,4.2578,17.9709,21.0000
sub-008,ses-01,FCz,7,4,8,2,3.2812,5.3193,3.2566,2.9068,0.0000,2.1333,5.5578,5.5903,6.6050,3.9743,13.6822,18.0000
sub-008,ses-01,FCz,8,4,4,8,7.3936,10.8897,5.0173,5.3104,0.0000,4.0064,5.7123,5.6809,6.5636,5.2058,19.5021,6.0000
sub-008,ses-01,FCz,9,8,2,2,4.6006,6.6641,10.2316,4.4533,0.0000,3.8219,6.3054,6.3058,5.6525,6.9500,18.5473,7.0000
sub-008,ses-01,FCz,10,8,2,4,4.5589,5.1605,3.7505,4.4776,0.0000,2.7811,5.6929,5.7086,6.0916,5.9674,13.7823,17.0000
sub-008,ses-01,FCz,11,8,2,4,11.2764,6.8055,9.6434,4.3009,0.0000,4.3279,5.6825,5.6324,5.7830,4.4927,26.6816,3.0000
sub-008,ses-01,FCz,12,4,2,0,4.3280,4.4890,9.6156,5.9048,0.0000,3.9471,5.4886,5.4529,3.8721,7.9283,23.8739,19.0000
sub-008,ses-01,FCz,13,4,2,8,6.4105,3.8364,4.0567,4.4291,0.0000,2.8583,5.6845,5.7057,4.2889,7.3450,12.8480,13.0000
sub-008,ses-01,FCz,14,8,2,2,3.1082,4.6057,4.8321,3.3498,0.0000,2.4045,6.1342,6.1586,9.5004,5.2066,12.3469,7.0000
sub-008,ses-01,FCz,15,8,2,2,8.4562,15.0640,5.0470,5.8637,0.0000,4.6649,5.4679,5.4286,5.2135,6.3450,21.2149,6.0000
sub-008,ses-01,FCz,16,8,2,2,8.8859,1.9632,1.9147,2.9735,0.0000,2.1754,6.2937,6.3357,8.7237,3.7163,28.9823,1.0000
sub-008,ses-01,FCz,17,8,2,0,7.5720,2.5168,6.8014,4.1061,0.0000,3.1289,5.8685,5.8600,6.1297,4.5015,17.8418,18.0000
sub-008,ses-01,FCz,18,8,2,2,3.9007,8.2723,3.3806,4.1812,0.0000,2.8682,5.9010,5.9140,5.9901,5.4693,18.0346,5.0000
sub-008,ses-01,FCz,19,8,2,2,4.7255,8.1610,9.2547,4.0981,0.0000,3.7291,5.9720,5.9406,9.9402,5.2100,36.3201,8.0000
sub-008,ses-01,FCz,20,8,2,2,7.8447,2.0846,11.8047,4.7130,0.0000,3.9957,5.6620,5.6250,6.5561,4.7611,38.1808,8.0000
sub-008,ses-01,FCz,21,4,2,4,4.4126,1.8451,7.3010,3.9897,0.0000,2.8070,5.6142,5.6112,6.9007,4.3845,17.7242,9.0000
sub-008,ses-01,FCz,22,4,2,2,19.0318,4.6643,4.1486,3.5582,0.0000,3.8589,6.1099,6.0703,5.8034,6.3554,38.1308,2.0000
sub-008,ses-01,FCz,23,8,2,2,8.7210,2.7125,6.5356,2.4268,0.0000,2.7092,5.8947,5.9116,6.8930,6.8741,28.9595,1.0000
sub-008,ses-01,Cz,0,4,8,4,10.7001,2.3327,9.2848,3.1340,0.0000,3.4554,5.8558,5.8508,5.3842,4.5809,30.8653,9.0000
sub-008,ses-01,Cz,1,8,4,4,1.2805,3.9302,8.9398,3.9028,0.0000,2.9120,6.0172,6.0347,7.9972,5.5244,15.9136,11.0000
sub-008,ses-01,Cz,2,4,8,4,7.4901,6.4450,9.4008,4.6506,0.0000,4.0140,6.2051,6.1852,4.7494,6.3915,21.1755,3.0000
sub-008,ses-01,Cz,3,4,4,4,7.2599,10.2954,6.0716,3.7395,0.0000,3.6108,5.5618,5.5379,3.5405,5.0411,17.5643,6.0000
sub-008,ses-01,Cz,4,4,4,8,5.7373,3.8527,2.5986,3.3275,0.0000,2.2607,5.5937,5.6226,6.8750,5.3224,13.0027,14.0000
sub-008,ses-01,Cz,5,4,2,4,6.9655,5.2865,5.5055,4.2301,0.0000,3.1868,5.3860,5.3749,4.4248,5.2317,16.4750,2.0000
sub-008,ses-01,Cz,6,4,4,2,3.7000,9.2209,6.7905,10.5498,0.0000,5.3389,6.8538,6.7988,7.9152,6.5532,31.0909,22.0000
sub-008,ses-01,Cz,7,4,8,2,9.0153,5.3496,3.2098,4.9833,0.0000,3.2907,6.0636,6.0685,5.5100,5.0364,20.9135,20.0000
sub-008,ses-01,Cz,8,4,4,8,6.7259,6.3748,4.6910,8.2806,0.0000,4.3767,5.0451,4.9796,4.7087,4.9713,32.9197,20.0000
sub-008,ses-01,Cz,9,8,2,2,4.7842,4.6863,10.8372,5.7751,0.0000,4.1391,7.9727,7.9707,4.7310,7.3402,27.8107,10.0000
sub-008,ses-01,Cz,10,8,2,4,3.8398,3.7173,3.9880,3.9144,0.0000,2.4429,5.9768,6.0100,6.0596,5.9539,16.6365,16.0000
sub-008,ses-01,Cz,11,8,2,4,10.9687,7.3212,7.5886,2.4412,0.0000,3.4983,5.3829,5.3602,5.1286,6.6217,22.9561,9.0000
sub-008,ses-01,Cz,12,4,2,0,8.6667,7.3936,9.8319,7.7905,0.0000,5.2211,5.7831,5.7254,4.1562,7.9926,24.0533,22.0000
sub-008,ses-01,Cz,13,4,2,8,8.2653,3.9161,6.5558,4.5195,0.0000,3.4143,6.2158,6.2247,3.9419,9.6828,23.9370,1.0000
sub-008,ses-01,Cz,14,8,2,2,3.4123,3.3404,3.2967,3.0095,0.0000,1.9980,5.6905,5.7366,8.3287,4.5879,8.6848,18.0000
sub-008,ses-01,Cz,15,8,2,2,13.9519,10.6352,5.8449,3.5513,0.0000,4.1764,5.7525,5.7285,5.0537,6.0359,28.6194,1.0000
sub-008,ses-01,Cz,16,8,2,2,6.5556,4.5496,1.8931,4.8877,0.0000,2.7749,6.5898,6.6209,9.4515,4.5939,19.2578,1.0000
sub-008,ses-01,Cz,17,8,2,0,4.2453,4.0105,4.5583,2.9958,0.0000,2.3097,5.3422,5.3670,4.9832,5.1675,10.2152,11.0000
sub-008,ses-01,Cz,18,8,2,2,4.4809,5.8671,6.1960,3.5582,0.0000,2.9029,6.1946,6.2074,5.4904,6.4693,16.3426,11.0000
sub-008,ses-01,Cz,19,8,2,2,3.9762,6.9666,6.1262,4.7678,0.0000,3.3142,5.6296,5.6132,6.7235,6.6784,17.6116,18.0000
sub-008,ses-01,Cz,20,8,2,2,3.4065,3.6631,10.1359,3.1492,0.0000,3.0240,5.8948,5.8995,4.7605,6.1283,26.1140,8.0000
sub-008,ses-01,Cz,21,4,2,4,3.3971,1.9793,5.6861,6.0440,0.0000,3.1208,5.5479,5.5423,5.8355,5.7469,22.8642,17.0000
sub-008,ses-01,Cz,22,4,2,2,17.0713,5.6479,9.0635,4.6566,0.0000,4.7859,6.2354,6.1791,5.6062,5.6230,26.6639,2.0000
sub-008,ses-01,Cz,23,8,2,2,12.4370,4.3463,7.9539,1.4234,0.0000,3.1014,5.8685,5.8742,9.8647,6.4255,41.5944,1.0000
sub-008,ses-01,C4,0,4,8,4,4.9934,4.5734,5.5029,2.1904,0.0000,2.3200,5.6739,5.7114,3.1523,5.6828,10.0781,6.0000
sub-008,ses-01,C4,1,8,4,4,1.9899,3.6848,11.7565,4.0002,0.0000,3.3777,5.6640,5.6694,7.8815,5.3194,23.2070,13.0000
sub-008,ses-01,C4,2,4,8,4,6.1269,0.8585,5.4322,3.7587,0.0000,2.5441,5.4618,5.4792,3.7385,7.9667,16.6751,3.0000
sub-008,ses-01,C4,3,4,4,4,11.1294,6.8561,6.3188,6.5202,0.0000,4.5260,6.0361,5.9976,5.7648,4.2044,19.2480,16.0000
sub-008,ses-01,C4,4,4,4,8,3.9028,5.5111,7.0341,5.5182,0.0000,3.5255,5.5947,5.5914,2.9323,6.2380,27.3578,19.0000
sub-008,ses-01,C4,5,4,2,4,10.6968,5.4342,3.1752,4.8709,0.0000,3.4162,6.1429,6.1387,6.4739,6.0565,20.3781,2.0000
sub-008,ses-01,C4,6,4,4,2,2.1727,2.2874,10.6752,5.4611,0.0000,3.5555,5.9183,5.9191,4.9911,7.6067,33.3068,9.0000
sub-008,ses-01,C4,7,4,8,2,5.9733,2.2801,7.0843,3.1020,0.0000,2.6941,6.0241,6.0415,7.8908,5.0543,15.3539,9.0000
sub-008,ses-01,C4,8,4,4,8,7.6614,12.4611,8.1729,2.6234,0.0000,3.8054,5.3540,5.3312,5.2861,5.6714,28.3119,6.0000
sub-008,ses-01,C4,9,8,2,2,4.0276,4.0133,7.5027,3.2716,0.0000,2.7840,5.4160,5.4214,4.2471,4.0974,20.5416,10.0000
sub-008,ses-01,C4,10,8,2,4,0.7089,4.2109,10.8986,5.0104,0.0000,3.4932,5.3347,5.3142,4.6095,5.8781,23.6303,11.0000
sub-008,ses-01,C4,11,8,2,4,7.6009,5.1579,5.6375,2.3684,0.0000,2.6895,5.3729,5.3854,5.7540,4.8468,13.6253,8.0000
sub-008,ses-01,C4,12,4,2,0,7.3103,8.8386,6.0367,4.8839,0.0000,3.8211,5.6409,5.6352,5.6973,6.3658,39.8862,19.0000
sub-008,ses-01,C4,13,4,2,8,4.1300,1.3456,4.8604,4.8561,0.0000,2.6557,6.0790,6.1043,4.4434,7.1181,26.4180,19.0000
sub-008,ses-01,C4,14,8,2,2,4.6569,12.6059,7.8995,5.6817,0.0000,4.4258,5.9240,5.8756,10.3461,4.8104,31.0358,7.0000
sub-008,ses-01,C4,15,8,2,2,11.9719,11.8131,2.3241,3.2881,0.0000,3.5309,4.6327,4.6103,4.5875,5.4290,22.2202,4.0000
sub-008,ses-01,C4,16,8,2,2,3.5234,4.2383,1.9442,5.3786,0.0000,2.6194,5.5436,5.5642,4.4865,6.6447,19.0366,20.0000
sub-008,ses-01,C4,17,8,2,0,10.9414,2.3755,8.4050,5.5918,0.0000,4.1021,5.8960,5.8475,9.5645,5.0847,37.6010,1.0000
sub-008,ses-01,C4,18,8,2,2,1.7701,6.5844,5.7775,3.1208,0.0000,2.5268,5.5752,5.5875,4.6445,5.8370,19.8066,7.0000
sub-008,ses-01,C4,19,8,2,2,8.1324,2.9562,12.8391,3.8914,0.0000,3.9995,6.2852,6.2458,9.6233,5.6076,31.4320,1.0000
sub-008,ses-01,C4,20,8,2,2,9.8846,7.0116,4.1329,7.7511,0.0000,4.4918,5.9368,5.8922,6.2442,4.7342,25.1467,19.0000
sub-008,ses-01,C4,21,4,2,4,3.9447,1.4824,4.7690,2.1800,0.0000,1.8294,5.0100,5.0381,7.1781,6.2695,10.9383,1.0000
sub-008,ses-01,C4,22,4,2,2,20.3878,16.7491,9.9949,3.9068,0.0000,6.0304,6.5985,6.5393,10.7073,5.7821,39.5559,1.0000
sub-008,ses-01,C4,23,8,2,2,11.7386,4.2858,3.5981,4.6799,0.0000,3.4076,6.5575,6.5495,6.1745,5.9692,39.1115,1.0000
sub-008,ses-01,CP4,0,4,8,4,4.0961,2.8142,3.3776,4.3873,0.0000,2.4405,5.1002,5.1105,3.9420,4.9784,16.8229,21.0000
sub-008,ses-01,CP4,1,8,4,4,2.7849,1.8403,8.6766,2.0433,0.0000,2.2587,5.6868,5.7246,8.5961,4.6602,24.4334,10.0000
sub-008,ses-01,CP4,2,4,8,4,12.1008,3.8421,8.8965,5.7284,0.0000,4.4563,5.6970,5.6324,4.8774,6.7953,33.8828,1.0000
sub-008,ses-01,CP4,3,4,4,4,9.4149,8.0225,8.2043,5.0079,0.0000,4.2809,5.7455,5.7188,6.0971,5.4041,17.6510,3.0000
sub-008,ses-01,CP4,4,4,4,8,4.2083,4.2150,11.5558,3.0216,0.0000,3.3095,5.2896,5.2795,6.2693,5.7919,18.9479,12.0000
sub-008,ses-01,CP4,5,4,2,4,6.5599,7.2521,2.9847,4.3381,0.0000,3.0128,4.8374,4.8374,7.4599,5.2594,18.2694,4.0000
sub-008,ses-01,CP4,6,4,4,2,2.6038,1.3631,14.2180,5.1829,0.0000,3.9199,5.8814,5.8593,6.3468,8.3445,34.4274,9.0000
sub-008,ses-01,CP4,7,4,8,2,9.5629,6.2206,11.4904,3.4992,0.0000,4.1294,5.7046,5.6769,7.4980,4.5401,26.8438,9.0000
sub-008,ses-01,CP4,8,4,4,8,9.4427,9.5560,8.6007,5.5811,0.0000,4.6547,5.0708,5.0055,4.4899,5.1875,23.9913,11.0000
sub-008,ses-01,CP4,9,8,2,2,4.8166,5.5184,11.5462,5.6971,0.0000,4.2949,5.8802,5.8384,4.5469,5.7028,20.0241,9.0000
sub-008,ses-01,CP4,10,8,2,4,2.1918,3.3855,9.7459,3.0871,0.0000,2.8120,5.2721,5.2765,3.2622,5.3405,20.7962,12.0000
sub-008,ses-01,CP4,11,8,2,4,7.5622,4.2342,7.9430,4.0809,0.0000,3.4394,5.4690,5.4627,6.1571,6.0718,16.0930,12.0000
sub-008,ses-01,CP4,12,4,2,0,6.7860,8.2099,4.6358,4.5102,0.0000,3.4054,5.2928,5.2858,5.4388,4.5983,14.2912,6.0000
sub-008,ses-01,CP4,13,4,2,8,6.1430,4.5009,7.2516,4.7527,0.0000,3.4388,6.1530,6.1497,8.1356,7.0098,24.1045,19.0000
sub-008,ses-01,CP4,14,8,2,2,7.9595,11.6171,8.2891,5.6388,0.0000,4.6825,5.6807,5.6111,9.8229,4.1532,32.7103,9.0000
sub-008,ses-01,CP4,15,8,2,2,13.7717,14.3454,3.4895,4.1342,0.0000,4.3523,5.2293,5.1975,6.0049,5.4700,33.2772,4.0000
sub-008,ses-01,CP4,16,8,2,2,8.7731,9.3350,6.8592,4.8715,0.0000,4.1144,5.3831,5.3542,4.8850,5.8613,20.0575,4.0000
sub-008,ses-01,CP4,17,8,2,0,2.9750,7.9991,9.7996,3.2909,0.0000,3.3832,5.6583,5.6495,8.7645,4.7666,24.8001,12.0000
sub-008,ses-01,CP4,18,8,2,2,4.4493,5.5613,5.8742,2.1569,0.0000,2.4030,5.2277,5.2470,4.0927,6.7312,21.9387,11.0000
sub-008,ses-01,CP4,19,8,2,2,4.6884,4.5618,8.7532,3.5941,0.0000,3.1684,6.0191,5.9922,8.1602,5.1611,19.0554,9.0000
sub-008,ses-01,CP4,20,8,2,2,9.3657,9.2456,4.3222,6.2495,0.0000,4.2238,5.9281,5.9006,7.8643,5.1572,20.1198,16.0000
sub-008,ses-01,CP4,21,4,2,4,4.4815,3.3874,8.2475,3.6917,0.0000,2.9989,5.6678,5.6628,10.7072,6.6897,18.6904,10.0000
sub-008,ses-01,CP4,22,4,2,2,13.7959,16.0890,6.6166,4.6243,0.0000,5.1013,6.3319,6.2801,10.2121,5.0985,32.3102,1.0000
sub-008,ses-01,CP4,23,8,2,2,11.6518,5.4287,2.7194,6.7092,0.0000,3.9967,5.9257,5.8977,4.8203,5.8071,22.0998,1.0000
sub-008,ses-01,O2,0,4,8,4,13.2585,2.3756,5.2944,2.3152,0.0000,2.8930,5.0944,5.0822,6.3939,5.1812,30.7128,1.0000
sub-008,ses-01,O2,1,8,4,4,2.8764,5.7011,5.2611,3.3725,0.0000,2.5516,5.7217,5.7314,8.0111,4.7824,14.2292,14.0000
sub-008,ses-01,O2,2,4,8,4,6.2581,4.3103,7.1556,3.1975,0.0000,2.9482,5.5218,5.5307,6.0368,5.7803,14.6836,12.0000
sub-008,ses-01,O2,3,4,4,4,2.6514,5.8751,8.6555,3.1194,0.0000,2.9440,5.9101,5.9162,6.8182,5.6082,21.6070,9.0000
sub-008,ses-01,O2,4,4,4,8,6.5818,3.6750,5.8634,2.5008,0.0000,2.5283,5.4194,5.4336,2.3022,5.7880,19.6455,1.0000
sub-008,ses-01,O2,5,4,2,4,4.6931,5.9776,4.0361,3.8057,0.0000,2.7064,5.8947,5.9225,5.0626,7.4401,14.5103,19.0000
sub-008,ses-01,O2,6,4,4,2,5.9377,4.5106,2.8918,4.8361,0.0000,2.8375,5.6223,5.6208,4.9727,8.0172,20.8882,21.0000
sub-008,ses-01,O2,7,4,8,2,6.3273,6.0539,6.5682,6.3775,0.0000,3.9963,5.0174,4.9624,5.0671,4.4073,25.9967,19.0000
sub-008,ses-01,O2,8,4,4,8,14.0077,8.9528,4.3840,4.9093,0.0000,4.2318,5.5235,5.4720,4.2904,5.1752,25.1285,1.0000
sub-008,ses-01,O2,9,8,2,2,4.8573,3.2598,7.3065,2.8713,0.0000,2.6426,5.0752,5.0784,5.1633,5.7171,15.0562,2.0000
sub-008,ses-01,O2,10,8,2,4,7.7940,6.6382,5.3939,2.3805,0.0000,2.8149,5.3178,5.3266,4.3367,5.3639,16.1727,10.0000
sub-008,ses-01,O2,11,8,2,4,9.4897,5.0692,5.2800,4.6231,0.0000,3.4887,6.0392,6.0302,5.7356,6.7011,17.3604,3.0000
sub-008,ses-01,O2,12,4,2,0,12.4335,8.5215,3.5782,7.5745,0.0000,4.7386,5.6923,5.6104,3.2485,4.5378,45.5411,16.0000
sub-008,ses-01,O2,13,4,2,8,9.7564,13.8813,6.1866,3.6817,0.0000,4.1752,5.3495,5.3137,5.9205,5.3217,21.0949,8.0000
sub-008,ses-01,O2,14,8,2,2,9.2357,3.1207,5.8249,6.2134,0.0000,3.8407,5.7742,5.7398,5.9594,5.2272,27.2142,2.0000
sub-008,ses-01,O2,15,8,2,2,12.5363,4.5762,6.2168,5.6955,0.0000,4.1812,5.8768,5.8353,6.6399,6.5713,15.8080,1.0000
sub-008,ses-01,O2,16,8,2,2,6.6589,4.8949,7.1869,5.3424,0.0000,3.6927,5.4926,5.4677,4.4728,6.3923,14.1340,14.0000
sub-008,ses-01,O2,17,8,2,0,4.0305,3.3803,7.1429,1.8987,0.0000,2.2601,5.3633,5.3877,9.3772,5.5226,22.6702,12.0000
sub-008,ses-01,O2,18,8,2,2,6.6705,4.3028,7.4956,3.5173,0.0000,3.1301,5.5973,5.5994,6.5513,6.6253,12.3105,8.0000
sub-008,ses-01,O2,19,8,2,2,4.1541,3.1971,4.6178,4.0603,0.0000,2.5557,5.5091,5.5270,3.8039,5.8999,18.5574,9.0000
sub-008,ses-01,O2,20,8,2,2,12.1187,8.0685,7.7170,4.2572,0.0000,4.2417,5.5219,5.4809,4.2129,5.5044,28.8960,1.0000
sub-008,ses-01,O2,21,4,2,4,13.2810,6.0177,5.9794,6.3094,0.0000,4.5371,6.8447,6.8169,6.5132,4.2417,27.4779,19.0000
sub-008,ses-01,O2,22,4,2,2,14.0396,4.6900,4.1866,5.9401,0.0000,4.1223,6.5666,6.5535,6.1665,7.3751,17.3753,3.0000
sub-008,ses-01,O2,23,8,2,2,6.7698,3.5867,7.2064,6.9857,0.0000,4.0809,5.9483,5.9367,5.6405,7.3280,16.8603,13.0000
sub-009,ses-01,Fp1,0,2,0,0,5.3780,2.9669,7.2815,5.8448,0.0000,3.5593,5.6168,5.6185,5.8117,5.9188,23.3471,13.0000
sub-009,ses-01,Fp1,1,2,2,0,6.5668,4.3238,10.6895,6.5757,0.0000,4.4926,6.0927,6.0646,5.0323,6.6917,40.4887,16.0000
sub-009,ses-01,Fp1,2,2,0,0,5.7892,6.4078,10.3013,4.2269,0.0000,3.8499,5.8225,5.7980,6.9880,6.3185,25.3798,10.0000
sub-009,ses-01,Fp1,3,2,2,0,7.3078,5.9318,7.9679,3.4620,0.0000,3.3900,5.7447,5.7436,6.9724,5.3925,27.5314,10.0000
sub-009,ses-01,Fp1,4,4,2,0,12.5099,4.7538,17.1356,5.1995,0.0000,5.5689,7.9579,7.9010,5.5887,9.9736,36.7229,1.0000
sub-009,ses-01,Fp1,5,4,2,0,17.1721,8.6961,9.7408,2.6691,0.0000,4.5725,5.5395,5.4419,5.0082,6.4203,48.5454,1.0000
sub-009,ses-01,Fp1,6,4,0,0,19.1140,10.4572,4.7265,2.3129,0.0000,4.1096,5.3694,5.2892,3.5300,5.0718,60.1685,1.0000
sub-009,ses-01,Fp1,7,4,0,0,23.8722,7.3914,11.6403,3.0109,0.0000,5.4427,6.6126,6.4731,5.8061,6.3917,73.0877,1.0000
sub-009,ses-01,Fp1,8,4,2,0,3.3557,3.4876,5.6193,6.5521,0.0000,3.4016,6.3504,6.3547,7.6087,6.0171,18.2153,19.0000
sub-009,ses-01,Fp1,9,4,0,0,12.7582,9.9441,7.7747,5.3764,0.0000,4.8221,7.1715,7.1511,7.0867,4.7475,29.1677,1.0000
sub-009,ses-01,Fp1,10,8,2,0,7.5948,6.6701,7.5869,5.9202,0.0000,4.1754,5.6332,5.5788,8.6780,5.3082,27.1839,1.0000
sub-009,ses-01,Fp1,11,8,2,0,4.2901,3.5026,15.6579,4.1630,0.0000,4.1683,6.2642,6.2185,7.3934,6.8095,39.2910,10.0000
sub-009,ses-01,Fp1,12,8,2,0,17.3419,15.1565,6.1864,5.2003,0.0000,5.4585,6.0894,5.9837,2.5167,5.8205,51.1889,1.0000
sub-009,ses-01,Fp1,13,8,0,0,13.7890,5.6635,5.3004,4.0834,0.0000,3.7837,5.7710,5.7365,6.5554,5.9117,25.6375,3.0000
sub-009,ses-01,Fp1,14,8,2,0,2.3730,5.3328,13.0817,6.7110,0.0000,4.5711,6.6379,6.6107,8.7839,8.8844,37.8295,10.0000
sub-009,ses-01,Fp1,15,8,2,0,2.3263,6.5724,17.0907,9.7301,0.0000,6.1542,7.4102,7.3609,7.1224,8.9128,37.5412,13.0000
sub-009,ses-01,Fp1,16,8,0,0,6.9985,5.5712,13.4007,5.6159,0.0000,4.7370,7.0740,7.0411,5.4494,14.5407,40.0104,10.0000
sub-009,ses-01,Fp1,17,8,2,0,12.2600,7.2382,13.3422,4.7447,0.0000,5.1099,6.3894,6.3245,6.5594,6.4373,45.5924,10.0000
sub-009,ses-01,Fp1,18,8,2,0,6.1127,7.0817,6.5903,4.8065,0.0000,3.6001,6.4822,6.4618,7.9053,6.1196,26.1665,8.0000
sub-009,ses-01,Fp1,19,8,0,0,15.4303,8.9365,15.1301,2.4612,0.0000,5.1219,5.9463,5.8360,4.3189,6.1412,51.3229,1.0000
sub-009,ses-01,Fp1,20,8,2,0,6.3525,7.3827,21.7885,5.2081,0.0000,5.8925,8.0602,7.9877,4.8150,11.1290,63.8946,10.0000
sub-009,ses-01,Fp1,21,8,2,0,10.0095,5.4461,8.4722,4.7104,0.0000,4.0440,5.3382,5.2959,3.4629,4.7887,19.5310,3.0000
sub-009,ses-01,Fp1,22,8,0,0,30.2159,2.8087,5.5641,3.4174,0.0000,4.8816,6.9093,6.8168,4.6945,4.6270,60.3907,1.0000
sub-009,ses-01,Fp1,23,8,0,0,7.9452,3.6501,7.0773,5.0596,0.0000,3.5958,5.7983,5.7726,6.1905,6.4050,27.8300,1.0000
sub-009,ses-01,Fp1,24,8,0,0,4.5954,6.2127,9.1556,6.8860,0.0000,4.3647,7.9543,7.9527,4.7557,10.6087,29.9185,10.0000
sub-009,ses-01,Fp1,25,8,2,0,7.5879,6.3113,7.8741,3.6570,0.0000,3.4973,5.9854,5.9826,6.9720,5.0501,26.1870,10.0000
sub-009,ses-01,Fp1,26,8,2,0,6.8584,3.8616,18.7996,6.7282,0.0000,5.6545,6.8321,6.7593,11.7390,7.7709,27.8308,11.0000
sub-009,ses-01,Fp1,27,8,0,0,5.2360,2.7675,4.9762,3.0243,0.0000,2.3532,6.1080,6.1473,4.6156,6.9012,18.6386,12.0000
sub-009,ses-01,Fp1,28,8,2,0,5.7735,5.0195,8.2648,4.1327,0.0000,3.4067,6.2437,6.2460,4.8419,6.4496,19.1136,1.0000
sub-009,ses-01,Fp1,29,8,0,0,14.1330,3.4654,14.4406,6.9542,0.0000,5.7545,6.2715,6.1288,5.7866,7.6203,41.6821,1.0000
sub-009,ses-01,Fp1,30,8,0,0,18.5352,5.5799,12.2113,9.4631,0.0000,6.8081,7.0601,6.9143,9.2475,7.2662,44.8709,1.0000
sub-009,ses-01,Fp1,31,8,0,0,11.3597,7.9434,11.6220,3.0048,0.0000,4.3257,5.4258,5.3786,4.7875,5.1721,27.9359,10.0000
sub-009,ses-01,C3,0,2,0,0,9.4207,3.0170,5.6031,3.4867,0.0000,2.9929,5.4722,5.4758,7.7194,4.8065,19.1946,10.0000
sub-009,ses-01,C3,1,2,2,0,10.3600,6.6040,12.5366,3.2828,0.0000,4.3198,6.0042,5.9565,8.5238,7.1036,40.4530,10.0000
sub-009,ses-01,C3,2,2,0,0,8.6984,2.1919,3.8994,2.2831,0.0000,2.2474,5.9199,5.9623,6.2404,5.6145,11.8731,1.0000
sub-009,ses-01,C3,3,2,2,0,5.8844,2.9524,17.9509,8.8469,0.0000,6.0014,7.5107,7.4372,6.0798,10.4785,62.7328,10.0000
sub-009,ses-01,C3,4,4,2,0,6.8519,2.1201,11.2391,3.3956,0.0000,3.4294,6.4565,6.4578,4.2929,9.9631,34.9649,10.0000
sub-009,ses-01,C3,5,4,2,0,7.4161,11.3831,11.6796,8.7334,0.0000,6.0188,7.6069,7.5397,8.8750,9.5665,40.3255,17.0000
sub-009,ses-01,C3,6,4,0,0,14.3972,5.3086,6.5784,3.5964,0.0000,3.8383,5.8848,5.8685,3.6035,7.0522,38.8484,1.0000
sub-009,ses-01,C3,7,4,0,0,10.8121,5.2353,14.3144,3.6940,0.0000,4.6069,6.2288,6.1905,7.9670,7.0493,48.7851,10.0000
sub-009,ses-01,C3,8,4,2,0,5.3960,5.2486,5.4794,4.2851,0.0000,3.0503,6.1526,6.1677,9.6425,9.4222,20.5985,15.0000
sub-009,ses-01,C3,9,4,0,0,5.8064,6.3046,1.8743,3.8092,0.0000,2.5398,5.6586,5.6832,5.3588,6.2277,11.5137,20.0000
sub-009,ses-01,C3,10,8,2,0,3.7347,6.5496,6.6970,3.9690,0.0000,3.0911,6.0327,6.0497,6.8672,7.0654,15.2362,9.0000
sub-009,ses-01,C3,11,8,2,0,12.3613,10.8529,14.4695,3.9243,0.0000,5.3649,6.5504,6.4880,8.3632,6.1277,36.5903,10.0000
sub-009,ses-01,C3,12,8,2,0,4.7687,4.7588,4.4464,2.6014,0.0000,2.2932,6.0395,6.0709,3.6680,7.5297,11.8868,10.0000
sub-009,ses-01,C3,13,8,0,0,7.0148,9.6210,8.5412,4.8856,0.0000,4.2164,6.4364,6.4118,7.0872,5.0221,17.9919,3.0000
sub-009,ses-01,C3,14,8,2,0,6.0482,5.8112,13.2014,8.5194,0.0000,5.5209,6.0483,5.9727,6.2149,7.1666,28.9809,10.0000
sub-009,ses-01,C3,15,8,2,0,8.0882,12.6348,12.6637,6.8686,0.0000,5.7713,6.9383,6.8681,8.4282,5.4035,34.8210,9.0000
sub-009,ses-01,C3,16,8,0,0,8.1572,5.4658,11.2084,3.7215,0.0000,3.9563,6.8075,6.7876,7.4330,11.9580,31.4611,10.0000
sub-009,ses-01,C3,17,8,2,0,16.0383,8.1116,12.0692,3.5541,0.0000,5.0051,6.8508,6.8007,6.9376,6.8538,37.6672,10.0000
sub-009,ses-01,C3,18,8,2,0,5.8338,3.7723,9.5440,3.2966,0.0000,3.2219,6.4034,6.4123,9.0494,5.3559,18.4991,9.0000
sub-009,ses-01,C3,19,8,0,0,5.3499,5.9358,14.8800,4.2236,0.0000,4.4030,6.2131,6.1510,5.9540,8.3099,31.5489,10.0000
sub-009,ses-01,C3,20,8,2,0,0.7067,1.3441,22.3701,6.0504,0.0000,5.1414,6.5230,6.4649,4.9595,8.9760,62.3486,10.0000
sub-009,ses-01,C3,21,8,2,0,2.9559,4.3896,9.3227,3.6150,0.0000,3.0771,5.1496,5.1391,6.9978,4.7880,23.6898,8.0000
sub-009,ses-01,C3,22,8,0,0,5.5707,3.8700,8.4555,3.8185,0.0000,3.2125,5.7967,5.8013,5.2314,5.9834,20.7468,11.0000
sub-009,ses-01,C3,23,8,0,0,3.1615,4.4033,11.6077,3.9492,0.0000,3.5173,6.9184,6.9234,4.2532,10.9948,23.7870,9.0000
sub-009,ses-01,C3,24,8,0,0,9.2906,2.8251,12.7681,7.2165,0.0000,5.0904,7.0581,7.0121,7.7229,11.1180,43.0873,10.0000
sub-009,ses-01,C3,25,8,2,0,3.6101,10.5642,17.9165,6.0912,0.0000,5.6600,6.2502,6.1741,8.4789,6.7520,49.3841,10.0000
sub-009,ses-01,C3,26,8,2,0,7.0107,2.1532,11.8833,3.3052,0.0000,3.5099,6.0525,6.0368,11.7900,6.2113,21.3156,18.0000
sub-009,ses-01,C3,27,8,0,0,16.7307,1.5763,5.9645,3.2054,0.0000,3.5043,5.5943,5.5734,5.1180,6.5344,35.8281,2.0000
sub-009,ses-01,C3,28,8,2,0,3.3235,3.7317,8.0324,5.0194,0.0000,3.2946,6.3925,6.3947,9.4236,6.6145,30.0696,8.0000
sub-009,ses-01,C3,29,8,0,0,14.9786,9.5466,11.7109,3.6597,0.0000,5.0219,6.4749,6.4161,4.6705,7.7005,39.1112,1.0000
sub-009,ses-01,C3,30,8,0,0,5.0110,6.0920,10.2040,3.7664,0.0000,3.5953,6.2280,6.2255,8.6575,5.7043,31.1304,9.0000
sub-009,ses-01,C3,31,8,0,0,8.7654,5.1539,6.2588,1.6920,0.0000,2.6797,5.9828,5.9927,5.1740,6.6482,24.7234,9.0000
sub-009,ses-01,CP3,0,2,0,0,14.4577,3.2950,7.8696,4.5886,0.0000,4.1367,5.7849,5.7383,6.4214,5.4541,23.7342,22.0000
sub-009,ses-01,CP3,1,2,2,0,6.0518,3.9936,13.6152,4.3266,0.0000,4.1423,5.8899,5.8802,8.0979,6.6530,36.3749,10.0000
sub-009,ses-01,CP3,2,2,0,0,3.4094,3.0364,5.3704,4.6071,0.0000,2.7418,5.0084,5.0028,7.2091,5.0845,20.6409,19.0000
sub-009,ses-01,CP3,3,2,2,0,4.2200,3.1746,17.4740,8.5929,0.0000,5.7240,6.3845,6.2926,5.2645,8.0769,62.8033,10.0000
sub-009,ses-01,CP3,4,4,2,0,5.9550,2.6740,9.9335,3.5085,0.0000,3.2495,5.7063,5.6896,2.3187,7.4724,37.6784,10.0000
sub-009,ses-01,CP3,5,4,2,0,6.6167,13.8041,9.6508,8.2980,0.0000,5.7549,7.9677,7.9115,8.3801,8.5089,38.7059,19.0000
sub-009,ses-01,CP3,6,4,0,0,10.1627,4.1332,5.3600,5.9064,0.0000,3.8634,6.1017,6.0825,3.2590,7.0022,23.2488,15.0000
sub-009,ses-01,CP3,7,4,0,0,5.7825,6.6923,16.7657,3.0270,0.0000,4.4150,6.1044,6.0646,7.3708,5.4484,53.5211,10.0000
sub-009,ses-01,CP3,8,4,2,0,1.9126,3.2352,4.2124,7.0500,0.0000,3.1981,6.3194,6.3349,8.4809,9.2261,28.1219,15.0000
sub-009,ses-01,CP3,9,4,0,0,1.8221,4.2319,4.5273,4.2566,0.0000,2.4818,6.5605,6.6011,5.0423,8.8647,14.6565,20.0000
sub-009,ses-01,CP3,10,8,2,0,6.7161,8.0566,4.9202,3.6010,0.0000,3.1494,6.6426,6.6506,6.8840,7.0954,11.5290,11.0000
sub-009,ses-01,CP3,11,8,2,0,11.7612,6.1158,12.5342,3.6387,0.0000,4.5120,6.6293,6.5919,8.8783,5.7178,33.8602,10.0000
sub-009,ses-01,CP3,12,8,2,0,5.8296,2.3021,5.2611,2.1686,0.0000,2.1462,5.5851,5.6192,3.1654,6.2571,14.3591,10.0000
sub-009,ses-01,CP3,13,8,0,0,4.2789,9.6370,5.9929,4.0281,0.0000,3.3485,5.7823,5.7837,5.1653,5.2774,19.0977,6.0000
sub-009,ses-01,CP3,14,8,2,0,8.0113,4.7601,11.5740,4.5148,0.0000,4.1680,6.1826,6.1562,8.5351,5.7109,30.5743,10.0000
sub-009,ses-01,CP3,15,8,2,0,4.6428,12.6048,12.0337,4.6136,0.0000,4.6784,6.3924,6.3545,5.8648,5.7934,28.5666,9.0000
sub-009,ses-01,CP3,16,8,0,0,4.3243,4.3522,7.1286,4.1977,0.0000,3.0709,6.2111,6.2009,5.8113,11.0750,29.1037,10.0000
sub-009,ses-01,CP3,17,8,2,0,8.5245,9.5745,11.1107,5.2201,0.0000,4.8121,6.0272,5.9682,11.6164,5.4561,29.9770,10.0000
sub-009,ses-01,CP3,18,8,2,0,6.4050,3.5194,12.5420,3.0213,0.0000,3.5867,5.8873,5.8760,8.0156,5.0623,22.3675,8.0000
sub-009,ses-01,CP3,19,8,0,0,5.5954,9.0202,12.6791,3.0993,0.0000,4.0658,6.4681,6.4519,8.5198,6.4610,25.6046,11.0000
sub-009,ses-01,CP3,20,8,2,0,3.0525,4.5672,20.6153,3.1211,0.0000,4.5290,5.8677,5.8189,3.1965,8.2276,60.2857,10.0000
sub-009,ses-01,CP3,21,8,2,0,5.6936,2.0134,10.4288,4.1092,0.0000,3.4144,5.3591,5.3328,6.5281,5.9384,32.8412,8.0000
sub-009,ses-01,CP3,22,8,0,0,8.6336,8.5945,6.7499,4.3728,0.0000,3.8665,5.8525,5.8434,6.2254,5.5287,18.2730,4.0000
sub-009,ses-01,CP3,23,8,0,0,3.3020,8.3230,12.8339,3.3495,0.0000,3.8848,6.4337,6.4269,6.3010,9.6889,21.6840,9.0000
sub-009,ses-01,CP3,24,8,0,0,8.9357,3.6445,12.9296,6.3492,0.0000,4.8939,6.9853,6.9368,9.0292,8.8928,46.3236,10.0000
sub-009,ses-01,CP3,25,8,2,0,4.3953,5.4182,16.7458,7.7827,0.0000,5.6024,6.0660,5.9960,6.5964,7.2035,40.7042,10.0000
sub-009,ses-01,CP3,26,8,2,0,2.7569,0.8011,8.3712,4.6666,0.0000,2.9099,6.1676,6.1851,11.0071,6.5340,18.0251,8.0000
sub-009,ses-01,CP3,27,8,0,0,30.3725,6.2770,3.2370,3.6188,0.0000,4.9550,6.2721,6.2162,3.3170,6.0601,43.9890,2.0000
sub-009,ses-01,CP3,28,8,2,0,5.9124,5.0993,9.0578,3.9788,0.0000,3.4911,6.2831,6.2773,7.1561,5.9989,39.1652,8.0000
sub-009,ses-01,CP3,29,8,0,0,6.4885,8.6726,9.6355,3.7425,0.0000,3.8863,5.8221,5.7865,3.8436,6.0596,22.3665,6.0000
sub-009,ses-01,CP3,30,8,0,0,6.6432,8.9274,9.1956,4.5520,0.0000,4.1077,6.7579,6.7385,6.6840,6.2850,29.8921,9.0000
sub-009,ses-01,CP3,31,8,0,0,10.5748,6.0252,7.0208,1.7262,0.0000,3.0457,5.5058,5.4979,5.2543,6.3361,27.8796,1.0000
sub-009,ses-01,O1,0,2,0,0,3.3127,5.3616,6.8536,3.4402,0.0000,2.8033,5.0968,5.0948,5.8278,4.1250,17.2420,10.0000
sub-009,ses-01,O1,1,2,2,0,4.1254,11.2680,4.4108,4.4973,0.0000,3.4071,5.9570,5.9559,6.6093,7.3449,23.7381,7.0000
sub-009,ses-01,O1,2,2,0,0,5.4857,6.0518,3.4574,3.8725,0.0000,2.7264,5.2506,5.2583,9.0235,6.2850,21.3796,21.0000
sub-009,ses-01,O1,3,2,2,0,12.0777,7.3093,2.4905,6.0608,0.0000,3.9833,4.9829,4.9211,4.2709,4.6709,19.9252,14.0000
sub-009,ses-01,O1,4,4,2,0,5.8794,7.8662,1.8972,4.5095,0.0000,2.9067,5.6029,5.6084,4.9538,3.7360,20.1395,19.0000
sub-009,ses-01,O1,5,4,2,0,7.9638,3.7257,4.6094,4.7665,0.0000,3.1716,5.3112,5.2917,4.2314,4.9152,13.5611,2.0000
sub-009,ses-01,O1,6,4,0,0,7.5507,9.3872,4.4939,4.8762,0.0000,3.6769,5.7645,5.7472,6.4834,5.6832,25.4189,1.0000
sub-009,ses-01,O1,7,4,0,0,12.7596,6.7808,9.2971,5.3779,0.0000,4.7409,5.6807,5.6060,3.7286,5.6208,26.2224,1.0000
sub-009,ses-01,O1,8,4,2,0,3.2969,10.4095,4.8317,5.9417,0.0000,3.7455,5.3761,5.3492,5.9994,5.4992,20.3512,5.0000
sub-009,ses-01,O1,9,4,0,0,2.7089,3.0296,4.2183,3.0369,0.0000,2.0406,5.5108,5.5489,5.6130,5.2182,15.0757,14.0000
sub-009,ses-01,O1,10,8,2,0,4.6708,4.3809,8.2681,4.1532,0.0000,3.2513,6.3512,6.3567,5.7097,6.4794,22.9259,10.0000
sub-009,ses-01,O1,11,8,2,0,6.8698,9.7003,8.5632,2.3735,0.0000,3.4538,5.4828,5.4254,3.4784,4.3001,33.3487,10.0000
sub-009,ses-01,O1,12,8,2,0,17.4945,4.6877,7.6397,3.9669,0.0000,4.3288,5.4577,5.3875,8.6299,4.7317,52.1719,1.0000
sub-009,ses-01,O1,13,8,0,0,4.8275,2.6342,4.7691,2.9010,0.0000,2.2366,5.2479,5.2618,7.3750,4.4860,18.5278,1.0000
sub-009,ses-01,O1,14,8,2,0,6.5705,6.7835,5.8505,4.8803,0.0000,3.5340,5.3515,5.3085,8.3679,5.2069,22.1762,11.0000
sub-009,ses-01,O1,15,8,2,0,6.1939,3.0656,7.6606,3.5050,0.0000,2.9899,5.9358,5.9635,6.3482,7.3064,18.6543,13.0000
sub-009,ses-01,O1,16,8,0,0,9.8648,3.7316,2.3071,7.2238,0.0000,3.7706,6.1409,6.1153,1.9489,6.1084,43.7089,17.0000
sub-009,ses-01,O1,17,8,2,0,4.3931,3.9130,9.0129,4.5697,0.0000,3.4118,5.1919,5.1720,7.4824,4.8495,20.2037,8.0000
sub-009,ses-01,O1,18,8,2,0,2.9918,5.9822,7.9681,4.6157,0.0000,3.3421,4.8503,4.8236,5.1489,4.8878,17.4502,11.0000
sub-009,ses-01,O1,19,8,0,0,12.4003,6.2581,5.0195,2.5143,0.0000,3.1962,5.5083,5.5147,3.9285,4.4613,31.3005,1.0000
sub-009,ses-01,O1,20,8,2,0,6.5776,3.5301,7.2711,3.1277,0.0000,2.9004,5.4440,5.4538,4.7690,4.4594,20.2491,2.0000
sub-009,ses-01,O1,21,8,2,0,4.5044,3.8038,5.5981,3.4681,0.0000,2.6025,5.1186,5.1336,4.7832,5.0246,12.7951,10.0000
sub-009,ses-01,O1,22,8,0,0,19.2909,6.1676,5.5233,2.9257,0.0000,4.0234,5.5409,5.4920,5.9040,6.4337,40.9382,1.0000
sub-009,ses-01,O1,23,8,0,0,5.7168,7.3049,4.3123,2.9569,0.0000,2.7070,4.4021,4.3914,5.6229,4.6135,18.1652,2.0000
sub-009,ses-01,O1,24,8,0,0,6.4628,3.2481,5.5650,3.9224,0.0000,2.8657,5.5419,5.5501,4.5764,6.2191,12.6674,18.0000
sub-009,ses-01,O1,25,8,2,0,4.4418,8.9800,3.6048,3.3703,0.0000,2.7705,5.7221,5.7374,3.6961,4.4059,18.0781,6.0000
sub-009,ses-01,O1,26,8,2,0,5.6686,4.9251,4.6748,3.6279,0.0000,2.7346,5.3965,5.3983,9.2973,5.2260,14.9821,1.0000
sub-009,ses-01,O1,27,8,0,0,5.2248,6.1104,5.6662,5.8451,0.0000,3.6122,5.1382,5.1134,3.6773,5.5672,21.0114,17.0000
sub-009,ses-01,O1,28,8,2,0,8.2583,2.4083,3.9742,3.5411,0.0000,2.6174,4.8999,4.8903,2.7565,3.9858,16.8213,1.0000
sub-009,ses-01,O1,29,8,0,0,5.7601,5.5389,8.1805,2.9020,0.0000,3.0699,5.5009,5.4956,5.7422,4.3706,14.1761,8.0000
sub-009,ses-01,O1,30,8,0,0,12.9493,5.2284,6.6467,4.3341,0.0000,3.9287,5.2287,5.1652,7.3984,5.0607,38.3644,1.0000
sub-009,ses-01,O1,31,8,0,0,7.3772,4.5150,10.4684,2.0986,0.0000,3.2014,5.7856,5.7878,6.6119,5.7141,33.7889,10.0000
sub-009,ses-01,Pz,0,2,0,0,5.6271,4.1280,9.0129,3.0819,0.0000,3.0968,5.6559,5.6562,4.2696,4.0798,20.9398,9.0000
sub-009,ses-01,Pz,1,2,2,0,2.1010,8.5404,18.8517,6.7890,0.0000,5.6728,7.0465,6.9738,5.7907,10.1903,63.8418,10.0000
sub-009,ses-01,Pz,2,2,0,0,1.2162,5.3445,10.0188,3.1747,0.0000,2.9681,5.6833,5.6572,12.1913,5.5351,28.8723,8.0000
sub-009,ses-01,Pz,3,2,2,0,2.1444,3.8155,22.5168,6.6469,0.0000,5.7058,7.7218,7.6482,7.3020,11.4456,66.2795,10.0000
sub-009,ses-01,Pz,4,4,2,0,3.2908,6.1306,16.4795,5.3483,0.0000,4.7928,7.3595,7.3404,5.1452,10.2345,45.2435,11.0000
sub-009,ses-01,Pz,5,4,2,0,7.9782,3.0985,12.6386,3.7088,0.0000,3.9152,6.6595,6.6588,6.0746,9.7049,29.9894,10.0000
sub-009,ses-01,Pz,6,4,0,0,4.1168,4.7354,9.8156,5.6487,0.0000,3.9008,5.5353,5.4895,3.6556,6.4437,23.9833,14.0000
sub-009,ses-01,Pz,7,4,0,0,30.6114,7.1051,15.5411,7.6828,0.0000,7.9997,9.2671,9.1503,9.5163,8.1916,61.5209,10.0000
sub-009,ses-01,Pz,8,4,2,0,13.8706,6.7936,12.7542,4.6336,0.0000,5.1028,6.6216,6.5851,6.6365,5.9722,32.6272,9.0000
sub-009,ses-01,Pz,9,4,0,0,10.6658,4.0277,1.8661,6.4977,0.0000,3.5916,5.5176,5.4870,4.9060,5.4133,26.0047,1.0000
sub-009,ses-01,Pz,10,8,2,0,4.9701,4.3495,7.7343,4.1863,0.0000,3.2118,5.6515,5.6479,5.1682,5.5266,18.8070,10.0000
sub-009,ses-01,Pz,11,8,2,0,3.3613,4.6441,13.3421,3.0787,0.0000,3.5372,6.2582,6.2442,4.5170,9.0274,44.4409,10.0000
sub-009,ses-01,Pz,12,8,2,0,5.2831,6.3570,6.3305,5.2344,0.0000,3.5486,6.2196,6.2086,4.2153,9.1109,26.3694,20.0000
sub-009,ses-01,Pz,13,8,0,0,8.4722,9.3862,4.4638,5.0772,0.0000,3.8191,4.9004,4.8517,6.7275,3.9786,20.5020,3.0000
sub-009,ses-01,Pz,14,8,2,0,6.7694,8.6094,14.1093,5.3390,0.0000,5.0134,7.4064,7.3552,12.4761,11.0158,36.9074,10.0000
sub-009,ses-01,Pz,15,8,2,0,6.2997,5.9766,12.9714,6.9751,0.0000,5.0607,7.2881,7.2249,6.5991,9.2058,20.7730,9.0000
sub-009,ses-01,Pz,16,8,0,0,7.6965,3.1095,12.0075,5.8791,0.0000,4.4581,6.3564,6.3345,5.5793,11.2677,31.8333,10.0000
sub-009,ses-01,Pz,17,8,2,0,5.7637,5.1915,15.4968,4.2960,0.0000,4.4802,8.3903,8.4013,9.3625,13.6169,64.0401,10.0000
sub-009,ses-01,Pz,18,8,2,0,14.5560,8.1315,4.0015,5.9643,0.0000,4.4720,5.2635,5.2007,4.9239,6.0138,48.4438,1.0000
sub-009,ses-01,Pz,19,8,0,0,5.7828,4.1795,19.1979,5.3597,0.0000,5.2259,6.2536,6.1924,5.8206,8.2343,38.9979,10.0000
sub-009,ses-01,Pz,20,8,2,0,2.9481,9.2476,24.3348,6.0183,0.0000,6.3495,6.4101,6.2929,4.7443,8.9104,73.6674,10.0000
sub-009,ses-01,Pz,21,8,2,0,5.3870,6.1872,9.9756,2.6970,0.0000,3.2840,5.3724,5.3518,4.8767,4.2077,16.4534,9.0000
sub-009,ses-01,Pz,22,8,0,0,17.2172,6.5786,7.1284,5.0371,0.0000,4.7311,6.8656,6.8195,4.2869,6.1294,42.2319,1.0000
sub-009,ses-01,Pz,23,8,0,0,8.2737,5.2634,16.5852,4.2384,0.0000,4.8549,7.0159,6.9830,6.4311,11.3122,40.7625,10.0000
sub-009,ses-01,Pz,24,8,0,0,13.1226,10.6679,9.2887,4.1766,0.0000,4.7719,7.0748,7.0432,7.0902,10.4733,24.6882,4.0000
sub-009,ses-01,Pz,25,8,2,0,16.3864,11.8032,14.8407,6.5934,0.0000,6.6864,7.6303,7.5220,9.7253,10.0519,47.5887,10.0000
sub-009,ses-01,Pz,26,8,2,0,14.5124,5.8389,7.3583,4.7684,0.0000,4.3615,7.3489,7.3402,6.3374,7.4944,33.6822,1.0000
sub-009,ses-01,Pz,27,8,0,0,5.2409,7.4574,4.5257,4.9221,0.0000,3.3008,5.9774,5.9841,4.5936,6.8307,14.2698,19.0000
sub-009,ses-01,Pz,28,8,2,0,5.4945,6.5416,9.2955,3.6222,0.0000,3.5118,5.2455,5.2283,5.6268,4.8933,23.7379,10.0000
sub-009,ses-01,Pz,29,8,0,0,6.3651,8.1670,15.3602,4.2722,0.0000,4.7867,6.6124,6.5609,6.9107,9.3485,24.2253,10.0000
sub-009,ses-01,Pz,30,8,0,0,2.9347,11.2572,6.1676,3.4527,0.0000,3.2246,6.8598,6.8776,8.6044,8.2083,20.0965,5.0000
sub-009,ses-01,Pz,31,8,0,0,5.9322,6.3166,10.8145,4.8035,0.0000,4.1006,6.2843,6.2639,4.4863,6.2294,27.6672,10.0000
sub-009,ses-01,Fp2,0,2,0,0,7.6076,2.8156,9.3901,4.2294,0.0000,3.5585,5.8123,5.7904,4.9431,7.1112,28.7382,12.0000
sub-009,ses-01,Fp2,1,2,2,0,11.6070,5.7937,9.9502,3.2720,0.0000,3.9963,5.6260,5.5806,6.4814,5.5738,46.5498,10.0000
sub-009,ses-01,Fp2,2,2,0,0,8.0028,6.6224,4.3764,5.8350,0.0000,3.7352,6.7174,6.7088,6.0963,7.0706,34.7525,20.0000
sub-009,ses-01,Fp2,3,2,2,0,10.8960,4.1271,17.6746,4.2918,0.0000,5.1612,6.1825,6.1143,5.8768,5.9340,62.6207,10.0000
sub-009,ses-01,Fp2,4,4,2,0,16.8849,3.9552,15.3243,3.9140,0.0000,5.2602,7.3240,7.2482,6.6935,8.7692,58.5337,1.0000
sub-009,ses-01,Fp2,5,4,2,0,15.0328,9.6120,12.6974,5.3991,0.0000,5.6966,6.5735,6.4732,3.6469,8.2463,35.1484,1.0000
sub-009,ses-01,Fp2,6,4,0,0,25.8232,8.2513,4.5871,5.2956,0.0000,5.4108,7.0569,7.0102,5.1532,4.9599,65.3186,1.0000
sub-009,ses-01,Fp2,7,4,0,0,18.5162,8.7441,11.0470,3.4734,0.0000,5.1274,6.3918,6.2951,6.1183,8.3083,66.5324,1.0000
sub-009,ses-01,Fp2,8,4,2,0,2.5232,5.4118,4.7672,5.4108,0.0000,3.0392,6.5562,6.5786,5.1843,6.6944,23.3715,15.0000
sub-009,ses-01,Fp2,9,4,0,0,10.9844,7.5148,5.7519,5.8197,0.0000,4.2829,6.3173,6.2874,6.9917,5.6570,32.1544,21.0000
sub-009,ses-01,Fp2,10,8,2,0,11.3280,6.4411,7.8261,5.8321,0.0000,4.5082,6.0313,5.9903,5.8786,5.8537,27.7297,20.0000
sub-009,ses-01,Fp2,11,8,2,0,7.4330,2.6407,12.9280,3.8381,0.0000,3.9014,6.3070,6.2789,6.8652,6.4658,38.1893,10.0000
sub-009,ses-01,Fp2,12,8,2,0,3.7840,6.1487,5.3741,4.6818,0.0000,3.0893,6.1955,6.2072,3.1363,6.0531,17.3011,10.0000
sub-009,ses-01,Fp2,13,8,0,0,8.2880,6.9756,6.6584,3.9638,0.0000,3.5473,5.4719,5.4372,5.9278,5.8952,26.4144,9.0000
sub-009,ses-01,Fp2,14,8,2,0,4.0863,4.6822,12.3283,7.7938,0.0000,4.8922,6.7049,6.6640,7.6080,9.4089,37.4747,10.0000
sub-009,ses-01,Fp2,15,8,2,0,4.2751,7.4938,12.0058,6.6251,0.0000,4.7730,6.8851,6.8514,8.7375,7.7008,31.9001,9.0000
sub-009,ses-01,Fp2,16,8,0,0,2.3772,3.0112,10.1685,6.0526,0.0000,3.7500,7.9541,7.9746,5.7331,15.0949,41.8735,10.0000
sub-009,ses-01,Fp2,17,8,2,0,6.5709,9.0666,11.9316,4.0351,0.0000,4.3394,5.8149,5.7652,4.1072,5.7661,48.2790,10.0000
sub-009,ses-01,Fp2,18,8,2,0,5.6376,1.7689,7.5996,2.7082,0.0000,2.5681,5.6700,5.6910,8.1811,6.0327,27.5907,8.0000
sub-009,ses-01,Fp2,19,8,0,0,15.3610,7.5732,15.2456,2.9721,0.0000,5.1592,6.6633,6.5587,7.4650,5.7107,54.8536,1.0000
sub-009,ses-01,Fp2,20,8,2,0,7.7442,8.5609,21.1141,4.1614,0.0000,5.7210,6.9210,6.8493,6.0386,11.0750,68.0658,10.0000
sub-009,ses-01,Fp2,21,8,2,0,4.9283,3.9901,10.2753,4.7205,0.0000,3.6905,5.6940,5.6742,5.2553,5.1628,21.9705,11.0000
sub-009,ses-01,Fp2,22,8,0,0,20.7310,4.0186,5.3586,3.9823,0.0000,4.2539,6.9724,6.9038,4.1236,5.7092,58.7580,1.0000
sub-009,ses-01,Fp2,23,8,0,0,2.7192,2.7200,10.1780,3.7140,0.0000,3.0490,6.5646,6.5824,4.3443,9.3677,18.0141,12.0000
sub-009,ses-01,Fp2,24,8,0,0,12.1398,4.8857,10.9025,7.9013,0.0000,5.4938,6.6971,6.6197,4.5257,11.5624,33.4551,1.0000
sub-009,ses-01,Fp2,25,8,2,0,8.5065,5.3330,9.2017,2.2278,0.0000,3.2449,5.3010,5.2932,7.1894,5.4584,32.8956,10.0000
sub-009,ses-01,Fp2,26,8,2,0,6.2089,5.6497,22.5503,6.4959,0.0000,6.2136,7.1762,7.1019,8.6317,7.8465,43.4426,11.0000
sub-009,ses-01,Fp2,27,8,0,0,3.9972,2.3983,3.3573,1.0764,0.0000,1.3888,5.5574,5.6213,5.7895,6.7182,10.6917,10.0000
sub-009,ses-01,Fp2,28,8,2,0,3.5957,6.1918,10.9759,3.8874,0.0000,3.6172,5.4484,5.4291,5.1466,5.1389,25.0560,9.0000
sub-009,ses-01,Fp2,29,8,0,0,8.7654,5.6152,14.4595,7.5011,0.0000,5.6231,6.1597,6.0651,6.2582,7.6964,29.4622,10.0000
sub-009,ses-01,Fp2,30,8,0,0,11.5391,6.8646,10.6991,5.4996,0.0000,4.8675,6.3898,6.3322,7.1098,8.2183,26.8854,9.0000
sub-009,ses-01,Fp2,31,8,0,0,10.1084,7.8770,11.9548,4.3374,0.0000,4.6525,5.4701,5.4077,5.9587,6.0693,30.4141,10.0000
sub-009,ses-01,Fz,0,2,0,0,6.2010,4.6205,3.4622,3.0266,0.0000,2.4048,6.0931,6.1252,6.1057,6.7188,15.1434,2.0000
sub-009,ses-01,Fz,1,2,2,0,4.1141,2.8773,12.0258,5.3226,0.0000,3.9375,5.7075,5.6764,6.1168,7.1621,47.6899,10.0000
sub-009,ses-01,Fz,2,2,0,0,9.2563,4.8045,3.1872,4.8798,0.0000,3.2280,5.3841,5.3788,6.7530,4.7807,17.3558,20.0000
sub-009,ses-01,Fz,3,2,2,0,4.5519,8.5124,19.8653,7.5533,0.0000,6.2707,7.4517,7.3711,7.6954,9.0846,61.7334,10.0000
sub-009,ses-01,Fz,4,4,2,0,11.5555,2.7592,13.1001,3.7635,0.0000,4.2973,6.7100,6.6829,5.2612,8.9922,33.8074,11.0000
sub-009,ses-01,Fz,5,4,2,0,14.0109,11.3042,10.2502,6.0699,0.0000,5.6202,7.3588,7.2916,5.8657,10.1115,27.5167,9.0000
sub-009,ses-01,Fz,6,4,0,0,18.6610,5.1986,4.6366,4.6462,0.0000,4.2711,5.6805,5.5906,4.3061,5.9210,57.3414,1.0000
sub-009,ses-01,Fz,7,4,0,0,3.0629,1.3526,11.6509,4.1441,0.0000,3.2893,6.2831,6.2896,5.3413,8.3659,47.8996,10.0000
sub-009,ses-01,Fz,8,4,2,0,6.8039,7.8903,3.2836,5.3141,0.0000,3.4317,6.3423,6.3437,9.7257,7.9719,22.2194,5.0000
sub-009,ses-01,Fz,9,4,0,0,6.0774,8.0053,2.6773,3.8140,0.0000,2.8367,5.6356,5.6484,6.6178,5.3167,15.8831,20.0000
sub-009,ses-01,Fz,10,8,2,0,6.7393,3.3598,6.5906,4.4729,0.0000,3.2113,6.1413,6.1429,6.7602,6.8598,26.5529,20.0000
sub-009,ses-01,Fz,11,8,2,0,3.0320,3.1467,12.0563,4.8513,0.0000,3.7237,6.4515,6.4462,5.4482,6.3105,35.3120,10.0000
sub-009,ses-01,Fz,12,8,2,0,5.5453,4.4939,7.4308,4.9637,0.0000,3.4714,6.2863,6.2885,4.3721,7.1370,20.4175,15.0000
sub-009,ses-01,Fz,13,8,0,0,3.2896,6.1134,8.2102,2.6698,0.0000,2.8274,5.4338,5.4455,4.6222,5.6923,34.7737,9.0000
sub-009,ses-01,Fz,14,8,2,0,3.4967,5.4017,11.8911,7.5647,0.0000,4.7740,6.4962,6.4544,7.8644,8.9500,33.4703,10.0000
sub-009,ses-01,Fz,15,8,2,0,12.6657,10.6498,9.2602,7.1579,0.0000,5.6250,7.1233,7.0635,7.9269,7.4459,28.6011,9.0000
sub-009,ses-01,Fz,16,8,0,0,7.3548,2.5878,10.6388,3.8664,0.0000,3.5783,7.2758,7.2930,6.9760,14.5169,38.5645,10.0000
sub-009,ses-01,Fz,17,8,2,0,6.9679,4.0249,11.6696,2.7098,0.0000,3.4701,6.7894,6.7641,5.1405,7.1646,49.4829,10.0000
sub-009,ses-01,Fz,18,8,2,0,5.3435,7.4001,8.8441,4.8793,0.0000,3.8946,5.3804,5.3422,5.4585,4.7490,19.8293,9.0000
sub-009,ses-01,Fz,19,8,0,0,2.6259,7.5122,12.8184,5.1621,0.0000,4.2923,6.9637,6.9475,4.9982,6.9646,35.1451,10.0000
sub-009,ses-01,Fz,20,8,2,0,7.3607,2.3699,24.1144,4.5580,0.0000,5.6480,7.4454,7.3789,4.6861,12.0892,70.1212,10.0000
sub-009,ses-01,Fz,21,8,2,0,5.0967,1.5081,7.8035,2.4923,0.0000,2.4567,5.1039,5.1197,3.5332,4.7114,15.2195,1.0000
sub-009,ses-01,Fz,22,8,0,0,9.4528,5.9908,7.3305,3.2025,0.0000,3.4277,6.3104,6.2903,6.1948,3.8445,27.4571,10.0000
sub-009,ses-01,Fz,23,8,0,0,8.5930,2.8924,10.8532,2.8068,0.0000,3.4314,6.1966,6.1828,5.1244,8.2214,17.3154,1.0000
sub-009,ses-01,Fz,24,8,0,0,6.2532,2.7209,11.1061,6.3223,0.0000,4.2959,7.3525,7.3460,4.7317,12.9334,33.2052,10.0000
sub-009,ses-01,Fz,25,8,2,0,8.1600,11.9645,12.7136,4.8233,0.0000,5.1042,6.7759,6.7282,7.0972,7.3999,48.1324,10.0000
sub-009,ses-01,Fz,26,8,2,0,2.0285,2.2191,16.6849,5.5414,0.0000,4.3985,6.9165,6.8961,7.6262,6.8683,26.7054,11.0000
sub-009,ses-01,Fz,27,8,0,0,12.4381,4.3668,4.0297,2.9776,0.0000,3.0258,5.4785,5.4796,4.0620,6.0422,23.0063,1.0000
sub-009,ses-01,Fz,28,8,2,0,1.8783,2.4747,7.9994,5.6757,0.0000,3.2370,5.8242,5.8150,4.6367,7.2537,23.2896,9.0000
sub-009,ses-01,Fz,29,8,0,0,5.5898,6.8813,14.3148,6.2245,0.0000,5.0393,6.3665,6.3118,5.9326,8.9148,32.9451,10.0000
sub-009,ses-01,Fz,30,8,0,0,4.3452,5.0133,10.3207,3.6887,0.0000,3.4258,6.4750,6.4852,10.0970,7.1212,25.6634,9.0000
sub-009,ses-01,Fz,31,8,0,0,4.8673,7.3044,11.8213,1.7339,0.0000,3.3059,5.6646,5.6483,5.6884,6.1630,38.3638,9.0000
sub-009,ses-01,FCz,0,2,0,0,7.9393,3.4676,3.9845,3.9538,0.0000,2.8124,6.0276,6.0460,6.8934,6.2099,17.8339,2.0000
sub-009,ses-01,FCz,1,2,2,0,4.0756,4.4389,12.4414,6.3676,0.0000,4.4531,6.3907,6.3506,7.9175,7.9850,46.7496,10.0000
sub-009,ses-01,FCz,2,2,0,0,10.3903,6.9464,3.8382,3.7728,0.0000,3.2889,5.5488,5.5554,7.1113,4.8392,16.0064,4.0000
sub-009,ses-01,FCz,3,2,2,0,1.2136,5.0711,20.9712,5.4766,0.0000,5.1666,7.0790,7.0298,5.6571,9.1911,61.0496,10.0000
sub-009,ses-01,FCz,4,4,2,0,10.6792,1.7056,13.1780,3.6012,0.0000,4.0796,6.9918,6.9822,4.1617,8.8213,31.1326,11.0000
sub-009,ses-01,FCz,5,4,2,0,14.4876,14.1806,10.5288,4.8079,0.0000,5.5895,7.5482,7.4828,5.9066,10.5291,26.9551,9.0000
sub-009,ses-01,FCz,6,4,0,0,11.8064,6.4011,3.4215,4.6487,0.0000,3.5766,6.0277,6.0244,4.4453,5.7279,23.8382,1.0000
sub-009,ses-01,FCz,7,4,0,0,7.6030,5.1947,12.0706,4.0100,0.0000,4.0871,6.7224,6.7116,7.3140,8.3120,49.6194,10.0000
sub-009,ses-01,FCz,8,4,2,0,5.4119,10.0345,3.6250,4.7779,0.0000,3.3872,6.3657,6.3680,12.0019,7.8840,18.8368,5.0000
sub-009,ses-01,FCz,9,4,0,0,4.3184,8.5001,1.4855,2.5852,0.0000,2.1813,6.1712,6.2221,6.1908,5.7417,14.3011,4.0000
sub-009,ses-01,FCz,10,8,2,0,5.3168,5.5290,5.6315,5.0967,0.0000,3.3356,6.0658,6.0590,6.1519,6.6817,23.9209,20.0000
sub-009,ses-01,FCz,11,8,2,0,7.3318,3.8667,11.9755,3.2515,0.0000,3.6957,6.2380,6.2263,7.0168,6.5698,38.2493,10.0000
sub-009,ses-01,FCz,12,8,2,0,5.2957,4.1669,7.3065,5.4552,0.0000,3.5490,6.4512,6.4437,5.4087,8.3459,20.0076,15.0000
sub-009,ses-01,FCz,13,8,0,0,4.5752,8.1584,7.6524,3.3517,0.0000,3.2656,5.5918,5.5900,6.6158,5.3274,32.2993,9.0000
sub-009,ses-01,FCz,14,8,2,0,4.8530,5.9412,12.2552,8.0395,0.0000,5.1447,6.3041,6.2409,7.0802,9.6910,29.4614,10.0000
sub-009,ses-01,FCz,15,8,2,0,11.9400,10.3502,10.8420,6.0568,0.0000,5.4175,7.1681,7.1269,7.5373,7.9702,27.0265,9.0000
sub-009,ses-01,FCz,16,8,0,0,2.2152,1.8034,10.5783,3.1537,0.0000,2.8033,7.0494,7.0915,10.1494,13.7761,36.2314,10.0000
sub-009,ses-01,FCz,17,8,2,0,8.6610,4.7730,10.9623,3.7634,0.0000,3.9171,6.5192,6.4779,4.3461,7.1818,46.4836,10.0000
sub-009,ses-01,FCz,18,8,2,0,5.6948,6.1121,7.4243,4.2154,0.0000,3.4087,5.7634,5.7515,6.5739,5.2497,21.0356,9.0000
sub-009,ses-01,FCz,19,8,0,0,4.2385,9.4189,12.8270,3.8402,0.0000,4.2213,6.8235,6.7993,4.9165,6.6571,35.4253,10.0000
sub-009,ses-01,FCz,20,8,2,0,6.1344,2.5106,23.0860,5.9427,0.0000,5.8221,7.4350,7.3679,4.8297,11.9580,68.1838,10.0000
sub-009,ses-01,FCz,21,8,2,0,3.6703,1.7401,7.7313,1.7906,0.0000,2.1234,4.8064,4.8231,4.2566,5.3641,22.4764,8.0000
sub-009,ses-01,FCz,22,8,0,0,5.3734,4.3717,6.9980,3.3101,0.0000,2.8837,5.3481,5.3452,5.9436,3.3326,22.5837,10.0000
sub-009,ses-01,FCz,23,8,0,0,7.3923,2.2135,12.6215,2.9982,0.0000,3.5611,6.5528,6.5564,4.8938,9.1587,17.7269,12.0000
sub-009,ses-01,FCz,24,8,0,0,7.0980,3.0749,11.1607,5.7017,0.0000,4.2274,6.7410,6.7118,4.1409,11.2734,29.7506,10.0000
sub-009,ses-01,FCz,25,8,2,0,6.5270,11.1184,13.3873,4.9323,0.0000,5.0006,6.5023,6.4548,8.9022,7.2254,45.3803,10.0000
sub-009,ses-01,FCz,26,8,2,0,2.7603,2.5292,13.8712,4.9296,0.0000,3.9179,6.9089,6.9040,8.9844,6.5991,25.7382,8.0000
sub-009,ses-01,FCz,27,8,0,0,14.2802,10.6842,2.7082,3.5907,0.0000,3.7857,6.0015,5.9857,6.6516,6.2311,30.2283,6.0000
sub-009,ses-01,FCz,28,8,2,0,5.0955,3.4892,6.6696,4.6865,0.0000,3.1461,6.4548,6.4704,6.4194,8.0578,20.1699,15.0000
sub-009,ses-01,FCz,29,8,0,0,5.6835,8.0283,14.1230,4.4655,0.0000,4.5962,6.5740,6.5427,4.3756,9.2373,31.7811,10.0000
sub-009,ses-01,FCz,30,8,0,0,2.7367,4.4231,9.3726,3.7616,0.0000,3.1111,6.2950,6.3110,11.3073,7.4632,22.2685,9.0000
sub-009,ses-01,FCz,31,8,0,0,5.7137,6.4273,11.8438,1.3998,0.0000,3.2052,6.1396,6.1460,4.2088,5.2749,41.3805,9.0000
sub-009,ses-01,Cz,0,2,0,0,7.5310,2.5850,5.2571,4.8460,0.0000,3.1397,6.2510,6.2626,6.9276,5.7290,20.9186,2.0000
sub-009,ses-01,Cz,1,2,2,0,11.9262,6.3970,11.5091,5.0542,0.0000,4.8384,6.9201,6.8789,7.9433,8.3400,51.3605,10.0000
sub-009,ses-01,Cz,2,2,0,0,11.0881,10.1621,3.8330,4.4301,0.0000,3.8509,5.3643,5.3444,6.9028,4.9215,18.3963,4.0000
sub-009,ses-01,Cz,3,2,2,0,6.6935,4.2306,18.2591,7.1497,0.0000,5.7255,8.0084,7.9601,7.1039,10.5290,55.2838,10.0000
sub-009,ses-01,Cz,4,4,2,0,9.9179,3.0702,14.1217,3.6913,0.0000,4.2946,7.6712,7.6509,3.0276,9.2136,30.8123,11.0000
sub-009,ses-01,Cz,5,4,2,0,13.2422,11.0603,11.9572,5.3538,0.0000,5.5477,8.2562,8.2318,3.7703,11.5623,31.1040,10.0000
sub-009,ses-01,Cz,6,4,0,0,13.6630,5.1243,4.7190,3.8960,0.0000,3.5840,5.6312,5.6058,4.4210,5.2634,41.3537,1.0000
sub-009,ses-01,Cz,7,4,0,0,7.6074,4.8055,15.5435,5.0080,0.0000,4.8376,6.7704,6.7300,7.5213,7.3598,51.5741,10.0000
sub-009,ses-01,Cz,8,4,2,0,4.2911,9.2062,6.6906,3.8246,0.0000,3.3454,6.8651,6.8855,12.8411,8.1442,16.2195,19.0000
sub-009,ses-01,Cz,9,4,0,0,8.0430,5.8713,2.4817,4.1056,0.0000,2.8819,6.1884,6.2001,9.4478,6.0707,13.2963,4.0000
sub-009,ses-01,Cz,10,8,2,0,8.7301,7.1995,5.9701,4.7859,0.0000,3.7618,5.9912,5.9642,6.5745,7.6145,24.0433,5.0000
sub-009,ses-01,Cz,11,8,2,0,9.2499,3.9488,13.1575,2.9251,0.0000,3.9480,6.4090,6.3835,6.1420,5.7100,37.5837,10.0000
sub-009,ses-01,Cz,12,8,2,0,4.3598,1.9803,6.0144,4.0756,0.0000,2.6611,6.0257,6.0332,4.2382,6.5609,15.8954,11.0000
sub-009,ses-01,Cz,13,8,0,0,3.9868,6.5436,6.4530,3.8714,0.0000,3.0504,5.5979,5.6040,6.8002,5.1207,17.1957,9.0000
sub-009,ses-01,Cz,14,8,2,0,5.2067,5.6828,11.7673,8.4390,0.0000,5.2062,6.5647,6.4819,5.6687,10.4729,28.1381,10.0000
sub-009,ses-01,Cz,15,8,2,0,8.8222,12.9547,11.1064,5.8894,0.0000,5.3560,7.2168,7.1632,8.5899,8.4773,24.8061,9.0000
sub-009,ses-01,Cz,16,8,0,0,7.4887,2.4832,8.6501,2.8198,0.0000,2.9871,7.0556,7.1007,8.2647,11.1107,29.0685,10.0000
sub-009,ses-01,Cz,17,8,2,0,11.4321,7.9538,10.5735,3.1435,0.0000,4.2291,7.3821,7.3687,7.9905,10.2985,47.6011,10.0000
sub-009,ses-01,Cz,18,8,2,0,8.3658,7.2686,4.9689,5.9237,0.0000,3.9386,5.6392,5.6083,8.0876,5.9172,19.1237,6.0000
sub-009,ses-01,Cz,19,8,0,0,6.4160,6.0374,14.1309,4.6649,0.0000,4.5405,6.3331,6.2689,5.3676,6.5023,34.7083,10.0000
sub-009,ses-01,Cz,20,8,2,0,8.9307,2.7893,24.3864,5.3153,0.0000,6.0999,7.4941,7.4125,5.7051,11.8567,67.8259,10.0000
sub-009,ses-01,Cz,21,8,2,0,7.2133,2.0541,7.2834,3.1496,0.0000,2.8306,4.8962,4.8900,4.8701,5.1454,25.7575,1.0000
sub-009,ses-01,Cz,22,8,0,0,6.7297,3.6191,7.6886,3.5664,0.0000,3.1137,5.4431,5.4397,8.0427,4.3947,19.4966,10.0000
sub-009,ses-01,Cz,23,8,0,0,5.2249,3.3862,12.5498,3.5788,0.0000,3.6341,6.5512,6.5596,4.4393,10.5049,25.3151,9.0000
sub-009,ses-01,Cz,24,8,0,0,9.6478,1.8702,12.0388,5.0646,0.0000,4.2824,6.9808,6.9637,7.3154,11.3853,31.7951,10.0000
sub-009,ses-01,Cz,25,8,2,0,5.3880,9.6138,13.1840,5.2067,0.0000,4.8093,7.3594,7.3367,9.8580,7.1248,43.7817,10.0000
sub-009,ses-01,Cz,26,8,2,0,3.6871,4.8059,13.5651,4.3010,0.0000,3.9832,6.5314,6.5193,7.9764,6.6917,28.9401,8.0000
sub-009,ses-01,Cz,27,8,0,0,13.5712,8.9796,3.6273,2.6316,0.0000,3.3995,6.1791,6.1547,5.7837,6.4626,39.6522,1.0000
sub-009,ses-01,Cz,28,8,2,0,7.1649,5.8038,7.2485,4.1260,0.0000,3.4652,6.2593,6.2589,9.0488,7.1753,21.6248,1.0000
sub-009,ses-01,Cz,29,8,0,0,10.2750,8.0017,14.3768,4.5824,0.0000,5.0916,6.4067,6.3546,5.0405,10.0112,28.7797,10.0000
sub-009,ses-01,Cz,30,8,0,0,6.0575,3.9384,6.8860,5.7549,0.0000,3.6305,6.1571,6.1467,12.8644,6.4036,21.0753,17.0000
sub-009,ses-01,Cz,31,8,0,0,7.6241,6.1766,11.2359,0.9253,0.0000,3.1313,6.4156,6.4114,4.2293,4.9455,32.8628,9.0000
sub-009,ses-01,C4,0,2,0,0,8.7562,4.1836,5.1763,5.0443,0.0000,3.4510,6.1578,6.1527,7.7495,6.4455,23.7408,2.0000
sub-009,ses-01,C4,1,2,2,0,5.3458,10.3263,9.3336,4.0885,0.0000,3.9963,5.5402,5.5127,7.2793,6.9451,31.0077,10.0000
sub-009,ses-01,C4,2,2,0,0,6.6672,7.7214,4.7509,4.7992,0.0000,3.4523,5.6384,5.6344,5.4608,5.8247,35.9928,19.0000
sub-009,ses-01,C4,3,2,2,0,8.4224,6.1364,17.4938,3.1891,0.0000,4.7595,6.9108,6.8801,5.8253,8.8630,41.7545,10.0000
sub-009,ses-01,C4,4,4,2,0,6.0998,3.9946,14.3911,4.2266,0.0000,4.2249,7.0144,7.0082,5.2964,8.9127,31.7124,11.0000
sub-009,ses-01,C4,5,4,2,0,8.1965,8.8806,7.2687,4.4319,0.0000,3.9427,7.2823,7.2866,3.5811,8.9565,22.2261,9.0000
sub-009,ses-01,C4,6,4,0,0,2.5464,11.4296,7.3093,2.9778,0.0000,3.2203,5.6527,5.6488,4.7279,5.3616,25.3899,5.0000
sub-009,ses-01,C4,7,4,0,0,4.9822,3.1653,12.1293,3.8092,0.0000,3.6020,6.5771,6.5763,5.8417,10.0538,54.4455,10.0000
sub-009,ses-01,C4,8,4,2,0,6.7720,3.8551,5.4574,3.3209,0.0000,2.7541,7.0185,7.0596,12.7967,8.0667,20.9620,9.0000
sub-009,ses-01,C4,9,4,0,0,7.0326,4.2804,1.6694,4.2360,0.0000,2.5660,5.8522,5.8773,9.9904,4.3825,15.8328,14.0000
sub-009,ses-01,C4,10,8,2,0,6.8526,5.9905,3.1583,3.3731,0.0000,2.6552,6.1067,6.1341,4.9919,5.3673,16.0115,3.0000
sub-009,ses-01,C4,11,8,2,0,0.6774,4.3455,8.2344,3.0095,0.0000,2.5261,5.4017,5.3994,6.4920,6.6861,32.1464,10.0000
sub-009,ses-01,C4,12,8,2,0,8.4998,3.0781,4.1896,2.3106,0.0000,2.3602,5.0886,5.0965,3.3268,6.3880,14.3266,1.0000
sub-009,ses-01,C4,13,8,0,0,9.8998,2.8341,7.3200,5.1960,0.0000,3.7768,5.6942,5.6667,2.7010,4.4673,26.2099,9.0000
sub-009,ses-01,C4,14,8,2,0,7.4004,2.8645,12.0136,6.4831,0.0000,4.5912,6.0324,5.9893,8.5304,8.4123,24.1470,10.0000
sub-009,ses-01,C4,15,8,2,0,6.9897,9.0317,10.6534,6.7190,0.0000,5.0082,6.7814,6.7435,9.4439,5.7689,25.9632,9.0000
sub-009,ses-01,C4,16,8,0,0,5.0543,4.1765,4.1122,5.1615,0.0000,2.9929,6.7654,6.7912,7.4779,9.2847,27.3007,15.0000
sub-009,ses-01,C4,17,8,2,0,6.5356,5.1792,8.2363,3.3110,0.0000,3.2400,5.6834,5.6831,4.5695,7.3127,39.9972,10.0000
sub-009,ses-01,C4,18,8,2,0,6.3984,6.1251,4.3540,6.3984,0.0000,3.7069,5.7436,5.7290,5.4016,6.2289,19.6275,17.0000
sub-009,ses-01,C4,19,8,0,0,8.4760,6.9191,13.9059,2.7612,0.0000,4.2072,6.4835,6.4502,6.4786,5.9248,33.2529,11.0000
sub-009,ses-01,C4,20,8,2,0,4.5665,3.2048,20.6888,6.0250,0.0000,5.4312,6.5963,6.5362,4.7360,9.7019,68.3690,10.0000
sub-009,ses-01,C4,21,8,2,0,2.9285,4.6099,7.4652,3.0527,0.0000,2.6658,5.1922,5.2037,3.8625,5.9516,15.7638,8.0000
sub-009,ses-01,C4,22,8,0,0,5.6013,13.0101,6.2486,3.2914,0.0000,3.5983,5.3653,5.3504,6.8761,4.3699,36.3450,7.0000
sub-009,ses-01,C4,23,8,0,0,7.2388,8.4470,9.7702,3.4531,0.0000,3.8664,7.1004,7.0816,4.9227,9.9238,16.3925,4.0000
sub-009,ses-01,C4,24,8,0,0,9.2086,6.3438,9.0013,3.7258,0.0000,3.8291,6.2914,6.2972,3.9163,8.3161,21.7018,10.0000
sub-009,ses-01,C4,25,8,2,0,5.4761,1.8823,8.4660,5.3620,0.0000,3.4869,6.6625,6.6694,5.8014,7.0682,27.2072,10.0000
sub-009,ses-01,C4,26,8,2,0,3.2743,5.2659,11.8537,4.3111,0.0000,3.7518,6.1869,6.1714,5.4005,5.9462,22.5732,11.0000
sub-009,ses-01,C4,27,8,0,0,6.8842,1.4778,4.6771,4.1260,0.0000,2.6779,4.7998,4.8039,5.4247,5.7514,11.0583,14.0000
sub-009,ses-01,C4,28,8,2,0,3.5774,3.5067,7.1897,7.2109,0.0000,3.8422,5.4473,5.4124,5.8101,7.7920,21.9691,9.0000
sub-009,ses-01,C4,29,8,0,0,5.8098,5.3456,11.5923,5.5369,0.0000,4.3292,5.8893,5.8265,6.6908,7.9773,26.4065,10.0000
sub-009,ses-01,C4,30,8,0,0,10.5953,9.1881,9.2946,5.1505,0.0000,4.6944,6.6927,6.6664,9.2818,6.7585,20.9219,2.0000
sub-009,ses-01,C4,31,8,0,0,5.1368,4.3953,11.1065,4.0971,0.0000,3.6751,5.3155,5.2910,3.5459,4.9990,33.2906,10.0000
sub-009,ses-01,CP4,0,2,0,0,8.9147,3.7838,6.1037,5.7131,0.0000,3.7602,6.0161,6.0085,3.9727,6.4721,24.4826,1.0000
sub-009,ses-01,CP4,1,2,2,0,10.8512,2.0661,15.1324,5.1660,0.0000,4.8749,6.4648,6.4148,6.1876,8.7502,35.8456,10.0000
sub-009,ses-01,CP4,2,2,0,0,7.1432,4.0994,3.4107,2.6349,0.0000,2.3183,5.3908,5.4149,4.3626,6.0045,18.3492,1.0000
sub-009,ses-01,CP4,3,2,2,0,9.3735,3.6965,15.8407,3.4770,0.0000,4.4773,6.6273,6.6034,3.3282,8.6157,40.2923,10.0000
sub-009,ses-01,CP4,4,4,2,0,7.1320,4.2354,17.1645,3.7182,0.0000,4.5766,6.9284,6.8954,5.6254,8.8612,36.4267,11.0000
sub-009,ses-01,CP4,5,4,2,0,7.1047,8.4431,5.4141,5.3943,0.0000,3.8326,6.9070,6.9095,4.8284,7.8269,18.5830,9.0000
sub-009,ses-01,CP4,6,4,0,0,6.9688,2.6303,8.0630,3.4816,0.0000,3.0706,6.0769,6.0648,6.5352,6.9266,18.8377,1.0000
sub-009,ses-01,CP4,7,4,0,0,13.2361,1.7332,13.9436,5.0580,0.0000,4.8673,6.4505,6.3992,8.7349,9.4703,51.2409,10.0000
sub-009,ses-01,CP4,8,4,2,0,1.7268,11.0897,7.4225,5.0241,0.0000,3.7468,6.2934,6.2819,13.8761,6.7711,22.5180,9.0000
sub-009,ses-01,CP4,9,4,0,0,6.4586,3.5760,2.8233,5.6155,0.0000,3.0251,5.7456,5.7506,4.5219,5.6185,14.8682,16.0000
sub-009,ses-01,CP4,10,8,2,0,7.9448,2.9460,8.8305,3.4234,0.0000,3.2802,6.9655,6.9882,5.0643,6.2123,20.4358,1.0000
sub-009,ses-01,CP4,11,8,2,0,9.5725,5.7924,8.0536,3.6596,0.0000,3.6594,6.2790,6.2762,5.4234,7.1194,29.2866,1.0000
sub-009,ses-01,CP4,12,8,2,0,8.5980,9.4582,4.1531,2.6067,0.0000,3.0472,6.1140,6.1311,6.8002,6.1567,15.8058,4.0000
sub-009,ses-01,CP4,13,8,0,0,14.2599,7.5313,7.2556,6.5710,0.0000,5.0261,5.5622,5.4745,5.3220,4.8213,40.2236,14.0000
sub-009,ses-01,CP4,14,8,2,0,3.8409,3.2991,10.9710,6.2442,0.0000,4.0828,6.0454,6.0198,6.8514,8.2097,20.8609,9.0000
sub-009,ses-01,CP4,15,8,2,0,11.5021,11.8908,7.6703,5.8077,0.0000,5.0022,7.4264,7.4053,9.4274,7.2615,25.4105,9.0000
sub-009,ses-01,CP4,16,8,0,0,7.4763,2.7123,2.0094,6.0195,0.0000,3.0480,5.7752,5.7769,6.0206,7.9082,18.0273,15.0000
sub-009,ses-01,CP4,17,8,2,0,5.0502,3.9076,9.1205,3.9248,0.0000,3.2925,5.6322,5.6122,4.1336,6.3870,43.9596,10.0000
sub-009,ses-01,CP4,18,8,2,0,9.0727,2.9609,8.6268,4.7590,0.0000,3.7619,5.2579,5.2267,7.8678,5.4502,20.6286,3.0000
sub-009,ses-01,CP4,19,8,0,0,4.0558,5.4415,11.0468,1.7812,0.0000,2.9634,6.0259,6.0287,7.0252,5.9847,35.1470,11.0000
sub-009,ses-01,CP4,20,8,2,0,14.3598,3.9989,20.6322,5.3944,0.0000,6.2176,6.3221,6.2256,6.0356,9.4217,62.4122,10.0000
sub-009,ses-01,CP4,21,8,2,0,8.4871,6.1206,5.1229,4.4682,0.0000,3.4245,5.3781,5.3521,3.0556,6.0246,16.6209,1.0000
sub-009,ses-01,CP4,22,8,0,0,9.0648,11.4192,4.6372,2.9699,0.0000,3.4504,5.6378,5.6351,8.4376,4.1584,27.7166,7.0000
sub-009,ses-01,CP4,23,8,0,0,9.9317,5.3460,9.5968,2.0548,0.0000,3.3815,6.9255,6.9456,5.0663,9.3531,32.3681,1.0000
sub-009,ses-01,CP4,24,8,0,0,6.1953,4.5920,13.5490,5.2016,0.0000,4.4666,6.0418,6.0182,5.7832,8.5089,26.8005,10.0000
sub-009,ses-01,CP4,25,8,2,0,18.2847,5.5094,7.1963,3.4115,0.0000,4.2489,7.1641,7.1391,5.7661,7.1746,42.2279,2.0000
sub-009,ses-01,CP4,26,8,2,0,1.7491,4.5245,5.8038,4.6085,0.0000,2.7867,6.0906,6.0936,5.3733,5.6858,12.1320,11.0000
sub-009,ses-01,CP4,27,8,0,0,2.9534,5.0357,5.0616,4.4802,0.0000,2.8039,5.6746,5.6919,7.3387,5.2819,16.8002,14.0000
sub-009,ses-01,CP4,28,8,2,0,5.1144,4.5612,7.5810,6.5179,0.0000,3.9284,5.6196,5.5883,5.7167,7.4430,28.5377,14.0000
sub-009,ses-01,CP4,29,8,0,0,3.1414,3.1117,10.1969,3.4938,0.0000,3.0608,6.8130,6.8359,6.8236,7.8165,19.7309,10.0000
sub-009,ses-01,CP4,30,8,0,0,8.2030,10.4959,7.2466,4.9570,0.0000,4.2492,6.3212,6.3034,7.0113,6.8207,20.7394,12.0000
sub-009,ses-01,CP4,31,8,0,0,3.3709,2.6191,11.2066,3.6323,0.0000,3.2191,5.6222,5.6170,5.3888,5.9783,37.5620,10.0000
sub-009,ses-01,O2,0,2,0,0,10.6190,6.2233,3.1268,3.4659,0.0000,3.0509,5.9782,5.9808,7.8139,4.4136,20.9225,1.0000
sub-009,ses-01,O2,1,2,2,0,6.9310,7.3689,8.6251,4.1574,0.0000,3.7906,6.2627,6.2568,4.0140,8.6487,20.7566,9.0000
sub-009,ses-01,O2,2,2,0,0,3.0280,6.1814,2.9098,6.8462,0.0000,3.3325,5.4010,5.3789,4.8940,6.0161,27.5236,15.0000
sub-009,ses-01,O2,3,2,2,0,6.4870,2.7411,9.6600,3.2155,0.0000,3.1785,6.3901,6.4120,7.1480,8.1330,27.2719,11.0000
sub-009,ses-01,O2,4,4,2,0,3.0692,4.6573,8.6670,6.2847,0.0000,3.8281,6.0681,6.0470,3.3558,7.5487,23.1847,10.0000
sub-009,ses-01,O2,5,4,2,0,19.0429,4.4170,6.5009,3.5842,0.0000,4.1730,6.5861,6.5459,3.8154,5.6264,52.8488,1.0000
sub-009,ses-01,O2,6,4,0,0,6.5951,4.8551,11.3976,5.2703,0.0000,4.2488,5.6860,5.6130,6.8862,5.6795,21.9251,10.0000
sub-009,ses-01,O2,7,4,0,0,5.9011,2.7365,6.4030,2.4430,0.0000,2.4355,5.7954,5.8225,10.0790,5.2878,27.0240,10.0000
sub-009,ses-01,O2,8,4,2,0,11.9472,6.1334,8.9089,3.5979,0.0000,4.0128,6.8542,6.8300,11.1781,7.1084,25.9887,1.0000
sub-009,ses-01,O2,9,4,0,0,10.9143,4.7087,7.1032,8.3292,0.0000,4.9626,5.9705,5.9189,7.2429,4.9126,41.2034,1.0000
sub-009,ses-01,O2,10,8,2,0,2.3665,1.2943,8.4435,3.4622,0.0000,2.5654,5.8786,5.9043,9.8971,6.1764,17.6644,8.0000
sub-009,ses-01,O2,11,8,2,0,5.2421,6.1274,11.8789,7.1484,0.0000,4.8763,6.6921,6.6559,6.9445,6.3317,35.8263,10.0000
sub-009,ses-01,O2,12,8,2,0,5.2943,3.0798,9.8786,7.4340,0.0000,4.4049,5.0039,4.9431,5.5404,5.7816,18.3541,10.0000
sub-009,ses-01,O2,13,8,0,0,5.7308,3.8679,4.2408,3.4570,0.0000,2.5298,5.8721,5.8960,8.0987,7.4812,13.0456,14.0000
sub-009,ses-01,O2,14,8,2,0,2.3757,5.4111,17.3946,4.3170,0.0000,4.4566,6.1279,6.0710,4.8871,9.0395,24.8875,9.0000
sub-009,ses-01,O2,15,8,2,0,11.5659,5.0664,6.5682,4.4158,0.0000,3.7987,6.1326,6.1231,10.9930,6.3927,29.3630,1.0000
sub-009,ses-01,O2,16,8,0,0,3.9844,2.2392,3.4681,4.1177,0.0000,2.3078,5.0588,5.0630,5.4257,4.8446,13.3438,2.0000
sub-009,ses-01,O2,17,8,2,0,3.5506,5.2159,13.4360,5.3584,0.0000,4.3102,5.9581,5.9157,7.7221,5.5839,40.1787,10.0000
sub-009,ses-01,O2,18,8,2,0,7.2507,5.9450,4.7422,1.8132,0.0000,2.4374,5.7622,5.7926,7.5429,4.1850,20.7437,5.0000
sub-009,ses-01,O2,19,8,0,0,4.2533,12.4605,6.9086,5.6729,0.0000,4.2338,6.1130,6.0878,6.8455,5.4097,21.1861,7.0000
sub-009,ses-01,O2,20,8,2,0,18.9678,3.2692,8.5918,3.2621,0.0000,4.2536,6.3592,6.2951,4.8092,5.9440,51.5308,1.0000
sub-009,ses-01,O2,21,8,2,0,10.9599,5.8874,4.4671,4.1093,0.0000,3.4329,5.1852,5.1452,5.2535,4.6660,27.4552,1.0000
sub-009,ses-01,O2,22,8,0,0,3.5719,0.9620,4.8483,3.5197,0.0000,2.1624,5.3075,5.3373,5.1630,5.3684,12.9241,11.0000
sub-009,ses-01,O2,23,8,0,0,1.8794,2.5953,13.0702,3.5760,0.0000,3.3211,5.8642,5.8580,4.3458,8.2210,26.3861,9.0000
sub-009,ses-01,O2,24,8,0,0,12.1184,7.1427,9.2185,4.7982,0.0000,4.5286,6.5168,6.4904,7.2977,8.6728,26.8927,1.0000
sub-009,ses-01,O2,25,8,2,0,3.5425,10.6276,8.4246,6.2405,0.0000,4.3803,5.6559,5.6114,6.5582,7.4447,28.4996,18.0000
sub-009,ses-01,O2,26,8,2,0,16.9531,2.8853,6.4985,3.2036,0.0000,3.7207,6.8538,6.8351,6.6583,6.3573,45.5400,1.0000
sub-009,ses-01,O2,27,8,0,0,18.6476,5.5013,5.7133,7.8188,0.0000,5.4074,6.5420,6.4439,8.0999,5.2394,66.1836,1.0000
sub-009,ses-01,O2,28,8,2,0,5.3654,5.5295,8.1827,4.3089,0.0000,3.4579,5.9558,5.9487,7.8599,6.2937,17.7150,22.0000
sub-009,ses-01,O2,29,8,0,0,4.1773,2.2348,2.9043,3.7085,0.0000,2.1229,6.8326,6.8930,5.0888,6.8058,15.7540,16.0000
sub-009,ses-01,O2,30,8,0,0,6.8161,8.0497,7.1252,3.8833,0.0000,3.5511,6.3847,6.3929,7.7250,6.1239,15.0918,11.0000
sub-009,ses-01,O2,31,8,0,0,1.7156,7.2767,7.9738,3.5774,0.0000,3.0307,5.9914,6.0020,4.6617,8.9321,27.7105,10.0000
sub-009,ses-02,Fp1,0,4,2,0,3.2422,4.6578,15.4571,4.0472,0.0000,4.1153,6.2116,6.1945,11.7848,5.4832,38.2168,9.0000
sub-009,ses-02,Fp1,1,8,0,0,5.1368,7.4942,6.8097,3.4323,0.0000,3.1628,5.8987,5.9018,5.7441,5.6269,18.2674,6.0000
sub-009,ses-02,Fp1,2,8,0,0,4.0201,14.4902,14.0775,3.4630,0.0000,4.7331,6.2309,6.1783,6.8805,7.4911,35.5895,6.0000
sub-009,ses-02,Fp1,3,8,0,0,9.1101,5.7990,9.5808,4.1365,0.0000,3.9743,5.7426,5.7300,5.9056,5.8050,30.8923,10.0000
sub-009,ses-02,Fp1,4,8,0,0,2.7073,9.3693,17.0503,3.4570,0.0000,4.5477,6.7307,6.6940,7.7818,8.9137,36.1321,10.0000
sub-009,ses-02,Fp1,5,8,0,0,11.0946,7.6828,9.4382,4.5697,0.0000,4.4452,5.6016,5.5415,5.3047,4.9933,38.5238,1.0000
sub-009,ses-02,Fp1,6,8,0,0,2.8761,4.8165,18.1222,3.0738,0.0000,4.1736,6.7780,6.7656,9.3331,7.2202,50.2951,10.0000
sub-009,ses-02,Fp1,7,8,0,0,13.3765,8.4716,14.3977,3.5810,0.0000,5.1240,5.7697,5.6907,7.2246,6.6687,29.2906,9.0000
sub-009,ses-02,Fp1,8,8,0,0,5.3488,4.4847,10.1889,4.7286,0.0000,3.7660,6.0599,6.0487,10.1641,5.2440,17.6433,9.0000
sub-009,ses-02,Fp1,9,8,0,0,3.4236,8.6750,12.0342,3.4093,0.0000,3.8354,5.9811,5.9550,4.3489,6.6994,32.8553,11.0000
sub-009,ses-02,Fp1,10,8,0,0,13.9923,3.6987,15.6635,3.6487,0.0000,4.9344,5.9844,5.9230,8.9535,6.2009,51.1369,1.0000
sub-009,ses-02,Fp1,11,8,0,0,24.2130,6.7462,12.0128,6.5189,0.0000,6.5269,5.9861,5.8695,5.8401,6.1579,49.4016,1.0000
sub-009,ses-02,Fp1,12,8,0,0,11.2161,1.3086,7.7066,4.0573,0.0000,3.4670,6.0736,6.0702,9.2832,5.6235,19.0909,2.0000
sub-009,ses-02,Fp1,13,4,2,0,2.9789,7.6387,9.5012,7.3994,0.0000,4.5505,6.9330,6.9159,9.1983,6.4670,27.9127,22.0000
sub-009,ses-02,Fp1,14,4,2,0,8.9800,6.2543,19.2598,4.9267,0.0000,5.5940,7.6095,7.5555,12.3566,7.6553,44.4347,10.0000
sub-009,ses-02,Fp1,15,4,2,0,5.3611,9.4772,6.6684,2.0445,0.0000,2.9289,5.8699,5.8817,3.5098,6.1413,16.9432,6.0000
sub-009,ses-02,Fp1,16,4,2,0,0.7084,5.6713,20.5748,3.9051,0.0000,4.6450,6.4166,6.3630,6.0914,11.4849,44.4013,10.0000
sub-009,ses-02,Fp1,17,8,0,0,14.1787,9.1233,4.6636,5.0231,0.0000,4.3370,6.0384,6.0070,7.4972,5.5928,38.8928,1.0000
sub-009,ses-02,Fp1,18,8,0,0,11.4906,3.7059,10.2714,2.0168,0.0000,3.4566,5.7522,5.6987,4.2115,5.8182,33.8678,1.0000
sub-009,ses-02,Fp1,19,8,0,0,7.4176,8.8430,16.1702,3.1322,0.0000,4.7159,7.1482,7.1299,6.5917,10.0380,34.1744,11.0000
sub-009,ses-02,Fp1,20,8,0,0,28.3134,9.1305,4.8785,3.7818,0.0000,5.3072,6.9772,6.9178,9.7270,5.3670,69.8546,1.0000
sub-009,ses-02,Fp1,21,4,2,0,7.0470,4.0938,8.6087,4.1475,0.0000,3.4914,6.0969,6.0875,6.5854,7.7325,22.0223,10.0000
sub-009,ses-02,Fp1,22,4,2,0,13.9555,4.0931,10.9863,4.0506,0.0000,4.4365,6.3551,6.3083,8.7164,6.8985,48.5591,1.0000
sub-009,ses-02,Fp1,23,8,0,0,5.5377,2.3083,9.2093,1.5437,0.0000,2.4816,6.4690,6.5114,4.5602,6.1628,26.2616,10.0000
sub-009,ses-02,Fp1,24,4,2,0,10.4754,3.1799,10.3631,2.8582,0.0000,3.5804,5.7758,5.7483,5.7693,6.4968,24.5355,1.0000
sub-009,ses-02,Fp1,25,4,2,0,9.6634,5.8232,17.2496,5.8955,0.0000,5.6299,6.9172,6.8464,11.2305,7.1944,30.7619,10.0000
sub-009,ses-02,Fp1,26,4,2,0,11.6417,7.6246,17.7225,2.1578,0.0000,4.9175,6.7949,6.7536,5.1949,7.3523,57.3673,9.0000
sub-009,ses-02,Fp1,27,4,2,2,20.6727,6.2116,3.4417,3.2952,0.0000,3.9773,5.3896,5.3462,5.8605,4.3350,41.0215,1.0000
sub-009,ses-02,Fp1,28,4,2,2,10.1277,8.0723,8.1934,5.7453,0.0000,4.5732,5.6619,5.6056,7.9798,5.4073,23.4951,21.0000
sub-009,ses-02,Fp1,29,4,2,2,4.7153,3.0470,14.8794,3.9948,0.0000,4.0060,5.7894,5.7633,5.2229,7.9694,45.3352,9.0000
sub-009,ses-02,Fp1,30,2,4,2,4.2566,2.7326,12.7188,4.0105,0.0000,3.6374,5.2556,5.2233,3.7497,4.9850,54.8651,10.0000
sub-009,ses-02,Fp1,31,4,2,2,7.6669,11.2546,14.9138,4.9808,0.0000,5.3470,6.2744,6.2010,5.7326,9.6837,52.5947,10.0000
sub-009,ses-02,C3,0,4,2,0,8.0406,8.0140,12.4084,3.7464,0.0000,4.3575,5.9164,5.8868,9.3279,7.2486,25.5891,9.0000
sub-009,ses-02,C3,1,8,0,0,5.3108,13.0923,11.3480,3.6953,0.0000,4.4126,6.0287,6.0009,6.7098,7.4895,23.6807,10.0000
sub-009,ses-02,C3,2,8,0,0,3.2762,6.6200,14.6852,5.9316,0.0000,4.7630,6.7887,6.7673,8.7168,11.3446,25.5406,12.0000
sub-009,ses-02,C3,3,8,0,0,8.5938,3.1892,8.1440,4.2169,0.0000,3.5073,5.8890,5.8768,5.1822,6.8467,19.7604,10.0000
sub-009,ses-02,C3,4,8,0,0,5.0662,6.7893,12.5155,3.1906,0.0000,3.8138,6.6882,6.6794,8.3247,7.5528,32.1833,10.0000
sub-009,ses-02,C3,5,8,0,0,8.2470,8.1278,7.1317,4.1246,0.0000,3.7653,6.0653,6.0531,8.5097,5.2922,20.7049,5.0000
sub-009,ses-02,C3,6,8,0,0,7.9223,1.3689,16.5828,6.6660,0.0000,5.1935,5.8818,5.8076,6.2044,6.7156,54.5655,10.0000
sub-009,ses-02,C3,7,8,0,0,7.5693,6.4411,8.4557,5.2122,0.0000,4.0589,6.2667,6.2406,6.2447,8.0896,26.5168,19.0000
sub-009,ses-02,C3,8,8,0,0,9.5984,8.9177,5.0623,3.9368,0.0000,3.6190,6.1331,6.1321,8.3134,5.8110,16.9876,1.0000
sub-009,ses-02,C3,9,8,0,0,6.7239,9.9602,8.3268,3.5799,0.0000,3.7962,6.3465,6.3202,3.6256,9.5112,20.0099,10.0000
sub-009,ses-02,C3,10,8,0,0,6.2870,5.7885,17.1251,5.3521,0.0000,5.1309,6.0512,5.9879,6.9845,7.4952,50.0313,10.0000
sub-009,ses-02,C3,11,8,0,0,12.6062,5.3299,12.1489,5.5759,0.0000,5.0494,5.6110,5.5388,7.5092,6.2992,23.5286,10.0000
sub-009,ses-02,C3,12,8,0,0,6.3687,11.0457,9.0925,3.1097,0.0000,3.8288,5.6880,5.6552,8.8259,6.4630,20.2460,9.0000
sub-009,ses-02,C3,13,4,2,0,5.6345,4.6527,3.2086,4.7198,0.0000,2.8316,6.5962,6.6180,8.9864,5.7828,15.8594,19.0000
sub-009,ses-02,C3,14,4,2,0,4.6391,6.5978,17.0708,2.0902,0.0000,4.0592,6.7724,6.7285,11.7030,7.8715,59.4902,10.0000
sub-009,ses-02,C3,15,4,2,0,1.9364,9.1745,9.6611,5.0897,0.0000,3.9204,5.9009,5.8732,6.1649,6.2820,25.3169,11.0000
sub-009,ses-02,C3,16,4,2,0,2.3171,13.6966,18.3166,4.4812,0.0000,5.4002,7.2334,7.1666,6.5456,13.3326,39.8137,10.0000
sub-009,ses-02,C3,17,8,0,0,3.5203,7.3714,6.8056,6.4601,0.0000,3.9158,5.9433,5.9386,8.4190,5.8986,22.0564,13.0000
sub-009,ses-02,C3,18,8,0,0,11.8163,4.2073,9.1994,4.0969,0.0000,4.0128,5.9399,5.9129,5.4698,5.8385,33.7136,1.0000
sub-009,ses-02,C3,19,8,0,0,10.5878,5.4642,18.7594,1.9582,0.0000,4.7028,6.9152,6.8640,6.4437,9.8420,30.8296,11.0000
sub-009,ses-02,C3,20,8,0,0,18.6440,8.1094,5.5929,6.1928,0.0000,5.1413,6.1925,6.1071,8.7471,5.8543,29.0552,3.0000
sub-009,ses-02,C3,21,4,2,0,8.3288,8.4307,8.1438,5.2619,0.0000,4.2862,5.6582,5.6203,6.7101,6.9135,24.2355,10.0000
sub-009,ses-02,C3,22,4,2,0,4.2588,8.1924,10.2650,4.7340,0.0000,4.0218,5.5294,5.4968,6.5844,5.8918,18.6870,12.0000
sub-009,ses-02,C3,23,8,0,0,9.7186,3.2756,9.7893,5.4056,0.0000,4.2090,5.8570,5.8051,5.9351,8.0997,33.4692,10.0000
sub-009,ses-02,C3,24,4,2,0,4.9359,5.3349,6.0769,5.0851,0.0000,3.3407,6.4840,6.4892,6.4633,7.4566,19.2574,10.0000
sub-009,ses-02,C3,25,4,2,0,6.4553,2.2374,9.4218,2.0504,0.0000,2.7432,7.7325,7.7944,10.4089,10.4863,28.4248,10.0000
sub-009,ses-02,C3,26,4,2,0,4.3481,5.3704,16.2394,5.0281,0.0000,4.6901,7.0749,7.0486,6.9994,8.2551,40.4343,9.0000
sub-009,ses-02,C3,27,4,2,2,3.5955,4.3245,11.1907,4.0597,0.0000,3.5256,5.4662,5.4593,6.2221,5.7692,20.6115,12.0000
sub-009,ses-02,C3,28,4,2,2,12.3179,13.5534,9.3563,4.5293,0.0000,5.0815,6.1081,6.0465,6.7230,6.5826,30.5812,22.0000
sub-009,ses-02,C3,29,4,2,2,7.4147,2.0256,13.1782,5.4814,0.0000,4.3742,6.1391,6.1137,4.9444,9.5589,26.8272,9.0000
sub-009,ses-02,C3,30,2,4,2,2.6842,3.4287,12.3340,5.4031,0.0000,3.9232,5.8753,5.8410,7.6050,8.5748,38.3350,10.0000
sub-009,ses-02,C3,31,4,2,2,11.1775,11.2533,19.1331,4.9299,0.0000,6.2467,7.6659,7.5901,7.8394,9.3950,46.9912,10.0000
sub-009,ses-02,CP3,0,4,2,0,7.8413,4.9230,10.7790,5.1423,0.0000,4.2461,6.0764,6.0482,7.8415,8.6565,21.2374,10.0000
sub-009,ses-02,CP3,1,8,0,0,4.3551,9.8997,10.7167,4.2161,0.0000,4.0960,5.2962,5.2650,5.8764,6.9471,20.4693,10.0000
sub-009,ses-02,CP3,2,8,0,0,6.0135,7.6666,13.1118,4.5183,0.0000,4.4681,6.6528,6.6329,7.3671,9.4088,18.6943,11.0000
sub-009,ses-02,CP3,3,8,0,0,6.7796,3.2782,6.0668,3.8000,0.0000,2.9310,6.4990,6.5265,6.7868,5.8288,18.8284,17.0000
sub-009,ses-02,CP3,4,8,0,0,3.4160,4.2790,9.3782,4.0780,0.0000,3.2573,6.3375,6.3466,5.7373,6.7966,24.1115,10.0000
sub-009,ses-02,CP3,5,8,0,0,5.5617,5.4649,5.6155,2.9134,0.0000,2.6901,5.5013,5.5155,10.4765,4.9271,18.7961,5.0000
sub-009,ses-02,CP3,6,8,0,0,7.7689,3.9914,16.1682,6.4958,0.0000,5.3138,6.0176,5.9480,4.4859,7.3524,53.4162,10.0000
sub-009,ses-02,CP3,7,8,0,0,8.7444,7.9605,8.2799,5.7904,0.0000,4.4599,5.9122,5.8661,5.7281,7.1667,24.2168,19.0000
sub-009,ses-02,CP3,8,8,0,0,6.1817,8.9408,5.4952,2.2665,0.0000,2.8587,5.5118,5.5282,5.0710,5.0047,19.8911,9.0000
sub-009,ses-02,CP3,9,8,0,0,6.1267,8.2407,6.3979,4.4267,0.0000,3.5675,5.7110,5.7026,5.6550,7.8379,15.0716,1.0000
sub-009,ses-02,CP3,10,8,0,0,5.9058,5.6646,14.3806,6.9348,0.0000,5.1795,6.1461,6.0781,6.8737,6.3598,36.3133,10.0000
sub-009,ses-02,CP3,11,8,0,0,16.0552,6.7848,13.2797,5.5860,0.0000,5.6664,6.0955,6.0133,12.6958,5.8117,28.2628,3.0000
sub-009,ses-02,CP3,12,8,0,0,3.7613,2.0492,6.9694,3.1248,0.0000,2.4577,5.8092,5.8360,10.6642,6.0200,19.5626,10.0000
sub-009,ses-02,CP3,13,4,2,0,8.5714,6.5159,2.4812,4.2671,0.0000,3.0397,5.8224,5.8296,6.8705,4.4396,15.8991,2.0000
sub-009,ses-02,CP3,14,4,2,0,5.4575,3.8832,14.1112,2.0844,0.0000,3.4681,6.0037,5.9849,11.4224,6.5354,50.4617,10.0000
sub-009,ses-02,CP3,15,4,2,0,5.5119,4.2506,8.2843,4.4688,0.0000,3.4151,5.4742,5.4551,3.6140,4.9588,17.1141,11.0000
sub-009,ses-02,CP3,16,4,2,0,5.2468,11.2255,15.9242,3.7913,0.0000,4.9005,7.6707,7.6113,5.6226,10.0824,32.6707,10.0000
sub-009,ses-02,CP3,17,8,0,0,4.0409,6.1660,10.3942,6.1371,0.0000,4.2552,5.7314,5.7000,8.6468,6.1423,20.9957,18.0000
sub-009,ses-02,CP3,18,8,0,0,3.6662,3.9161,10.3387,5.4855,0.0000,3.8063,5.7895,5.7768,6.4498,6.2265,18.2215,13.0000
sub-009,ses-02,CP3,19,8,0,0,5.2266,2.3493,17.9297,1.9770,0.0000,3.8043,7.0126,6.9993,5.8916,11.5528,29.8974,10.0000
sub-009,ses-02,CP3,20,8,0,0,11.8333,6.9706,3.6277,4.5735,0.0000,3.6380,5.6095,5.5954,9.9985,5.5468,29.0804,3.0000
sub-009,ses-02,CP3,21,4,2,0,6.9555,4.3920,7.9835,3.7805,0.0000,3.3125,5.3720,5.3623,6.2986,7.4220,25.5164,10.0000
sub-009,ses-02,CP3,22,4,2,0,3.4533,7.9071,10.6463,4.8824,0.0000,4.0184,5.5888,5.5464,5.7844,5.2403,21.7384,12.0000
sub-009,ses-02,CP3,23,8,0,0,5.2374,8.1647,12.2151,4.5385,0.0000,4.3233,5.8439,5.7916,5.0051,8.9258,40.8018,10.0000
sub-009,ses-02,CP3,24,4,2,0,4.2485,1.9667,6.0692,4.1424,0.0000,2.6774,6.6470,6.6748,6.5777,8.6834,17.4007,14.0000
sub-009,ses-02,CP3,25,4,2,0,5.1996,2.9869,7.7555,4.4698,0.0000,3.1950,7.4191,7.4595,10.7046,10.1247,29.9836,10.0000
sub-009,ses-02,CP3,26,4,2,0,7.5356,4.2034,13.5561,3.3839,0.0000,4.0066,6.5808,6.5700,6.8351,7.6831,35.3897,9.0000
sub-009,ses-02,CP3,27,4,2,2,2.8936,8.1029,10.1036,3.4569,0.0000,3.4778,5.2250,5.2114,6.7196,4.4671,17.6491,12.0000
sub-009,ses-02,CP3,28,4,2,2,8.9779,8.2035,6.6443,3.6230,0.0000,3.6207,5.9055,5.8874,6.2038,6.7198,22.5729,1.0000
sub-009,ses-02,CP3,29,4,2,2,4.2837,7.6943,9.9223,4.5909,0.0000,3.8867,6.1136,6.0939,3.1155,11.0031,18.5933,10.0000
sub-009,ses-02,CP3,30,2,4,2,4.6499,5.2935,10.2740,4.2129,0.0000,3.6322,5.2943,5.2630,5.8495,6.0913,30.3024,10.0000
sub-009,ses-02,CP3,31,4,2,2,16.4860,15.5701,13.4463,4.0131,0.0000,6.0715,8.4037,8.3504,13.8613,8.3115,38.1487,6.0000
sub-009,ses-02,O1,0,4,2,0,9.5246,5.6568,4.4137,2.8267,0.0000,2.8827,5.4863,5.4914,8.1097,4.3713,18.5712,1.0000
sub-009,ses-02,O1,1,8,0,0,1.7767,8.1405,6.5713,5.9895,0.0000,3.6502,5.3779,5.3589,9.9106,5.9884,26.1122,7.0000
sub-009,ses-02,O1,2,8,0,0,5.6507,5.0220,4.1366,3.2290,0.0000,2.5462,5.1348,5.1527,4.1472,4.2670,11.1483,10.0000
sub-009,ses-02,O1,3,8,0,0,6.1712,6.0808,5.9721,4.7019,0.0000,3.3945,5.0503,5.0415,6.6859,4.4221,28.9538,17.0000
sub-009,ses-02,O1,4,8,0,0,5.9986,5.0537,4.8358,4.2899,0.0000,2.9998,5.6062,5.6089,8.9288,6.4683,15.5311,21.0000
sub-009,ses-02,O1,5,8,0,0,1.7401,2.9315,5.8689,4.9295,0.0000,2.7438,5.6487,5.6650,5.4936,6.1549,17.0700,18.0000
sub-009,ses-02,O1,6,8,0,0,8.8416,6.6716,6.9856,5.5972,0.0000,4.1100,5.6920,5.6581,5.3109,5.4943,22.0550,17.0000
sub-009,ses-02,O1,7,8,0,0,5.5182,5.3078,7.7880,5.0127,0.0000,3.6092,5.1205,5.0860,5.5909,5.0706,16.9567,17.0000
sub-009,ses-02,O1,8,8,0,0,11.2938,12.2549,3.3073,3.8520,0.0000,3.8166,5.0445,5.0301,2.1173,4.5510,28.9405,4.0000
sub-009,ses-02,O1,9,8,0,0,5.2331,2.3523,9.9038,4.2699,0.0000,3.3785,5.4466,5.4277,6.3246,5.1672,18.8702,10.0000
sub-009,ses-02,O1,10,8,0,0,10.2750,5.1806,9.0697,3.0356,0.0000,3.6210,5.0889,5.0395,5.2534,4.4088,26.1675,1.0000
sub-009,ses-02,O1,11,8,0,0,11.6125,8.4626,4.6009,4.7752,0.0000,3.9531,5.5139,5.4887,8.7856,5.3650,15.8911,18.0000
sub-009,ses-02,O1,12,8,0,0,2.9535,2.1741,4.9953,2.2203,0.0000,1.8453,5.7012,5.7411,4.4602,6.0295,9.1648,11.0000
sub-009,ses-02,O1,13,4,2,0,9.4363,3.5939,6.9430,4.4783,0.0000,3.5348,4.9873,4.9693,5.2658,5.2934,18.9196,3.0000
sub-009,ses-02,O1,14,4,2,0,4.6914,5.0761,8.1485,2.5736,0.0000,2.8237,5.7918,5.8033,4.3526,6.4430,21.8581,9.0000
sub-009,ses-02,O1,15,4,2,0,1.2021,7.6619,7.5181,5.6947,0.0000,3.5953,5.5575,5.5428,6.2092,5.2415,25.2690,14.0000
sub-009,ses-02,O1,16,4,2,0,15.8036,2.3069,6.3494,2.4172,0.0000,3.3014,6.7696,6.7393,12.4653,5.6771,56.9381,1.0000
sub-009,ses-02,O1,17,8,0,0,9.3201,5.9268,11.4275,4.7208,0.0000,4.4401,5.6626,5.6010,3.0580,5.9244,24.1215,10.0000
sub-009,ses-02,O1,18,8,0,0,8.7674,9.9789,4.9304,3.0969,0.0000,3.3681,5.9240,5.8733,6.8742,5.9988,21.6581,1.0000
sub-009,ses-02,O1,19,8,0,0,2.0233,4.4902,8.1263,3.7763,0.0000,2.8815,5.6843,5.6959,3.5800,6.2454,17.1838,10.0000
sub-009,ses-02,O1,20,8,0,0,5.9007,1.4581,7.2939,2.5289,0.0000,2.4668,5.5192,5.5342,4.1692,5.8096,15.2395,9.0000
sub-009,ses-02,O1,21,4,2,0,7.1766,3.1516,4.6339,4.0623,0.0000,2.8355,5.3163,5.3192,8.2228,4.0818,18.4254,1.0000
sub-009,ses-02,O1,22,4,2,0,22.3714,15.7472,4.4382,4.3861,0.0000,5.4912,5.1580,5.0321,2.9492,4.7806,45.8970,1.0000
sub-009,ses-02,O1,23,8,0,0,6.9511,4.3377,6.3722,3.2652,0.0000,2.9264,5.7672,5.7471,4.0569,5.7741,17.5049,18.0000
sub-009,ses-02,O1,24,4,2,0,5.5347,1.2507,9.9037,4.5888,0.0000,3.4004,5.3289,5.3211,3.3679,5.1575,18.6230,11.0000
sub-009,ses-02,O1,25,4,2,0,10.8323,4.7946,11.6818,4.5260,0.0000,4.4520,6.6288,6.6312,7.4266,5.5453,33.3808,13.0000
sub-009,ses-02,O1,26,4,2,0,3.0701,5.2943,10.5330,6.0078,0.0000,4.0641,6.1248,6.0758,7.5959,5.8274,23.6313,9.0000
sub-009,ses-02,O1,27,4,2,2,11.4570,4.9630,7.3042,4.0134,0.0000,3.7600,5.6768,5.6453,6.7837,4.2961,31.8557,1.0000
sub-009,ses-02,O1,28,4,2,2,14.1021,6.8804,7.6760,4.0286,0.0000,4.2409,5.2422,5.1698,5.9393,4.3026,43.6263,1.0000
sub-009,ses-02,O1,29,4,2,2,5.7502,4.1396,9.6650,4.5769,0.0000,3.6523,5.3353,5.3092,4.5559,6.4257,19.2831,9.0000
sub-009,ses-02,O1,30,2,4,2,3.8632,3.8802,5.5314,6.6000,0.0000,3.4875,5.4532,5.4329,6.9111,5.9231,22.0216,22.0000
sub-009,ses-02,O1,31,4,2,2,6.5672,6.7156,11.7666,6.4246,0.0000,4.8198,6.6524,6.5828,5.1183,7.2930,40.2695,10.0000
sub-009,ses-02,Pz,0,4,2,0,6.3411,4.0021,16.0426,4.6959,0.0000,4.6204,6.4877,6.4438,7.7868,7.5480,44.3235,10.0000
sub-009,ses-02,Pz,1,8,0,0,9.2614,7.7567,16.7772,4.8897,0.0000,5.4024,7.0631,7.0044,2.8740,8.9545,40.6351,10.0000
sub-009,ses-02,Pz,2,8,0,0,17.1635,9.7901,16.4951,4.6667,0.0000,6.2198,6.6448,6.5372,5.3663,12.0691,34.4923,12.0000
sub-009,ses-02,Pz,3,8,0,0,11.3626,4.1995,17.7967,3.6663,0.0000,5.0393,6.6750,6.6293,7.1652,10.4317,35.2111,9.0000
sub-009,ses-02,Pz,4,8,0,0,8.7817,10.3620,18.5093,3.0676,0.0000,5.2909,7.5744,7.5415,4.0906,9.6810,57.4869,10.0000
sub-009,ses-02,Pz,5,8,0,0,14.1160,7.1352,11.4583,6.5320,0.0000,5.5505,7.0365,6.9597,9.5316,8.1882,34.9938,3.0000
sub-009,ses-02,Pz,6,8,0,0,5.7440,8.2020,13.1598,3.3438,0.0000,4.1445,6.3410,6.3208,6.1480,8.3492,58.5892,10.0000
sub-009,ses-02,Pz,7,8,0,0,7.5276,3.2979,13.4572,3.8975,0.0000,4.0631,6.2541,6.2429,4.0902,9.9159,28.2020,10.0000
sub-009,ses-02,Pz,8,8,0,0,3.9075,1.7781,3.4140,3.7542,0.0000,2.1402,5.3595,5.3937,5.4591,5.2442,18.1202,16.0000
sub-009,ses-02,Pz,9,8,0,0,6.9979,4.7018,16.2551,5.6349,0.0000,5.0601,7.5331,7.4963,8.5023,11.0054,61.7538,10.0000
sub-009,ses-02,Pz,10,8,0,0,12.0179,7.7215,12.3335,3.6159,0.0000,4.6504,6.0589,6.0129,7.6140,8.5304,35.7324,10.0000
sub-009,ses-02,Pz,11,8,0,0,4.1686,1.2062,8.0271,3.4496,0.0000,2.6630,5.6056,5.5929,7.0560,6.4613,20.0189,10.0000
sub-009,ses-02,Pz,12,8,0,0,5.1659,10.3032,19.2533,3.3250,0.0000,5.1307,6.9301,6.8794,4.8796,9.8519,39.8582,9.0000
sub-009,ses-02,Pz,13,4,2,0,3.6141,7.1792,9.1237,2.5308,0.0000,3.0422,6.1843,6.1981,11.2264,6.5173,20.6482,10.0000
sub-009,ses-02,Pz,14,4,2,0,5.8311,9.4418,18.9531,7.1057,0.0000,6.2136,7.9652,7.8604,8.1644,13.7657,55.1842,10.0000
sub-009,ses-02,Pz,15,4,2,0,5.1639,4.6155,9.9532,4.8370,0.0000,3.7609,5.7592,5.7363,6.4712,6.8219,27.0055,9.0000
sub-009,ses-02,Pz,16,4,2,0,5.0775,13.4910,21.2183,6.3622,0.0000,6.6115,8.2669,8.1988,5.9058,17.1106,40.4334,12.0000
sub-009,ses-02,Pz,17,8,0,0,6.5271,4.7823,8.0082,3.7601,0.0000,3.3062,5.2056,5.1829,8.0808,4.9493,14.6562,14.0000
sub-009,ses-02,Pz,18,8,0,0,9.9838,3.8638,14.3206,4.7618,0.0000,4.7260,6.2567,6.2043,4.9152,6.5516,28.2513,1.0000
sub-009,ses-02,Pz,19,8,0,0,22.3430,8.3961,23.6630,4.6462,0.0000,7.5659,8.5279,8.4034,8.1964,10.2801,52.7553,1.0000
sub-009,ses-02,Pz,20,8,0,0,9.3356,6.0941,10.3394,3.5914,0.0000,3.9638,6.6425,6.6384,5.6469,7.4689,23.5534,9.0000
sub-009,ses-02,Pz,21,4,2,0,7.9993,8.6337,13.2536,4.3935,0.0000,4.7249,6.9084,6.8788,9.0648,10.7673,39.8263,10.0000
sub-009,ses-02,Pz,22,4,2,0,3.4035,3.7657,13.3816,3.9213,0.0000,3.7196,6.4922,6.4874,3.1026,10.5367,30.3320,10.0000
sub-009,ses-02,Pz,23,8,0,0,8.7008,8.2836,11.6205,5.0605,0.0000,4.7313,6.1291,6.0918,6.5452,7.6635,35.4866,10.0000
sub-009,ses-02,Pz,24,4,2,0,7.9616,8.8340,14.1951,4.0853,0.0000,4.7782,6.9447,6.9162,8.5865,9.1146,30.6033,10.0000
sub-009,ses-02,Pz,25,4,2,0,12.0657,11.0922,14.6907,4.4775,0.0000,5.5578,6.4269,6.3475,6.2533,8.3791,32.7661,10.0000
sub-009,ses-02,Pz,26,4,2,0,4.6517,3.3810,14.1476,3.7048,0.0000,3.8414,8.3269,8.3602,11.7824,9.8634,34.6606,10.0000
sub-009,ses-02,Pz,27,4,2,2,10.2072,8.6598,6.1643,3.3107,0.0000,3.6161,5.9883,5.9708,6.4383,5.5522,21.9118,1.0000
sub-009,ses-02,Pz,28,4,2,2,11.6305,8.6040,12.4210,4.7580,0.0000,5.0539,7.5417,7.5151,7.4365,10.4756,25.3886,1.0000
sub-009,ses-02,Pz,29,4,2,2,6.9736,9.9659,15.3538,4.5618,0.0000,5.0973,7.0793,7.0218,6.9540,10.7636,47.1949,9.0000
sub-009,ses-02,Pz,30,2,4,2,4.5084,8.5009,18.2188,3.1609,0.0000,4.7080,6.9950,6.9678,11.1736,10.7592,47.4283,10.0000
sub-009,ses-02,Pz,31,4,2,2,3.2172,5.7608,18.9716,8.5885,0.0000,6.0789,8.4500,8.3936,13.3601,11.1154,63.2746,10.0000
sub-009,ses-02,Fp2,0,4,2,0,4.5701,2.3241,15.3942,4.9233,0.0000,4.2778,6.6891,6.6700,9.8033,5.5016,40.2005,9.0000
sub-009,ses-02,Fp2,1,8,0,0,5.5996,3.1834,7.0178,1.9325,0.0000,2.3805,5.3452,5.3577,4.3529,6.5537,19.5909,10.0000
sub-009,ses-02,Fp2,2,8,0,0,2.4771,11.3735,15.3186,5.0509,0.0000,4.9529,7.5539,7.5220,7.7722,10.8628,37.1934,11.0000
sub-009,ses-02,Fp2,3,8,0,0,15.2190,8.1640,7.3942,3.3388,0.0000,4.2163,6.0225,6.0044,5.7998,5.1967,30.8379,10.0000
sub-009,ses-02,Fp2,4,8,0,0,12.3453,9.7502,14.6817,4.8500,0.0000,5.5703,8.4391,8.3978,9.4530,13.5447,33.7918,10.0000
sub-009,ses-02,Fp2,5,8,0,0,8.6870,9.3598,7.1859,7.8894,0.0000,5.0666,5.9006,5.8300,7.4455,5.7113,28.8370,1.0000
sub-009,ses-02,Fp2,6,8,0,0,4.0529,3.1996,15.9720,4.4076,0.0000,4.2358,6.1253,6.0865,8.9571,6.2976,64.1576,10.0000
sub-009,ses-02,Fp2,7,8,0,0,15.3475,9.5429,14.5217,3.8369,0.0000,5.5017,6.3467,6.2399,5.5065,7.7913,37.3273,10.0000
sub-009,ses-02,Fp2,8,8,0,0,6.0046,7.6225,8.8619,2.4420,0.0000,3.2425,5.7698,5.7688,11.1425,4.0920,28.9589,8.0000
sub-009,ses-02,Fp2,9,8,0,0,4.1493,5.4546,15.0321,3.5925,0.0000,4.0770,6.5860,6.5428,5.2865,8.8506,50.4032,10.0000
sub-009,ses-02,Fp2,10,8,0,0,12.6071,4.4531,18.6296,4.0179,0.0000,5.4012,5.7526,5.6920,6.7071,6.7004,47.4185,10.0000
sub-009,ses-02,Fp2,11,8,0,0,8.9932,6.0886,14.3303,6.3418,0.0000,5.3198,5.6672,5.5990,9.6101,5.8058,23.2200,8.0000
sub-009,ses-02,Fp2,12,8,0,0,4.0957,3.8007,12.1793,7.2631,0.0000,4.6298,5.9914,5.9403,7.2866,7.8197,22.5301,21.0000
sub-009,ses-02,Fp2,13,4,2,0,3.0247,4.5897,3.9014,4.2126,0.0000,2.5263,6.4988,6.5355,7.4336,6.4860,13.7799,7.0000
sub-009,ses-02,Fp2,14,4,2,0,14.2497,5.3492,17.2532,7.3253,0.0000,6.4452,7.8455,7.7533,11.6523,8.2979,48.9541,10.0000
sub-009,ses-02,Fp2,15,4,2,0,14.0942,8.4241,6.7504,2.0872,0.0000,3.6677,5.8357,5.8170,4.3573,6.4044,44.5768,1.0000
sub-009,ses-02,Fp2,16,4,2,0,3.0422,5.9880,20.7486,4.5893,0.0000,5.1226,6.6178,6.5419,4.6532,12.0870,43.7115,10.0000
sub-009,ses-02,Fp2,17,8,0,0,20.6461,5.8599,2.7127,3.3917,0.0000,3.8696,5.6239,5.5764,6.0035,5.0873,53.7786,1.0000
sub-009,ses-02,Fp2,18,8,0,0,7.6082,4.1777,8.9373,2.3766,0.0000,3.0619,5.8051,5.8062,3.8673,5.6843,22.4341,1.0000
sub-009,ses-02,Fp2,19,8,0,0,9.2497,9.5311,16.0953,4.8344,0.0000,5.4545,6.5135,6.4609,6.8005,6.0481,30.7222,11.0000
sub-009,ses-02,Fp2,20,8,0,0,23.5635,11.4041,7.9253,5.1062,0.0000,5.9024,6.9769,6.8517,10.4792,4.9989,65.1597,1.0000
sub-009,ses-02,Fp2,21,4,2,0,9.4373,5.2115,9.2040,4.5432,0.0000,4.0205,6.7303,6.7154,8.9875,10.2477,23.0724,1.0000
sub-009,ses-02,Fp2,22,4,2,0,14.6991,2.7391,10.4580,3.2343,0.0000,4.0592,5.1671,5.0960,8.7514,5.5307,52.1216,1.0000
sub-009,ses-02,Fp2,23,8,0,0,8.5101,2.7309,7.7719,1.9117,0.0000,2.7081,6.1517,6.1770,4.0228,6.3972,33.1955,10.0000
sub-009,ses-02,Fp2,24,4,2,0,3.0897,5.2480,10.3762,6.5271,0.0000,4.1967,6.9045,6.8912,7.7234,7.0705,28.8703,10.0000
sub-009,ses-02,Fp2,25,4,2,0,11.2931,8.1955,14.5379,5.4665,0.0000,5.4941,6.7057,6.6343,13.7330,6.4400,28.6398,10.0000
sub-009,ses-02,Fp2,26,4,2,0,11.7962,10.7352,17.4616,4.5921,0.0000,5.9208,6.4607,6.3652,6.9552,6.0242,50.6547,9.0000
sub-009,ses-02,Fp2,27,4,2,2,8.4141,11.0887,3.4106,4.2688,0.0000,3.5807,5.5195,5.4967,5.2839,5.2454,31.3370,6.0000
sub-009,ses-02,Fp2,28,4,2,2,8.0019,9.9142,7.3611,3.9488,0.0000,3.8876,5.9430,5.9064,8.4715,6.3648,22.5431,19.0000
sub-009,ses-02,Fp2,29,4,2,2,4.2283,1.8327,17.6617,4.7883,0.0000,4.4759,6.5345,6.5018,6.3460,8.6732,49.3829,9.0000
sub-009,ses-02,Fp2,30,2,4,2,2.8335,3.4633,13.2079,4.7867,0.0000,3.8759,5.4239,5.3951,2.4605,6.7625,53.2757,10.0000
sub-009,ses-02,Fp2,31,4,2,2,12.6980,9.3910,15.2966,5.2942,0.0000,5.7898,6.4680,6.3788,4.9487,9.0128,53.2020,10.0000
sub-009,ses-02,Fz,0,4,2,0,6.3844,4.4515,13.8558,4.2414,0.0000,4.2237,5.7899,5.7482,8.8747,4.7829,38.2084,9.0000
sub-009,ses-02,Fz,1,8,0,0,6.4677,9.2584,9.2650,3.4765,0.0000,3.8067,5.7714,5.7496,6.9467,6.8232,26.4867,10.0000
sub-009,ses-02,Fz,2,8,0,0,4.9270,11.1875,13.0517,3.9152,0.0000,4.5038,7.7193,7.7101,8.7725,11.3650,30.7693,11.0000
sub-009,ses-02,Fz,3,8,0,0,11.6080,4.0547,6.9942,3.5621,0.0000,3.5099,5.6249,5.6168,6.9842,6.1829,25.8670,10.0000
sub-009,ses-02,Fz,4,8,0,0,10.7070,9.5361,17.1760,2.5205,0.0000,5.0417,7.9794,7.9315,10.1237,11.8979,43.0695,10.0000
sub-009,ses-02,Fz,5,8,0,0,6.1108,6.8998,10.6887,6.7522,0.0000,4.7431,5.6869,5.6110,8.4350,5.4001,24.4384,9.0000
sub-009,ses-02,Fz,6,8,0,0,6.4266,4.6599,19.1505,6.6529,0.0000,5.7148,6.4071,6.3172,9.2328,5.7860,62.9345,10.0000
sub-009,ses-02,Fz,7,8,0,0,9.4951,9.1405,11.9472,5.4792,0.0000,5.0571,6.4813,6.4360,5.4160,8.5859,32.5674,9.0000
sub-009,ses-02,Fz,8,8,0,0,5.9761,6.9968,9.4749,4.9087,0.0000,4.0129,6.5756,6.5701,10.4364,6.1587,18.9320,9.0000
sub-009,ses-02,Fz,9,8,0,0,12.0307,5.2188,12.3465,2.5484,0.0000,4.0978,6.9210,6.8858,6.0369,9.3115,47.3257,10.0000
sub-009,ses-02,Fz,10,8,0,0,4.4411,2.5372,16.6931,4.0079,0.0000,4.1901,5.9908,5.9589,8.6676,7.2128,52.3657,10.0000
sub-009,ses-02,Fz,11,8,0,0,6.6803,9.9144,11.1521,6.1567,0.0000,4.9611,6.1354,6.0997,6.2295,5.8063,21.9354,4.0000
sub-009,ses-02,Fz,12,8,0,0,3.9021,4.4899,9.7539,9.5391,0.0000,5.0256,5.7036,5.6258,6.5890,6.3692,26.9280,21.0000
sub-009,ses-02,Fz,13,4,2,0,3.5955,6.0889,4.2232,5.7417,0.0000,3.2260,6.8762,6.8938,9.2257,5.3663,22.8915,16.0000
sub-009,ses-02,Fz,14,4,2,0,11.4799,7.3142,20.5976,3.8154,0.0000,5.7759,6.3181,6.2103,9.5723,7.6366,64.5958,10.0000
sub-009,ses-02,Fz,15,4,2,0,3.5913,11.2325,6.9794,2.2389,0.0000,3.0297,5.8920,5.8932,6.1012,6.4898,23.9413,7.0000
sub-009,ses-02,Fz,16,4,2,0,3.1388,7.8384,21.0239,7.1017,0.0000,6.1017,7.3771,7.2884,7.7694,13.5819,42.7556,10.0000
sub-009,ses-02,Fz,17,8,0,0,1.1347,4.6997,5.9511,4.7398,0.0000,2.8061,5.5779,5.5904,6.8846,5.6335,13.9691,13.0000
sub-009,ses-02,Fz,18,8,0,0,5.4596,4.7392,10.4512,3.3551,0.0000,3.4214,5.8334,5.8344,5.8647,5.5458,20.6313,11.0000
sub-009,ses-02,Fz,19,8,0,0,9.2907,11.9575,18.6733,3.5831,0.0000,5.6654,6.1581,6.0690,4.2440,8.2029,39.4706,11.0000
sub-009,ses-02,Fz,20,8,0,0,15.8369,9.9530,5.0341,3.8028,0.0000,4.2512,7.6048,7.6017,11.9645,5.8442,26.2213,1.0000
sub-009,ses-02,Fz,21,4,2,0,5.2499,6.3078,8.9781,5.9470,0.0000,4.1258,6.6231,6.6005,7.0491,9.6907,28.7732,18.0000
sub-009,ses-02,Fz,22,4,2,0,6.6491,3.2079,12.0186,3.8228,0.0000,3.7497,6.2030,6.1875,9.6068,7.3127,23.9255,11.0000
sub-009,ses-02,Fz,23,8,0,0,5.5818,3.1530,6.7339,3.6615,0.0000,2.8591,6.5112,6.5406,4.5227,6.8053,26.6622,10.0000
sub-009,ses-02,Fz,24,4,2,0,2.0545,6.2867,9.3111,5.5803,0.0000,3.7622,6.8290,6.8287,8.0792,7.1306,26.0021,14.0000
sub-009,ses-02,Fz,25,4,2,0,5.5545,9.3235,14.1281,4.2686,0.0000,4.6459,7.9963,7.9854,13.4870,9.1121,27.1762,10.0000
sub-009,ses-02,Fz,26,4,2,0,5.8680,7.7851,16.4781,5.9807,0.0000,5.3774,6.6483,6.5725,6.7260,6.9762,47.3749,9.0000
sub-009,ses-02,Fz,27,4,2,2,2.8196,7.9176,9.9350,3.6450,0.0000,3.4871,5.5407,5.5060,5.4718,4.4766,19.0817,12.0000
sub-009,ses-02,Fz,28,4,2,2,12.2087,9.9774,14.2308,6.3375,0.0000,5.9655,6.9399,6.8461,7.2488,6.8188,25.3073,12.0000
sub-009,ses-02,Fz,29,4,2,2,5.4959,3.5038,17.4240,6.7009,0.0000,5.2943,5.9655,5.9076,6.6698,10.5636,47.7871,9.0000
sub-009,ses-02,Fz,30,2,4,2,4.3866,3.8237,12.2423,4.8279,0.0000,3.9316,6.1714,6.1532,5.6942,7.9269,48.7988,10.0000
sub-009,ses-02,Fz,31,4,2,2,15.9198,11.2619,15.7088,6.5318,0.0000,6.6952,7.5375,7.4372,6.2509,11.0381,57.5975,10.0000
sub-009,ses-02,FCz,0,4,2,0,3.2131,4.9315,15.1404,5.2732,0.0000,4.4645,5.6198,5.5704,8.6159,4.9780,36.0000,9.0000
sub-009,ses-02,FCz,1,8,0,0,9.2627,10.4801,9.4732,5.0305,0.0000,4.6792,6.1137,6.0663,7.0969,7.1200,28.4022,10.0000
sub-009,ses-02,FCz,2,8,0,0,5.0823,9.2993,13.4585,4.4706,0.0000,4.5673,6.9534,6.9230,7.4980,10.9119,34.6070,11.0000
sub-009,ses-02,FCz,3,8,0,0,11.9796,2.0688,4.4460,4.9895,0.0000,3.4357,5.5942,5.5800,6.5904,6.9421,23.0526,1.0000
sub-009,ses-02,FCz,4,8,0,0,6.7574,7.9622,18.1600,1.9372,0.0000,4.4889,7.4341,7.3999,8.7648,10.8420,48.0681,10.0000
sub-009,ses-02,FCz,5,8,0,0,3.8033,8.7688,7.7325,6.4145,0.0000,4.1877,5.7163,5.6713,6.4451,5.1054,23.0957,9.0000
sub-009,ses-02,FCz,6,8,0,0,6.1418,4.1648,18.9207,6.1668,0.0000,5.4632,6.4850,6.4072,9.1247,5.7977,59.9296,10.0000
sub-009,ses-02,FCz,7,8,0,0,8.6758,10.1035,11.4121,4.3359,0.0000,4.6501,6.2701,6.2272,6.1011,7.7342,30.1307,9.0000
sub-009,ses-02,FCz,8,8,0,0,11.0065,7.9699,6.4089,4.1374,0.0000,3.9103,6.3263,6.3222,11.5913,5.0585,17.6889,4.0000
sub-009,ses-02,FCz,9,8,0,0,6.6341,7.2549,9.3040,2.9649,0.0000,3.4866,6.3733,6.3731,5.0502,9.2133,38.9653,10.0000
sub-009,ses-02,FCz,10,8,0,0,3.6055,5.2968,16.5617,3.1673,0.0000,4.0966,5.8839,5.8571,9.0831,8.0052,50.6396,10.0000
sub-009,ses-02,FCz,11,8,0,0,8.5244,8.0282,9.8718,5.9614,0.0000,4.7195,5.4925,5.4605,6.9830,5.3584,21.5509,13.0000
sub-009,ses-02,FCz,12,8,0,0,7.2656,9.3855,11.1193,9.8755,0.0000,6.0861,5.5786,5.4646,8.6936,6.5160,31.4316,21.0000
sub-009,ses-02,FCz,13,4,2,0,2.5920,4.6824,4.0275,5.0084,0.0000,2.7528,6.8628,6.9023,7.9881,6.0812,16.1778,16.0000
sub-009,ses-02,FCz,14,4,2,0,5.9078,9.0991,22.7230,3.5432,0.0000,5.6378,6.7502,6.6629,9.7197,10.1260,67.3846,10.0000
sub-009,ses-02,FCz,15,4,2,0,5.0445,9.4636,7.2236,2.0668,0.0000,2.9824,5.8491,5.8506,6.8784,6.5919,23.4180,7.0000
sub-009,ses-02,FCz,16,4,2,0,8.9284,10.5912,21.4981,5.9931,0.0000,6.6274,7.6658,7.5666,8.6014,12.6780,47.3000,10.0000
sub-009,ses-02,FCz,17,8,0,0,5.2186,4.4581,7.5525,4.9605,0.0000,3.4537,5.9637,5.9582,6.2622,5.2719,18.5986,1.0000
sub-009,ses-02,FCz,18,8,0,0,7.8720,2.6911,11.4986,3.0473,0.0000,3.5083,5.8142,5.8101,6.2881,6.5372,24.6538,11.0000
sub-009,ses-02,FCz,19,8,0,0,8.8025,6.8582,19.2291,2.9513,0.0000,5.0322,6.1039,6.0209,5.8179,9.0787,35.6880,11.0000
sub-009,ses-02,FCz,20,8,0,0,9.3299,5.9524,4.3695,3.6610,0.0000,3.1381,6.3308,6.3494,11.1377,6.3034,22.9771,3.0000
sub-009,ses-02,FCz,21,4,2,0,5.2985,7.9396,9.0218,4.8880,0.0000,3.9681,6.2548,6.2371,7.3404,9.2794,20.7865,10.0000
sub-009,ses-02,FCz,22,4,2,0,11.5351,3.5738,9.6872,3.7025,0.0000,3.8765,6.4069,6.3522,8.6227,8.7504,34.6319,1.0000
sub-009,ses-02,FCz,23,8,0,0,3.4381,4.3147,6.9825,4.8001,0.0000,3.1467,7.0903,7.1174,4.2253,7.5902,25.9231,10.0000
sub-009,ses-02,FCz,24,4,2,0,8.1207,5.9662,6.7775,4.4285,0.0000,3.5950,6.0765,6.0568,6.8353,6.5848,20.1983,14.0000
sub-009,ses-02,FCz,25,4,2,0,2.8773,6.1330,11.1784,3.8821,0.0000,3.5716,6.9878,6.9906,11.4414,8.7177,20.5299,10.0000
sub-009,ses-02,FCz,26,4,2,0,5.6654,8.1293,15.3652,5.5514,0.0000,5.1056,7.0908,7.0403,6.0073,7.1733,42.6745,9.0000
sub-009,ses-02,FCz,27,4,2,2,5.1522,5.1435,9.6342,3.0862,0.0000,3.2351,5.1092,5.0910,5.2961,5.6328,18.2491,12.0000
sub-009,ses-02,FCz,28,4,2,2,7.9799,5.1901,11.7283,5.1378,0.0000,4.4149,6.5968,6.5543,6.2975,6.3519,21.9955,12.0000
sub-009,ses-02,FCz,29,4,2,2,8.3520,5.6390,15.3881,5.7225,0.0000,5.1787,6.0756,6.0297,6.0648,10.6934,37.3010,9.0000
sub-009,ses-02,FCz,30,2,4,2,3.4464,3.9189,11.3634,6.0425,0.0000,4.0975,6.7686,6.7578,6.5303,8.7626,43.1982,10.0000
sub-009,ses-02,FCz,31,4,2,2,12.4384,8.1646,14.6985,7.1136,0.0000,6.1182,7.8973,7.8122,7.2090,10.5990,55.5445,10.0000
sub-009,ses-02,Cz,0,4,2,0,10.1710,7.2074,13.9495,4.3693,0.0000,4.8840,5.5426,5.4779,9.0004,5.7623,31.5076,9.0000
sub-009,ses-02,Cz,1,8,0,0,6.5652,8.8714,8.8720,4.7901,0.0000,4.1221,6.2641,6.2454,8.1017,7.0584,27.4536,10.0000
sub-009,ses-02,Cz,2,8,0,0,4.4812,7.1332,13.0508,4.4941,0.0000,4.2601,7.4203,7.4086,6.5728,11.5561,34.0970,11.0000
sub-009,ses-02,Cz,3,8,0,0,6.0569,2.2977,4.7068,3.7608,0.0000,2.5709,5.7107,5.7253,9.0032,7.4455,16.2412,17.0000
sub-009,ses-02,Cz,4,8,0,0,4.7661,4.3890,18.9140,3.8897,0.0000,4.6668,7.4235,7.3926,6.9664,9.6112,44.5215,10.0000
sub-009,ses-02,Cz,5,8,0,0,3.1398,11.3604,7.7242,6.3076,0.0000,4.3336,5.7561,5.7053,7.8607,4.8822,26.5206,16.0000
sub-009,ses-02,Cz,6,8,0,0,8.6357,3.7205,15.8589,3.2195,0.0000,4.3356,5.9849,5.9451,8.2690,5.9658,58.3785,10.0000
sub-009,ses-02,Cz,7,8,0,0,6.9853,6.9036,10.1201,4.1011,0.0000,3.9440,6.3343,6.3175,5.6532,8.5249,24.1810,10.0000
sub-009,ses-02,Cz,8,8,0,0,12.9804,7.5555,6.2594,3.7016,0.0000,3.9028,5.9303,5.9206,8.9029,5.5641,22.4648,2.0000
sub-009,ses-02,Cz,9,8,0,0,8.4703,8.8594,9.1471,3.5700,0.0000,3.9677,6.6375,6.6238,7.7067,9.8128,38.1298,10.0000
sub-009,ses-02,Cz,10,8,0,0,9.0391,10.3271,14.5178,3.8332,0.0000,4.9861,5.9677,5.9057,7.3262,7.8679,49.2552,10.0000
sub-009,ses-02,Cz,11,8,0,0,7.8658,11.1433,10.6059,6.5513,0.0000,5.2288,5.3990,5.3432,5.8235,5.4523,23.3611,13.0000
sub-009,ses-02,Cz,12,8,0,0,10.8860,9.7247,13.2423,6.3009,0.0000,5.6700,6.0905,5.9975,5.6502,8.0036,32.5195,9.0000
sub-009,ses-02,Cz,13,4,2,0,6.7024,4.9655,3.1849,3.3777,0.0000,2.5510,6.1709,6.1986,8.1698,5.4897,10.3582,16.0000
sub-009,ses-02,Cz,14,4,2,0,8.2367,9.2393,20.9142,5.4023,0.0000,6.1772,6.8605,6.7402,7.5347,10.8710,63.2825,10.0000
sub-009,ses-02,Cz,15,4,2,0,1.6619,5.9439,9.9865,4.0676,0.0000,3.3307,6.0894,6.0876,8.0382,6.3692,17.2003,10.0000
sub-009,ses-02,Cz,16,4,2,0,8.6873,10.5190,21.4477,6.3758,0.0000,6.7069,7.9372,7.8367,6.8247,13.3846,42.4166,10.0000
sub-009,ses-02,Cz,17,8,0,0,8.9126,6.0205,4.7371,3.6155,0.0000,3.1432,5.4669,5.4685,6.4517,4.3180,31.6418,1.0000
sub-009,ses-02,Cz,18,8,0,0,6.6783,2.6738,11.7014,3.6520,0.0000,3.6068,6.2343,6.2319,3.3707,7.0615,24.1496,11.0000
sub-009,ses-02,Cz,19,8,0,0,6.6522,6.7605,18.9150,2.4533,0.0000,4.6287,6.6650,6.6281,6.8103,9.6247,35.6780,9.0000
sub-009,ses-02,Cz,20,8,0,0,17.3764,5.1617,4.1930,4.5270,0.0000,4.0503,6.5369,6.5130,11.2330,7.3662,38.1097,1.0000
sub-009,ses-02,Cz,21,4,2,0,9.2067,11.0339,9.9094,5.4435,0.0000,4.9113,6.6381,6.5935,6.1580,9.2331,28.5446,10.0000
sub-009,ses-02,Cz,22,4,2,0,15.5089,5.6424,11.2136,3.2915,0.0000,4.5273,6.7073,6.6317,10.3237,9.0957,52.0978,1.0000
sub-009,ses-02,Cz,23,8,0,0,3.4256,3.1424,8.7308,5.6084,0.0000,3.5248,6.5182,6.5268,5.1265,7.1559,27.6004,10.0000
sub-009,ses-02,Cz,24,4,2,0,10.2568,7.5641,7.6927,4.2294,0.0000,4.0098,6.2542,6.2161,7.2637,6.7287,21.5376,3.0000
sub-009,ses-02,Cz,25,4,2,0,3.0538,4.4622,10.9718,3.1700,0.0000,3.1885,6.7638,6.7767,11.0404,9.1614,19.7568,10.0000
sub-009,ses-02,Cz,26,4,2,0,7.6583,9.3758,15.4108,4.8575,0.0000,5.2034,7.5584,7.5214,7.5173,7.5852,36.8555,10.0000
sub-009,ses-02,Cz,27,4,2,2,3.0935,7.0369,7.3439,3.5276,0.0000,3.0336,4.9621,4.9596,5.8966,5.0680,14.1329,12.0000
sub-009,ses-02,Cz,28,4,2,2,9.0766,3.9073,12.3207,4.6928,0.0000,4.3457,6.2638,6.2117,6.6886,6.1281,17.1351,2.0000
sub-009,ses-02,Cz,29,4,2,2,4.9556,3.7720,12.1003,4.6932,0.0000,3.9192,5.9981,5.9853,6.6344,11.3351,32.2409,9.0000
sub-009,ses-02,Cz,30,2,4,2,3.2814,5.1412,11.6311,5.3184,0.0000,4.0143,6.3194,6.3035,7.7744,7.8708,42.1952,10.0000
sub-009,ses-02,Cz,31,4,2,2,12.8520,8.3393,17.6807,8.4705,0.0000,6.9992,8.2321,8.1343,6.6108,10.9328,56.8432,10.0000
sub-009,ses-02,C4,0,4,2,0,6.2558,5.0287,15.9147,3.2280,0.0000,4.2463,5.7759,5.7418,7.5458,5.7897,32.3806,9.0000
sub-009,ses-02,C4,1,8,0,0,4.8677,9.1903,8.5144,3.3981,0.0000,3.5231,5.8614,5.8493,9.2565,8.1776,24.3354,10.0000
sub-009,ses-02,C4,2,8,0,0,4.1357,9.8213,10.5013,4.0203,0.0000,3.9791,7.1024,7.0997,6.1586,9.9561,29.2354,11.0000
sub-009,ses-02,C4,3,8,0,0,8.8405,4.7595,3.7920,3.0599,0.0000,2.7193,5.4208,5.4440,8.4928,5.2191,15.7906,4.0000
sub-009,ses-02,C4,4,8,0,0,7.0527,5.4226,17.7851,1.7822,0.0000,4.1809,6.4273,6.3968,8.7426,8.5007,43.4667,10.0000
sub-009,ses-02,C4,5,8,0,0,4.4644,5.4342,10.2269,6.0715,0.0000,4.1834,6.0979,6.0660,9.4416,5.6181,26.4184,14.0000
sub-009,ses-02,C4,6,8,0,0,10.9507,2.3071,15.8463,4.5743,0.0000,4.8273,6.0308,5.9683,7.8722,7.0606,56.9444,10.0000
sub-009,ses-02,C4,7,8,0,0,8.4481,8.0017,8.1688,4.7908,0.0000,4.1184,5.5976,5.5747,3.6742,6.9750,30.5781,10.0000
sub-009,ses-02,C4,8,8,0,0,6.2014,6.7748,4.4015,5.8460,0.0000,3.5887,5.9926,5.9815,10.6226,6.0164,24.0999,22.0000
sub-009,ses-02,C4,9,8,0,0,3.2533,5.8362,11.8282,4.3082,0.0000,3.7985,6.4375,6.4246,6.1760,8.7824,34.0179,10.0000
sub-009,ses-02,C4,10,8,0,0,6.3679,10.0037,8.2828,3.6194,0.0000,3.7729,6.3735,6.3645,6.5430,7.7123,32.8783,10.0000
sub-009,ses-02,C4,11,8,0,0,6.4690,4.7393,7.5804,7.4882,0.0000,4.3642,6.1908,6.1575,8.5393,6.5211,20.0843,16.0000
sub-009,ses-02,C4,12,8,0,0,5.6912,3.1957,11.7976,6.5683,0.0000,4.4586,5.3666,5.3155,4.5949,6.0021,25.4579,9.0000
sub-009,ses-02,C4,13,4,2,0,1.9400,4.2236,6.8502,3.1973,0.0000,2.4958,6.3548,6.3899,7.9831,5.9450,12.2989,10.0000
sub-009,ses-02,C4,14,4,2,0,3.9381,6.5121,17.6262,4.4164,0.0000,4.7668,6.8223,6.7843,9.1689,9.3066,47.7291,10.0000
sub-009,ses-02,C4,15,4,2,0,2.1378,6.2934,10.6591,2.2742,0.0000,2.9592,6.0292,6.0433,5.2646,5.6600,19.9351,8.0000
sub-009,ses-02,C4,16,4,2,0,7.2654,5.1311,15.5274,3.2493,0.0000,4.3021,6.6026,6.5743,5.0089,12.0010,34.6548,12.0000
sub-009,ses-02,C4,17,8,0,0,4.5629,6.4910,7.0940,3.7008,0.0000,3.1370,6.0414,6.0379,8.2451,6.5137,17.6257,5.0000
sub-009,ses-02,C4,18,8,0,0,7.3191,6.3623,9.0987,5.1293,0.0000,4.0930,5.9305,5.9158,4.2790,5.7395,23.9458,21.0000
sub-009,ses-02,C4,19,8,0,0,9.8898,6.7017,12.4495,5.6310,0.0000,4.9829,6.5581,6.5066,6.8569,8.4569,21.3485,11.0000
sub-009,ses-02,C4,20,8,0,0,15.1153,9.4391,6.1613,3.8116,0.0000,4.2962,6.7377,6.7012,11.8598,6.2717,38.8534,1.0000
sub-009,ses-02,C4,21,4,2,0,3.9675,5.4638,8.0201,4.8827,0.0000,3.4726,6.1276,6.1182,7.3964,8.5043,31.2226,10.0000
sub-009,ses-02,C4,22,4,2,0,9.4394,4.9606,13.0718,4.1037,0.0000,4.4041,6.2501,6.2117,6.2329,8.1574,32.6556,12.0000
sub-009,ses-02,C4,23,8,0,0,3.7075,4.9368,7.6957,3.3980,0.0000,2.9053,5.3741,5.3839,4.4119,5.6713,24.8120,10.0000
sub-009,ses-02,C4,24,4,2,0,5.1632,6.6217,9.1070,6.1498,0.0000,4.2263,6.0482,5.9968,6.5320,6.9338,31.3013,14.0000
sub-009,ses-02,C4,25,4,2,0,9.6012,11.7281,6.6371,4.7969,0.0000,4.3605,6.4349,6.4029,9.4478,6.7200,24.6695,3.0000
sub-009,ses-02,C4,26,4,2,0,8.4796,11.5371,13.4396,4.2272,0.0000,5.0153,6.7539,6.7036,7.8981,6.8986,40.0062,9.0000
sub-009,ses-02,C4,27,4,2,2,6.1244,9.8629,6.0419,3.5218,0.0000,3.3950,5.6286,5.6158,6.8761,5.2249,20.9811,7.0000
sub-009,ses-02,C4,28,4,2,2,7.3551,2.8054,9.0561,5.8686,0.0000,3.9830,6.1759,6.1284,6.0477,6.8592,19.6763,2.0000
sub-009,ses-02,C4,29,4,2,2,4.8319,3.8335,10.8508,4.9685,0.0000,3.8223,6.8053,6.8071,7.7242,12.4367,40.5439,9.0000
sub-009,ses-02,C4,30,2,4,2,5.6931,3.5552,6.6706,4.9776,0.0000,3.2959,6.2645,6.2689,8.3315,6.5922,22.2119,10.0000
sub-009,ses-02,C4,31,4,2,2,6.5161,6.0448,12.6513,3.9944,0.0000,4.1414,5.9663,5.9176,6.0213,7.0572,45.9054,10.0000
sub-009,ses-02,CP4,0,4,2,0,7.4148,2.0370,12.8536,3.4226,0.0000,3.7075,6.1603,6.1470,6.9297,6.5929,21.4003,11.0000
sub-009,ses-02,CP4,1,8,0,0,2.3576,6.6736,9.8353,4.6385,0.0000,3.6148,6.0081,5.9953,7.7799,8.0678,24.4113,10.0000
sub-009,ses-02,CP4,2,8,0,0,3.2830,8.9900,12.8242,4.7676,0.0000,4.3725,6.9702,6.9563,7.1678,9.7813,23.6958,6.0000
sub-009,ses-02,CP4,3,8,0,0,8.5925,1.8743,5.9347,5.1636,0.0000,3.3628,5.6848,5.6657,6.4770,5.6867,27.2264,1.0000
sub-009,ses-02,CP4,4,8,0,0,12.1269,5.2244,19.4523,3.2842,0.0000,5.3213,6.3781,6.2942,6.6345,8.5776,51.2933,10.0000
sub-009,ses-02,CP4,5,8,0,0,6.1619,7.2557,10.1167,7.7301,0.0000,4.9968,6.4108,6.3587,7.1418,5.8718,21.8431,14.0000
sub-009,ses-02,CP4,6,8,0,0,5.6153,1.2989,12.7463,3.1782,0.0000,3.3826,5.8016,5.7901,7.1567,6.6515,50.8469,10.0000
sub-009,ses-02,CP4,7,8,0,0,5.0806,3.3740,7.7184,3.4913,0.0000,2.9190,6.2110,6.2371,5.1977,7.6425,30.6782,10.0000
sub-009,ses-02,CP4,8,8,0,0,5.2878,4.8627,2.2679,3.2233,0.0000,2.2352,5.1991,5.2206,7.0388,5.5559,18.4650,16.0000
sub-009,ses-02,CP4,9,8,0,0,9.6012,7.4004,10.1437,2.4108,0.0000,3.7258,6.8922,6.8709,11.3047,10.2959,30.9632,10.0000
sub-009,ses-02,CP4,10,8,0,0,4.9135,6.0006,8.3264,3.3156,0.0000,3.1795,5.7028,5.6871,5.4572,6.1390,32.7488,10.0000
sub-009,ses-02,CP4,11,8,0,0,10.3801,3.3376,7.0298,5.4722,0.0000,3.9114,5.6390,5.6028,6.1163,6.0131,26.3786,1.0000
sub-009,ses-02,CP4,12,8,0,0,1.4698,4.4433,8.7360,4.3488,0.0000,3.0838,5.5077,5.5051,6.4302,4.8727,24.5467,9.0000
sub-009,ses-02,CP4,13,4,2,0,2.7561,6.6162,10.5750,4.5642,0.0000,3.7273,6.5699,6.5616,10.0989,7.2137,23.8171,8.0000
sub-009,ses-02,CP4,14,4,2,0,6.3446,5.6714,13.3253,4.0580,0.0000,4.2039,6.4952,6.4751,12.9004,8.3599,43.6727,10.0000
sub-009,ses-02,CP4,15,4,2,0,2.6972,6.1665,11.0444,4.1830,0.0000,3.6303,5.5216,5.4802,4.9601,6.2946,25.8700,8.0000
sub-009,ses-02,CP4,16,4,2,0,2.9343,2.8012,11.7202,3.9218,0.0000,3.3546,5.7736,5.7655,7.1614,8.3910,29.8130,12.0000
sub-009,ses-02,CP4,17,8,0,0,5.2798,5.6246,7.6466,3.5239,0.0000,3.1467,5.5929,5.5720,7.0021,6.1462,12.7325,12.0000
sub-009,ses-02,CP4,18,8,0,0,7.7715,11.0084,8.5746,3.6370,0.0000,4.0430,5.7096,5.6912,4.7359,6.3863,18.1305,11.0000
sub-009,ses-02,CP4,19,8,0,0,12.9798,10.2737,16.8305,7.5875,0.0000,6.8055,7.7301,7.6345,9.7033,10.2399,35.4428,10.0000
sub-009,ses-02,CP4,20,8,0,0,14.6252,6.4407,7.7394,3.7387,0.0000,4.1698,7.2596,7.2102,11.3846,6.1844,48.2446,1.0000
sub-009,ses-02,CP4,21,4,2,0,3.8572,1.7426,7.1648,5.1255,0.0000,3.0702,6.1946,6.2058,7.2312,10.5713,38.8602,10.0000
sub-009,ses-02,CP4,22,4,2,0,4.5351,5.0482,13.2817,4.1137,0.0000,3.9884,6.4132,6.3925,5.8967,9.2909,44.3267,12.0000
sub-009,ses-02,CP4,23,8,0,0,4.9081,9.3777,9.1177,3.2753,0.0000,3.5914,5.6900,5.6578,7.3501,6.5952,23.1940,7.0000
sub-009,ses-02,CP4,24,4,2,0,3.7870,11.0822,12.9989,4.5652,0.0000,4.5772,5.8231,5.7758,6.5698,5.4069,24.6772,9.0000
sub-009,ses-02,CP4,25,4,2,0,14.1101,7.2224,5.0891,3.3640,0.0000,3.7116,5.8320,5.8138,7.8905,6.9734,36.7231,3.0000
sub-009,ses-02,CP4,26,4,2,0,1.8187,5.3288,11.1401,4.6107,0.0000,3.6132,7.2450,7.2524,6.8897,9.8131,26.2585,9.0000
sub-009,ses-02,CP4,27,4,2,2,4.4247,5.9232,4.4298,3.9159,0.0000,2.7646,5.3085,5.3150,4.9463,5.9292,11.7031,6.0000
sub-009,ses-02,CP4,28,4,2,2,6.5035,2.7834,7.6480,6.7383,0.0000,3.9682,6.3314,6.2926,7.5370,8.2151,33.3947,17.0000
sub-009,ses-02,CP4,29,4,2,2,4.5981,4.6150,9.8781,6.2683,0.0000,4.1304,6.8222,6.8119,6.8574,11.3619,36.3688,9.0000
sub-009,ses-02,CP4,30,2,4,2,11.0647,3.5204,6.8657,5.9098,0.0000,4.1015,6.7277,6.7088,10.5377,8.2984,22.7900,2.0000
sub-009,ses-02,CP4,31,4,2,2,5.3655,4.0034,11.5086,4.7283,0.0000,3.9069,5.8101,5.7811,5.2220,7.2183,35.9675,10.0000
sub-009,ses-02,O2,0,4,2,0,4.3724,13.7683,11.4213,3.9145,0.0000,4.4646,5.9588,5.9202,7.6367,6.9365,23.0276,10.0000
sub-009,ses-02,O2,1,8,0,0,2.6144,2.2926,9.0292,3.0409,0.0000,2.6357,6.2376,6.2696,4.8983,8.1692,14.8616,11.0000
sub-009,ses-02,O2,2,8,0,0,5.3788,3.0844,13.3886,3.6568,0.0000,3.7610,6.6138,6.6215,5.0570,6.8257,36.4022,10.0000
sub-009,ses-02,O2,3,8,0,0,5.3310,4.2570,8.3066,1.9407,0.0000,2.6377,5.4221,5.4417,5.0317,5.4040,23.1985,11.0000
sub-009,ses-02,O2,4,8,0,0,9.1546,9.2792,8.8329,4.5371,0.0000,4.3189,7.0356,7.0139,12.0542,7.5499,25.4587,10.0000
sub-009,ses-02,O2,5,8,0,0,12.2876,6.8192,9.2789,3.2989,0.0000,4.0694,5.9954,5.9648,7.3359,6.2519,27.0513,9.0000
sub-009,ses-02,O2,6,8,0,0,5.2690,3.9191,15.4731,4.2929,0.0000,4.3116,6.1948,6.1461,6.9273,8.5088,40.8505,10.0000
sub-009,ses-02,O2,7,8,0,0,12.7962,5.4358,6.8097,4.7577,0.0000,4.0846,6.7001,6.6615,8.6546,7.4187,28.9032,1.0000
sub-009,ses-02,O2,8,8,0,0,5.0185,3.8454,8.5421,4.7811,0.0000,3.4619,5.3185,5.2968,4.0011,5.6949,22.8857,12.0000
sub-009,ses-02,O2,9,8,0,0,5.5647,8.7475,8.8227,6.6120,0.0000,4.5614,6.2866,6.2424,7.2689,6.7337,24.3337,11.0000
sub-009,ses-02,O2,10,8,0,0,10.7716,6.5313,10.7521,3.2099,0.0000,4.0803,6.3155,6.2933,11.0556,6.4364,37.7382,11.0000
sub-009,ses-02,O2,11,8,0,0,11.2035,6.7236,2.8796,6.0255,0.0000,3.8911,6.3448,6.2816,4.9698,5.4344,25.7029,1.0000
sub-009,ses-02,O2,12,8,0,0,4.3608,1.4835,6.8403,3.4635,0.0000,2.5452,5.1093,5.1026,5.2543,6.0832,16.7286,12.0000
sub-009,ses-02,O2,13,4,2,0,5.5135,10.2140,7.8357,3.7221,0.0000,3.6817,5.8724,5.8460,8.9243,5.7361,25.6610,5.0000
sub-009,ses-02,O2,14,4,2,0,3.1814,6.7543,9.7101,2.8875,0.0000,3.1521,7.5150,7.5437,9.4471,9.5192,35.7443,10.0000
sub-009,ses-02,O2,15,4,2,0,3.5737,4.3219,6.5427,4.9584,0.0000,3.1465,5.9606,5.9600,7.5263,6.6335,20.8928,14.0000
sub-009,ses-02,O2,16,4,2,0,7.3024,2.0417,6.2228,3.1601,0.0000,2.6929,5.9694,5.9921,5.9503,7.7646,21.6683,10.0000
sub-009,ses-02,O2,17,8,0,0,6.5873,4.9379,6.5445,6.4483,0.0000,3.9348,5.3715,5.3323,4.2535,6.7916,39.7108,15.0000
sub-009,ses-02,O2,18,8,0,0,21.5036,8.6287,8.4920,5.1459,0.0000,5.5437,6.1385,6.0085,5.2902,4.9026,64.9879,1.0000
sub-009,ses-02,O2,19,8,0,0,4.6017,9.9741,14.9907,6.3391,0.0000,5.3641,7.2864,7.2273,3.4481,10.7640,43.8082,10.0000
sub-009,ses-02,O2,20,8,0,0,7.8572,5.6809,6.6613,4.7381,0.0000,3.6213,6.4567,6.4589,7.5157,7.4682,18.5261,22.0000
sub-009,ses-02,O2,21,4,2,0,5.5452,4.0228,6.8437,2.3111,0.0000,2.5437,6.4047,6.4532,9.3991,7.8159,11.3228,13.0000
sub-009,ses-02,O2,22,4,2,0,6.3399,5.7182,8.9488,3.7096,0.0000,3.4919,5.7058,5.6848,4.6057,6.6945,22.5527,12.0000
sub-009,ses-02,O2,23,8,0,0,11.5424,5.6926,12.0212,5.0217,0.0000,4.7988,5.5482,5.4888,7.1621,5.7642,20.8396,9.0000
sub-009,ses-02,O2,24,4,2,0,14.4790,3.3557,5.9395,4.4579,0.0000,3.8356,5.9847,5.9687,7.0036,6.4250,23.8062,2.0000
sub-009,ses-02,O2,25,4,2,0,4.9435,8.9201,11.7922,6.5777,0.0000,4.9237,6.0585,5.9895,6.3321,5.5432,25.8956,11.0000
sub-009,ses-02,O2,26,4,2,0,8.1455,5.7711,8.6141,4.6076,0.0000,3.8895,5.6393,5.5870,4.7769,6.6197,19.1499,9.0000
sub-009,ses-02,O2,27,4,2,2,19.2378,4.7437,8.7214,2.7921,0.0000,4.2919,5.6429,5.5805,9.8892,5.9704,54.1577,1.0000
sub-009,ses-02,O2,28,4,2,2,6.9249,3.7834,11.8180,4.7964,0.0000,4.0952,5.7397,5.7078,5.6874,6.6603,29.8956,10.0000
sub-009,ses-02,O2,29,4,2,2,6.4099,4.1695,8.9442,3.9073,0.0000,3.4134,5.7419,5.7405,4.4087,7.7789,29.3522,9.0000
sub-009,ses-02,O2,30,2,4,2,16.9823,2.2029,10.1966,4.2455,0.0000,4.4910,5.7150,5.6452,7.0410,5.8389,58.3281,1.0000
sub-009,ses-02,O2,31,4,2,2,3.3978,6.2196,11.7296,5.7221,0.0000,4.2613,7.2221,7.2108,7.5344,8.8568,30.1620,10.0000
sub-010,ses-01,Fp1,0,4,2,0,7.2456,4.8183,12.3439,6.2807,0.0000,4.7435,6.4724,6.4282,8.6471,8.1866,34.0650,10.0000
sub-010,ses-01,Fp1,1,4,2,0,10.2843,6.6512,14.6072,6.0694,0.0000,5.4486,5.8236,5.7406,8.1302,5.4414,28.1235,11.0000
sub-010,ses-01,Fp1,2,4,2,0,13.2177,4.2449,12.8725,4.1623,0.0000,4.6790,6.0974,6.0399,6.7725,5.0374,25.4567,1.0000
sub-010,ses-01,Fp1,3,4,4,0,12.3866,3.0856,9.7192,6.3771,0.0000,4.7234,5.2672,5.1538,5.8051,7.3174,28.3887,1.0000
sub-010,ses-01,Fp1,4,4,4,0,13.1939,7.2721,21.1131,5.3363,0.0000,6.4631,5.9447,5.8279,7.5954,7.6270,56.0011,12.0000
sub-010,ses-01,Fp1,5,2,4,0,7.0277,3.6482,13.4683,3.5122,0.0000,3.9342,5.6707,5.6403,11.7082,6.7257,26.4019,12.0000
sub-010,ses-01,Fp1,6,4,2,0,21.6799,5.5398,9.1142,4.3023,0.0000,5.1045,5.4569,5.3262,5.3947,6.7582,61.1944,1.0000
sub-010,ses-01,Fp1,7,4,2,0,23.1905,3.1773,16.7125,4.1291,0.0000,6.0331,6.2229,6.1010,4.3050,6.5969,65.4762,1.0000
sub-010,ses-01,Fp1,8,4,2,0,18.1185,2.6998,13.6533,6.2495,0.0000,5.7311,6.1441,6.0191,4.9784,6.8454,64.1255,1.0000
sub-010,ses-01,Fp1,9,4,4,0,17.0714,9.0227,11.1336,5.7065,0.0000,5.7061,5.9540,5.8443,6.7586,6.4799,46.1089,1.0000
sub-010,ses-01,Fp1,10,4,4,0,6.4467,3.3276,16.1931,3.2857,0.0000,4.1621,6.4987,6.4831,7.8725,7.2525,39.1308,11.0000
sub-010,ses-01,Fp1,11,4,4,0,3.0954,4.9534,11.7450,8.9671,0.0000,5.0985,6.0692,5.9908,3.9128,7.4599,31.8880,13.0000
sub-010,ses-01,Fp1,12,8,2,0,6.1930,3.1600,14.3794,5.4993,0.0000,4.5391,5.4110,5.3510,6.5240,7.4306,28.9978,9.0000
sub-010,ses-01,Fp1,13,2,4,2,22.0420,6.4749,16.2263,4.8069,0.0000,6.3701,6.5888,6.4596,5.0540,7.8277,53.7623,1.0000
sub-010,ses-01,Fp1,14,4,2,2,11.4909,8.3963,21.1871,6.4558,0.0000,6.7581,5.7496,5.6454,5.4981,8.4414,62.4719,12.0000
sub-010,ses-01,Fp1,15,2,4,2,20.9372,3.6685,5.3070,4.6501,0.0000,4.4353,6.2309,6.1735,4.3096,5.0316,56.9084,1.0000
sub-010,ses-01,Fp1,16,4,4,0,23.3647,12.1799,12.1655,3.1961,0.0000,5.9703,6.7812,6.6941,9.3512,6.9198,46.8258,1.0000
sub-010,ses-01,Fp1,17,4,0,0,7.6513,6.8605,10.9524,6.5844,0.0000,4.8688,6.3083,6.2586,4.4311,6.9242,18.0536,13.0000
sub-010,ses-01,Fp1,18,2,4,0,18.3156,5.2792,16.8418,4.1246,0.0000,5.7919,6.1630,6.0641,6.1645,7.4609,58.3485,1.0000
sub-010,ses-01,Fp1,19,2,4,0,17.5704,4.2596,4.1395,5.1026,0.0000,4.1509,5.3604,5.2918,4.2283,5.5876,49.9317,1.0000
sub-010,ses-01,Fp1,20,4,2,0,27.7178,13.1364,8.4937,4.6631,0.0000,6.3953,6.2972,6.1852,4.4857,7.5858,47.9310,1.0000
sub-010,ses-01,Fp1,21,2,4,2,5.3520,6.6517,18.4583,4.4534,0.0000,5.0386,5.1073,5.0346,10.4364,5.2366,33.7429,10.0000
sub-010,ses-01,Fp1,22,4,2,0,12.0111,5.0522,13.3947,4.6540,0.0000,4.8634,5.6682,5.5991,7.1714,5.6517,22.6978,12.0000
sub-010,ses-01,C3,0,4,2,0,2.3353,4.6081,11.5033,6.0865,0.0000,4.0911,6.1716,6.1424,11.9048,5.6542,26.5687,12.0000
sub-010,ses-01,C3,1,4,2,0,7.0591,4.9742,15.9927,3.8930,0.0000,4.5279,6.1122,6.0658,7.2827,6.7012,51.8628,12.0000
sub-010,ses-01,C3,2,4,2,0,8.8740,7.8245,13.8433,5.6845,0.0000,5.2035,5.6483,5.5634,5.2173,4.2604,33.0748,16.0000
sub-010,ses-01,C3,3,4,4,0,6.5979,7.8206,16.4449,6.0255,0.0000,5.4576,6.2623,6.1965,4.1726,7.4775,33.3407,12.0000
sub-010,ses-01,C3,4,4,4,0,4.5438,5.2896,16.3145,6.0691,0.0000,5.0260,6.3480,6.2943,6.1875,4.7271,33.4027,10.0000
sub-010,ses-01,C3,5,2,4,0,11.7247,9.0236,13.6522,4.7011,0.0000,5.2563,5.8305,5.7632,3.7399,5.9773,25.1427,3.0000
sub-010,ses-01,C3,6,4,2,0,8.9069,6.1053,7.9321,3.1952,0.0000,3.4693,6.3685,6.3645,3.0133,7.9040,27.2689,1.0000
sub-010,ses-01,C3,7,4,2,0,5.4329,4.0159,18.0046,5.6958,0.0000,5.1132,5.7331,5.6684,3.3905,6.6901,46.1784,12.0000
sub-010,ses-01,C3,8,4,2,0,6.8272,7.2412,12.2967,6.9336,0.0000,5.1207,6.5029,6.4578,7.7228,6.4399,23.2703,19.0000
sub-010,ses-01,C3,9,4,4,0,15.7184,3.1564,11.4739,4.2554,0.0000,4.6433,5.8834,5.8477,7.4568,7.6384,39.1565,1.0000
sub-010,ses-01,C3,10,4,4,0,6.4793,7.7868,8.8419,4.6217,0.0000,3.9581,5.8989,5.8722,7.3339,6.9748,18.3910,6.0000
sub-010,ses-01,C3,11,4,4,0,2.5857,5.1646,11.5473,5.5089,0.0000,3.9977,5.9220,5.8956,5.3609,5.9177,27.1422,13.0000
sub-010,ses-01,C3,12,8,2,0,6.5210,3.0878,14.1984,5.1540,0.0000,4.4332,5.6120,5.5524,4.1228,5.7080,28.7206,14.0000
sub-010,ses-01,C3,13,2,4,2,15.7542,17.6506,18.2837,6.4431,0.0000,7.6066,6.4018,6.3159,5.8077,6.1941,50.5916,4.0000
sub-010,ses-01,C3,14,4,2,2,4.6825,3.1904,19.0404,5.7143,0.0000,5.1167,6.0647,6.0167,5.1650,7.3471,48.1768,12.0000
sub-010,ses-01,C3,15,2,4,2,10.9992,3.7832,10.5277,4.8718,0.0000,4.3170,6.1268,6.0893,4.6307,5.2092,24.5550,1.0000
sub-010,ses-01,C3,16,4,4,0,6.0668,9.4452,11.9233,5.1249,0.0000,4.6561,5.5891,5.5346,3.7937,6.5844,40.2061,12.0000
sub-010,ses-01,C3,17,4,0,0,4.9378,6.6171,14.2894,4.8907,0.0000,4.5473,5.5081,5.4659,4.9275,6.9085,24.3004,9.0000
sub-010,ses-01,C3,18,2,4,0,0.8865,4.2833,15.9521,6.1257,0.0000,4.5587,6.8732,6.8346,7.8883,8.9385,36.3192,12.0000
sub-010,ses-01,C3,19,2,4,0,9.4650,5.0748,6.4280,4.5635,0.0000,3.6292,5.6032,5.5753,5.6782,5.1351,24.3111,15.0000
sub-010,ses-01,C3,20,4,2,0,7.8038,8.1588,13.3368,6.7019,0.0000,5.3720,6.2763,6.2218,5.2764,8.8018,23.3818,10.0000
sub-010,ses-01,C3,21,2,4,2,5.5855,8.0029,18.6745,5.7259,0.0000,5.6008,5.7783,5.7016,5.6236,6.3248,33.7842,12.0000
sub-010,ses-01,C3,22,4,2,0,9.7919,2.6610,15.0066,3.9983,0.0000,4.4611,6.3682,6.3128,6.0680,6.0482,38.4818,12.0000
sub-010,ses-01,CP3,0,4,2,0,2.8585,5.0810,11.1393,4.8777,0.0000,3.7675,5.9743,5.9516,6.5502,6.2288,28.7744,12.0000
sub-010,ses-01,CP3,1,4,2,0,3.8829,2.0246,21.2387,5.5447,0.0000,5.1894,5.7041,5.6360,6.1392,6.2685,58.1820,12.0000
sub-010,ses-01,CP3,2,4,2,0,1.8148,7.5081,11.1708,4.9932,0.0000,3.9355,5.4567,5.4225,3.4499,6.1226,20.0149,12.0000
sub-010,ses-01,CP3,3,4,4,0,10.7317,10.0791,18.1382,6.0096,0.0000,6.2837,6.2293,6.1420,4.6193,8.1021,37.0449,12.0000
sub-010,ses-01,CP3,4,4,4,0,4.2529,4.1487,16.7133,4.4020,0.0000,4.4445,5.6973,5.6368,5.7834,4.7877,37.4662,12.0000
sub-010,ses-01,CP3,5,2,4,0,10.9623,4.2764,7.2994,4.7120,0.0000,3.8606,5.0133,4.9761,3.1876,6.2776,17.8891,13.0000
sub-010,ses-01,CP3,6,4,2,0,8.3879,5.7376,9.7455,6.0220,0.0000,4.4944,5.6498,5.6059,3.8235,7.0430,20.7602,10.0000
sub-010,ses-01,CP3,7,4,2,0,8.7287,7.9608,19.8148,6.6250,0.0000,6.3203,5.9438,5.8460,4.5045,7.7371,44.8738,12.0000
sub-010,ses-01,CP3,8,4,2,0,3.4802,6.3930,14.7508,5.9188,0.0000,4.7661,5.4997,5.4544,5.3978,6.3807,31.2171,13.0000
sub-010,ses-01,CP3,9,4,4,0,20.4551,5.9339,8.9371,6.1057,0.0000,5.5477,6.1933,6.1337,7.1419,6.9725,52.9822,1.0000
sub-010,ses-01,CP3,10,4,4,0,4.4403,10.2693,8.6925,5.0511,0.0000,4.1083,5.8398,5.8093,6.6102,8.0831,22.6541,6.0000
sub-010,ses-01,CP3,11,4,4,0,4.0501,3.2145,15.0674,5.3756,0.0000,4.4034,6.0555,6.0346,3.4553,7.5382,47.4762,12.0000
sub-010,ses-01,CP3,12,8,2,0,5.2304,4.9935,10.1377,7.3152,0.0000,4.5772,5.9412,5.9005,6.0981,6.1959,32.3033,14.0000
sub-010,ses-01,CP3,13,2,4,2,10.9204,13.7549,16.7009,5.1999,0.0000,6.1978,6.3554,6.2851,6.8887,6.6666,35.7548,13.0000
sub-010,ses-01,CP3,14,4,2,2,7.7485,5.1796,19.2011,4.7457,0.0000,5.3166,6.3964,6.3344,5.4802,7.4154,49.2005,12.0000
sub-010,ses-01,CP3,15,2,4,2,6.0710,3.3543,7.5677,6.0494,0.0000,3.7616,5.9971,5.9467,3.4725,6.5002,24.4737,22.0000
sub-010,ses-01,CP3,16,4,4,0,10.5055,5.5632,15.2260,5.8832,0.0000,5.3980,6.3006,6.2096,4.8184,7.3447,55.0403,12.0000
sub-010,ses-01,CP3,17,4,0,0,2.3852,5.4591,15.2925,7.1296,0.0000,5.0190,5.5675,5.5115,5.6213,7.9678,26.7349,13.0000
sub-010,ses-01,CP3,18,2,4,0,13.8866,6.7471,15.3121,5.9584,0.0000,5.8574,6.8993,6.8161,6.3937,8.7177,40.3873,12.0000
sub-010,ses-01,CP3,19,2,4,0,5.7179,5.8907,4.9879,4.1620,0.0000,3.0341,5.3922,5.3948,4.6853,4.6599,17.2316,15.0000
sub-010,ses-01,CP3,20,4,2,0,10.9822,10.8401,14.7856,5.3939,0.0000,5.7238,5.6183,5.5421,5.1231,6.1259,32.6604,10.0000
sub-010,ses-01,CP3,21,2,4,2,6.3509,3.9112,13.6056,6.2194,0.0000,4.7334,5.2980,5.2342,3.8775,6.0294,36.6882,12.0000
sub-010,ses-01,CP3,22,4,2,0,7.9364,3.3273,12.7305,5.3922,0.0000,4.4543,5.9892,5.9557,5.5491,6.9842,34.0620,12.0000
sub-010,ses-01,O1,0,4,2,0,50.2866,50.3113,32.5676,13.6553,0.0000,18.0306,24.1847,24.0602,46.9439,24.5793,66.3945,3.0000
sub-010,ses-01,O1,1,4,2,0,44.0651,38.7260,31.7152,14.6797,0.0000,16.5649,24.0396,23.9555,35.4469,25.0906,61.6179,4.0000
sub-010,ses-01,O1,2,4,2,0,20.1045,9.2440,2.7935,6.4461,0.0000,5.0687,10.4554,10.4211,11.2465,7.8454,42.7347,1.0000
sub-010,ses-01,O1,3,4,4,0,6.4076,5.6963,7.7789,3.9044,0.0000,3.3918,5.3156,5.3033,4.3832,6.9185,26.6793,12.0000
sub-010,ses-01,O1,4,4,4,0,11.6866,4.5490,4.2914,3.4720,0.0000,3.1588,6.6174,6.6340,4.5031,6.6303,22.1785,2.0000
sub-010,ses-01,O1,5,2,4,0,47.4611,26.5859,7.8791,4.9137,0.0000,9.4730,10.8736,10.7733,11.0067,11.9625,51.1572,1.0000
sub-010,ses-01,O1,6,4,2,0,11.5695,13.8254,5.3664,4.2006,0.0000,4.3811,5.6016,5.5408,8.3655,7.0890,21.7633,7.0000
sub-010,ses-01,O1,7,4,2,0,22.3487,21.3225,13.2696,8.6164,0.0000,8.5190,12.3554,12.3286,24.5176,11.5832,41.3520,4.0000
sub-010,ses-01,O1,8,4,2,0,16.4322,13.8827,6.5529,3.2432,0.0000,4.7149,7.5463,7.5168,9.0543,6.8099,22.0769,4.0000
sub-010,ses-01,O1,9,4,4,0,66.1530,81.7044,79.4231,57.1338,0.0000,42.1095,69.3737,69.3300,75.1521,77.4434,94.4120,3.0000
sub-010,ses-01,O1,10,4,4,0,17.2183,8.2318,8.0335,3.6058,0.0000,4.5785,7.3791,7.3423,10.1845,5.4531,39.0611,3.0000
sub-010,ses-01,O1,11,4,4,0,8.3390,3.0603,5.1914,4.5754,0.0000,3.1680,5.2844,5.2705,5.2295,3.7051,16.7311,22.0000
sub-010,ses-01,O1,12,8,2,0,32.1539,19.8467,3.8710,4.1652,0.0000,6.6366,6.4656,6.3778,7.0902,4.7943,45.7169,3.0000
sub-010,ses-01,O1,13,2,4,2,9.0771,4.0919,13.3673,6.2136,0.0000,4.9688,6.9683,6.9497,9.8632,7.3709,30.7743,8.0000
sub-010,ses-01,O1,14,4,2,2,11.2465,6.9795,5.8947,2.7350,0.0000,3.3448,5.8110,5.8101,7.7485,5.9950,19.7764,1.0000
sub-010,ses-01,O1,15,2,4,2,7.1466,8.5110,8.1169,8.0263,0.0000,5.0157,10.9851,11.0416,10.3301,12.2832,23.3730,7.0000
sub-010,ses-01,O1,16,4,4,0,7.7095,3.7494,12.3454,6.2196,0.0000,4.6689,6.5217,6.4798,11.2919,4.0509,23.8799,21.0000
sub-010,ses-01,O1,17,4,0,0,17.1112,8.4849,7.7709,3.9023,0.0000,4.6451,5.7898,5.7337,5.1538,6.4422,45.6527,2.0000
sub-010,ses-01,O1,18,2,4,0,25.2752,15.1625,6.3441,6.6410,0.0000,6.6546,10.9358,10.9128,16.6233,8.7774,35.9552,2.0000
sub-010,ses-01,O1,19,2,4,0,35.8514,30.9052,18.5342,15.5368,0.0000,13.4933,27.8889,27.9875,26.2138,25.7880,46.9045,10.0000
sub-010,ses-01,O1,20,4,2,0,31.5242,9.7818,11.0218,9.1496,0.0000,8.1465,15.2812,15.2994,13.2269,12.0736,59.1098,3.0000
sub-010,ses-01,O1,21,2,4,2,10.5468,7.0543,10.9721,3.1625,0.0000,4.1244,5.7117,5.6757,4.5534,5.1079,24.8047,1.0000
sub-010,ses-01,O1,22,4,2,0,14.7149,9.7755,13.6878,5.2658,0.0000,5.7801,6.2264,6.1305,9.8822,6.0628,27.1679,1.0000
sub-010,ses-01,Pz,0,4,2,0,8.6225,4.0774,11.3192,2.5416,0.0000,3.5292,5.4131,5.3952,5.9665,4.9459,37.9811,10.0000
sub-010,ses-01,Pz,1,4,2,0,2.9042,4.6720,12.3316,6.0731,0.0000,4.2615,5.1026,5.0347,7.7856,4.8508,25.0358,11.0000
sub-010,ses-01,Pz,2,4,2,0,8.9498,12.6644,8.1589,6.7211,0.0000,5.1810,5.3927,5.2951,5.3533,3.8773,35.1092,5.0000
sub-010,ses-01,Pz,3,4,4,0,7.2265,3.9069,9.2868,3.8752,0.0000,3.5031,5.5112,5.4976,7.0480,5.5051,14.3437,21.0000
sub-010,ses-01,Pz,4,4,4,0,11.3617,6.7753,8.5746,3.8975,0.0000,4.0619,5.6433,5.5964,7.3164,5.6651,39.1851,1.0000
sub-010,ses-01,Pz,5,2,4,0,9.4008,4.8042,6.6871,2.3563,0.0000,2.9669,5.1121,5.0956,2.5354,5.8127,22.2539,1.0000
sub-010,ses-01,Pz,6,4,2,0,5.8920,5.5499,4.4746,3.5882,0.0000,2.7735,6.0853,6.1149,8.7454,7.0615,12.2287,14.0000
sub-010,ses-01,Pz,7,4,2,0,5.1993,3.0675,14.6134,4.6660,0.0000,4.2188,5.4159,5.3726,5.7853,7.6878,41.8718,11.0000
sub-010,ses-01,Pz,8,4,2,0,11.8124,3.8448,14.5758,4.9935,0.0000,5.0000,5.9007,5.8399,3.9996,5.3150,33.9700,10.0000
sub-010,ses-01,Pz,9,4,4,0,16.7380,4.6203,9.1984,6.8701,0.0000,5.3473,6.2026,6.1330,5.5886,7.5727,58.6027,1.0000
sub-010,ses-01,Pz,10,4,4,0,4.8093,3.1375,6.5702,3.6546,0.0000,2.7609,5.5597,5.5604,6.0331,5.1469,23.7592,11.0000
sub-010,ses-01,Pz,11,4,4,0,3.8752,13.8703,6.7974,3.5857,0.0000,3.6833,5.1102,5.0854,5.0797,5.1567,17.6818,5.0000
sub-010,ses-01,Pz,12,8,2,0,5.5830,4.9980,11.6707,5.2690,0.0000,4.2057,6.2988,6.2713,6.2751,7.1599,22.6489,14.0000
sub-010,ses-01,Pz,13,2,4,2,4.4676,1.4058,8.4193,5.3499,0.0000,3.3386,5.5064,5.4872,6.0723,6.0399,17.7666,19.0000
sub-010,ses-01,Pz,14,4,2,2,4.5985,6.9776,10.9374,6.7436,0.0000,4.6418,6.0483,5.9942,5.2365,6.2223,26.9867,15.0000
sub-010,ses-01,Pz,15,2,4,2,7.6043,5.9911,7.8159,5.2441,0.0000,3.9407,5.8351,5.7515,4.9219,6.3169,28.0510,1.0000
sub-010,ses-01,Pz,16,4,4,0,3.4603,4.9492,7.9241,3.3025,0.0000,2.8864,5.6907,5.6856,5.0585,4.6860,23.7118,11.0000
sub-010,ses-01,Pz,17,4,0,0,2.4508,4.1890,8.2391,3.8379,0.0000,2.9276,5.3202,5.3081,5.1564,6.1476,13.3981,8.0000
sub-010,ses-01,Pz,18,2,4,0,2.5901,4.4974,12.8309,3.2400,0.0000,3.4292,5.7643,5.7442,7.9038,5.1509,26.4592,10.0000
sub-010,ses-01,Pz,19,2,4,0,11.2475,6.9910,8.2268,5.7141,0.0000,4.5721,6.3554,6.3172,7.0337,6.2168,24.5030,1.0000
sub-010,ses-01,Pz,20,4,2,0,8.2919,9.6216,8.3294,6.7482,0.0000,4.8688,5.7849,5.7467,7.1982,5.6937,26.9924,13.0000
sub-010,ses-01,Pz,21,2,4,2,10.2349,4.5599,22.9199,4.9371,0.0000,6.0670,7.1723,7.1015,9.2777,6.8945,38.5766,12.0000
sub-010,ses-01,Pz,22,4,2,0,9.8829,2.4373,12.3784,5.9300,0.0000,4.6661,5.8523,5.8103,4.4583,5.9160,30.0377,1.0000
sub-010,ses-01,Fp2,0,4,2,0,5.7976,3.6231,10.8414,6.0386,0.0000,4.2147,6.3880,6.3567,8.8543,7.7927,24.1677,10.0000
sub-010,ses-01,Fp2,1,4,2,0,15.3916,5.8041,13.5396,7.2455,0.0000,6.0514,5.5144,5.3933,7.7911,6.1584,52.2835,1.0000
sub-010,ses-01,Fp2,2,4,2,0,6.0698,4.2361,12.5395,2.5332,0.0000,3.4742,5.7689,5.7573,8.0905,4.7921,24.0400,9.0000
sub-010,ses-01,Fp2,3,4,4,0,10.6390,4.2864,12.7732,5.7379,0.0000,4.9054,5.4559,5.3512,5.4873,6.7702,32.9673,1.0000
sub-010,ses-01,Fp2,4,4,4,0,8.7569,4.9811,21.4918,4.9237,0.0000,5.7654,5.6963,5.6229,4.8093,7.3259,57.4873,12.0000
sub-010,ses-01,Fp2,5,2,4,0,9.1011,2.8367,11.4330,4.0007,0.0000,3.9153,5.5461,5.4921,11.7288,5.8040,31.2917,1.0000
sub-010,ses-01,Fp2,6,4,2,0,14.5855,3.6590,5.8195,4.7465,0.0000,3.9442,5.9272,5.8583,5.3051,7.8737,46.4453,1.0000
sub-010,ses-01,Fp2,7,4,2,0,1.3999,0.9411,17.4821,3.0073,0.0000,3.5663,5.6966,5.6552,3.8511,7.9185,39.3901,12.0000
sub-010,ses-01,Fp2,8,4,2,0,8.6424,2.3502,10.7946,6.9558,0.0000,4.6317,6.3862,6.3605,4.9675,6.5127,25.6874,13.0000
sub-010,ses-01,Fp2,9,4,4,0,7.1201,4.6799,13.3391,5.9594,0.0000,4.7606,5.6285,5.5909,6.7930,6.2499,29.2864,13.0000
sub-010,ses-01,Fp2,10,4,4,0,17.4798,2.2218,16.3722,4.8828,0.0000,5.5934,6.4751,6.3899,8.8357,7.2550,58.6378,1.0000
sub-010,ses-01,Fp2,11,4,4,0,12.0906,4.9425,14.1053,9.9686,0.0000,6.5664,6.4893,6.3586,4.1958,7.5313,46.9707,13.0000
sub-010,ses-01,Fp2,12,8,2,0,6.4684,6.1631,13.5677,4.4263,0.0000,4.4064,5.2701,5.2189,6.9865,6.4797,26.8523,11.0000
sub-010,ses-01,Fp2,13,2,4,2,16.5876,5.4868,14.5914,4.5838,0.0000,5.4752,6.4324,6.3468,4.8756,7.5695,36.7887,1.0000
sub-010,ses-01,Fp2,14,4,2,2,6.1525,9.8718,16.6121,6.5064,0.0000,5.7756,5.8314,5.7570,5.7715,7.1839,46.0015,12.0000
sub-010,ses-01,Fp2,15,2,4,2,22.0272,10.5568,11.5833,5.6047,0.0000,6.3418,7.4334,7.3197,5.8365,5.9743,52.8105,1.0000
sub-010,ses-01,Fp2,16,4,4,0,23.2085,14.5505,11.6962,3.4015,0.0000,6.1728,6.6627,6.5721,9.5298,5.8394,51.6641,1.0000
sub-010,ses-01,Fp2,17,4,0,0,21.6110,6.8546,11.9574,6.9679,0.0000,6.4230,6.0728,5.9248,3.2765,7.2119,64.1951,1.0000
sub-010,ses-01,Fp2,18,2,4,0,15.0681,5.7991,17.6020,3.9496,0.0000,5.5913,6.0570,5.9744,6.3374,8.0734,43.4720,10.0000
sub-010,ses-01,Fp2,19,2,4,0,8.0929,4.1864,3.4199,3.7278,0.0000,2.7465,5.5084,5.5108,3.9304,6.3756,23.5085,1.0000
sub-010,ses-01,Fp2,20,4,2,0,21.1849,11.8270,10.1796,4.9567,0.0000,5.9898,6.0151,5.9122,4.5433,7.3394,29.5972,3.0000
sub-010,ses-01,Fp2,21,2,4,2,5.2343,5.8665,18.0344,4.5879,0.0000,4.9361,5.2435,5.1703,9.9605,6.2539,36.8769,12.0000
sub-010,ses-01,Fp2,22,4,2,0,6.0239,3.8539,10.6155,3.2977,0.0000,3.3971,5.6571,5.6558,5.6505,5.3741,18.8470,11.0000
sub-010,ses-01,Fz,0,4,2,0,1.7186,3.3602,10.3551,5.7932,0.0000,3.6688,5.9884,5.9741,9.3609,6.4697,27.1021,10.0000
sub-010,ses-01,Fz,1,4,2,0,10.3150,6.6476,9.8290,6.5171,0.0000,4.9197,6.4611,6.3857,7.5159,7.0786,24.4950,14.0000
sub-010,ses-01,Fz,2,4,2,0,4.8818,8.5174,9.1432,3.1737,0.0000,3.4817,5.5492,5.5266,6.6081,5.4767,22.6725,9.0000
sub-010,ses-01,Fz,3,4,4,0,1.4926,5.4299,8.8885,4.0068,0.0000,3.0956,5.1253,5.1208,5.8248,5.5693,16.5196,10.0000
sub-010,ses-01,Fz,4,4,4,0,8.2308,1.6776,18.9897,5.4636,0.0000,5.2232,6.2154,6.1608,6.6766,7.0633,48.5815,12.0000
sub-010,ses-01,Fz,5,2,4,0,8.9705,3.6533,11.5218,4.3065,0.0000,4.0840,6.1164,6.0744,10.8645,5.7810,16.5833,8.0000
sub-010,ses-01,Fz,6,4,2,0,3.9223,4.5601,7.4698,5.6541,0.0000,3.5407,5.3235,5.3013,4.1079,6.4737,23.0762,18.0000
sub-010,ses-01,Fz,7,4,2,0,6.2997,2.7219,14.9984,5.1796,0.0000,4.4979,6.2002,6.1686,4.3853,8.3483,43.1302,12.0000
sub-010,ses-01,Fz,8,4,2,0,4.3241,2.5877,8.7525,6.2175,0.0000,3.7439,5.4330,5.4062,4.1765,7.2131,21.8029,13.0000
sub-010,ses-01,Fz,9,4,4,0,16.6160,5.4205,10.3951,3.9436,0.0000,4.6926,6.7871,6.7531,7.0789,7.2485,46.2719,1.0000
sub-010,ses-01,Fz,10,4,4,0,6.1322,7.7071,11.7977,4.7297,0.0000,4.3635,5.9421,5.9026,6.1854,6.9916,29.1952,11.0000
sub-010,ses-01,Fz,11,4,4,0,3.9697,6.6086,8.9658,9.2808,0.0000,5.0409,6.0007,5.9264,5.6477,6.1489,29.6400,14.0000
sub-010,ses-01,Fz,12,8,2,0,9.2043,4.9848,10.3000,3.0281,0.0000,3.6726,5.1387,5.1056,3.2903,5.1804,21.7624,3.0000
sub-010,ses-01,Fz,13,2,4,2,6.5955,4.7279,15.4827,6.3886,0.0000,5.1451,5.8657,5.8006,4.6049,6.6842,31.2989,13.0000
sub-010,ses-01,Fz,14,4,2,2,8.9343,8.3730,18.7350,5.7883,0.0000,5.9741,6.0543,5.9783,8.1601,7.6940,46.7669,12.0000
sub-010,ses-01,Fz,15,2,4,2,4.6178,4.1069,11.0478,3.0284,0.0000,3.2687,5.8582,5.8477,4.5147,5.1322,27.5574,11.0000
sub-010,ses-01,Fz,16,4,4,0,7.2493,10.0182,12.6251,4.0839,0.0000,4.6026,5.7323,5.6827,8.1181,6.5285,18.8220,11.0000
sub-010,ses-01,Fz,17,4,0,0,9.7121,7.7582,10.2845,4.9635,0.0000,4.5608,5.8936,5.8477,3.9338,6.9120,22.4703,9.0000
sub-010,ses-01,Fz,18,2,4,0,7.4286,3.1179,13.9130,3.6923,0.0000,4.0387,5.8900,5.8545,8.2378,7.0413,34.3805,10.0000
sub-010,ses-01,Fz,19,2,4,0,4.4531,6.5917,3.4849,4.6143,0.0000,2.9087,5.8323,5.8503,7.9110,5.6302,16.6181,20.0000
sub-010,ses-01,Fz,20,4,2,0,6.9843,5.7744,10.1385,3.7011,0.0000,3.7205,6.1451,6.1555,4.4662,8.2261,22.7039,12.0000
sub-010,ses-01,Fz,21,2,4,2,7.0465,2.8985,24.0940,4.9928,0.0000,5.7965,6.1533,6.0717,6.5833,6.9068,36.4401,12.0000
sub-010,ses-01,Fz,22,4,2,0,3.4139,1.6211,10.5036,4.1927,0.0000,3.2015,5.6818,5.6888,7.1233,5.7580,17.3416,12.0000
sub-010,ses-01,FCz,0,4,2,0,4.8775,1.9794,10.4004,3.0411,0.0000,3.0085,6.0122,6.0151,7.4962,6.6115,39.1545,10.0000
sub-010,ses-01,FCz,1,4,2,0,6.5748,6.4999,11.8971,2.3302,0.0000,3.5808,5.9730,5.9559,7.0350,5.6715,31.0728,12.0000
sub-010,ses-01,FCz,2,4,2,0,3.0331,7.0097,6.3610,6.3706,0.0000,3.7478,5.6021,5.5602,5.7988,5.2251,16.1610,20.0000
sub-010,ses-01,FCz,3,4,4,0,2.3242,5.0837,2.6805,2.0555,0.0000,1.6846,5.1966,5.2360,2.9645,5.1322,12.8224,6.0000
sub-010,ses-01,FCz,4,4,4,0,2.5068,7.8897,21.0982,3.1058,0.0000,4.8500,5.7797,5.7235,7.2432,5.9048,48.8320,12.0000
sub-010,ses-01,FCz,5,2,4,0,2.8865,3.1519,9.0348,4.0710,0.0000,3.0531,5.1760,5.1674,6.8457,5.3363,23.0036,14.0000
sub-010,ses-01,FCz,6,4,2,0,5.8482,3.9221,5.4100,3.4247,0.0000,2.6991,5.6227,5.6345,6.3690,6.2985,12.6956,17.0000
sub-010,ses-01,FCz,7,4,2,0,6.0806,7.6714,11.4863,5.8731,0.0000,4.6576,5.0935,5.0297,5.4452,6.3687,28.7010,16.0000
sub-010,ses-01,FCz,8,4,2,0,2.2647,2.0639,5.1818,5.9943,0.0000,2.9379,5.9404,5.9680,5.6598,6.1355,15.9096,18.0000
sub-010,ses-01,FCz,9,4,4,0,3.6715,3.2869,12.6947,5.2633,0.0000,4.0099,5.7206,5.7205,3.0392,6.3079,39.7356,13.0000
sub-010,ses-01,FCz,10,4,4,0,6.0827,3.2468,6.4526,3.7556,0.0000,2.9037,5.6912,5.6853,5.4730,6.4064,16.3280,14.0000
sub-010,ses-01,FCz,11,4,4,0,6.5495,13.7802,9.6469,6.9360,0.0000,5.3341,5.5172,5.4399,6.9478,4.6045,25.7134,12.0000
sub-010,ses-01,FCz,12,8,2,0,3.9435,3.1830,4.6841,4.8953,0.0000,2.7965,5.8326,5.8349,4.4322,7.3881,16.7121,18.0000
sub-010,ses-01,FCz,13,2,4,2,8.4883,4.8564,9.2455,4.1036,0.0000,3.7721,5.4543,5.4221,4.8559,5.9831,16.8756,13.0000
sub-010,ses-01,FCz,14,4,2,2,12.3495,4.9576,13.7555,7.9307,0.0000,5.9270,5.4397,5.3305,8.5289,5.9058,36.4674,12.0000
sub-010,ses-01,FCz,15,2,4,2,14.7420,3.8755,8.8705,2.1837,0.0000,3.6298,5.2533,5.2191,4.9052,4.3149,53.3716,1.0000
sub-010,ses-01,FCz,16,4,4,0,3.6050,8.0749,14.0682,4.1323,0.0000,4.2988,5.3949,5.3298,2.9205,6.9295,27.0769,11.0000
sub-010,ses-01,FCz,17,4,0,0,2.1637,6.6762,8.0279,2.1579,0.0000,2.5949,5.5150,5.5351,3.5091,6.8452,18.6206,7.0000
sub-010,ses-01,FCz,18,2,4,0,1.7664,3.6558,14.4365,3.8583,0.0000,3.6853,5.6808,5.6593,6.1415,6.9555,34.3567,10.0000
sub-010,ses-01,FCz,19,2,4,0,5.9465,3.1070,4.7994,5.0646,0.0000,3.0430,6.1981,6.2095,4.0606,5.5979,16.6072,2.0000
sub-010,ses-01,FCz,20,4,2,0,9.1273,2.9239,9.0865,5.8392,0.0000,4.1543,5.9436,5.9195,7.3861,6.9368,22.2989,19.0000
sub-010,ses-01,FCz,21,2,4,2,4.8632,5.6160,18.8642,4.8993,0.0000,5.0882,5.8174,5.7630,5.3228,6.2291,30.5450,12.0000
sub-010,ses-01,FCz,22,4,2,0,3.5069,2.7760,11.3430,5.1264,0.0000,3.7171,5.6652,5.6499,5.5716,5.6872,22.4569,11.0000
sub-010,ses-01,Cz,0,4,2,0,4.9794,3.5818,10.4334,5.0058,0.0000,3.7656,5.6158,5.5905,7.0779,5.0119,33.7926,10.0000
sub-010,ses-01,Cz,1,4,2,0,5.6223,7.0184,7.5072,5.5907,0.0000,3.9136,5.5828,5.5427,7.5060,6.7118,28.5054,16.0000
sub-010,ses-01,Cz,2,4,2,0,2.3881,4.9933,10.8635,3.4270,0.0000,3.2386,5.3337,5.3038,5.9323,6.9678,18.3215,9.0000
sub-010,ses-01,Cz,3,4,4,0,3.3684,3.8884,6.8331,4.1588,0.0000,2.8858,4.9108,4.9003,3.6606,4.8773,14.3819,18.0000
sub-010,ses-01,Cz,4,4,4,0,5.4914,4.7089,12.7015,3.7358,0.0000,3.8506,5.9580,5.9195,6.7710,6.0008,39.7811,12.0000
sub-010,ses-01,Cz,5,2,4,0,10.8606,4.0323,15.2028,4.0597,0.0000,4.7340,5.3265,5.2632,6.0716,4.9951,27.0658,10.0000
sub-010,ses-01,Cz,6,4,2,0,13.2309,5.3761,6.8294,5.0849,0.0000,4.2211,5.9181,5.8693,5.1634,7.2186,18.8273,3.0000
sub-010,ses-01,Cz,7,4,2,0,4.8036,3.3410,17.2016,2.9708,0.0000,4.0560,5.2168,5.1769,3.9727,6.7513,46.1056,11.0000
sub-010,ses-01,Cz,8,4,2,0,2.8226,3.2662,8.9215,4.7278,0.0000,3.2406,5.3070,5.3122,3.8231,6.4957,18.1723,13.0000
sub-010,ses-01,Cz,9,4,4,0,15.0216,5.4886,10.9867,5.3930,0.0000,5.0714,5.9238,5.8397,5.1627,5.4993,35.2512,1.0000
sub-010,ses-01,Cz,10,4,4,0,16.1226,7.4741,11.5322,3.7590,0.0000,4.9406,5.5669,5.4993,6.0290,5.7249,40.5476,1.0000
sub-010,ses-01,Cz,11,4,4,0,10.7769,16.3054,6.4993,5.0132,0.0000,4.9418,5.3187,5.2474,7.6153,5.2645,38.2800,5.0000
sub-010,ses-01,Cz,12,8,2,0,18.6247,4.3965,9.7346,4.7129,0.0000,4.9247,5.7120,5.6184,5.5559,6.7346,49.4677,1.0000
sub-010,ses-01,Cz,13,2,4,2,20.1260,8.6313,14.2394,5.0637,0.0000,6.1929,6.1056,6.0018,6.6396,5.8629,54.3150,1.0000
sub-010,ses-01,Cz,14,4,2,2,4.1162,4.1306,11.5125,6.5244,0.0000,4.3460,5.3949,5.3384,4.8654,5.6608,33.6955,12.0000
sub-010,ses-01,Cz,15,2,4,2,24.9685,3.0862,11.3259,5.1267,0.0000,5.7400,7.4410,7.3081,2.6388,5.7307,69.7665,1.0000
sub-010,ses-01,Cz,16,4,4,0,20.9358,11.8188,9.0751,4.1374,0.0000,5.5641,5.5944,5.4425,6.5310,5.9815,63.2271,1.0000
sub-010,ses-01,Cz,17,4,0,0,9.3686,3.1756,9.8431,3.6873,0.0000,3.6551,5.6213,5.5913,4.1818,7.7119,20.2361,3.0000
sub-010,ses-01,Cz,18,2,4,0,1.3927,3.7517,13.6548,3.0975,0.0000,3.3203,6.9509,6.9728,7.5599,6.7436,26.4648,10.0000
sub-010,ses-01,Cz,19,2,4,0,18.2699,3.1798,5.3103,2.8511,0.0000,3.5983,6.2306,6.2116,8.5049,8.6638,22.1524,3.0000
sub-010,ses-01,Cz,20,4,2,0,3.8332,4.3952,6.2123,4.8316,0.0000,3.0930,5.7794,5.7901,2.6796,6.3534,11.7186,18.0000
sub-010,ses-01,Cz,21,2,4,2,14.4884,3.3544,24.9136,5.8705,0.0000,6.9109,6.0123,5.8518,4.4980,6.4437,46.4310,1.0000
sub-010,ses-01,Cz,22,4,2,0,12.8512,2.5122,16.2717,5.3646,0.0000,5.3215,5.8988,5.8207,9.0122,6.0120,41.0001,1.0000
sub-010,ses-01,C4,0,4,2,0,2.6981,6.0722,9.1633,2.9476,0.0000,2.9856,5.2278,5.2298,6.5385,5.9799,22.6581,10.0000
sub-010,ses-01,C4,1,4,2,0,3.7305,8.8905,14.3007,3.1557,0.0000,4.1235,5.6047,5.5674,5.8737,6.0954,33.9458,12.0000
sub-010,ses-01,C4,2,4,2,0,14.8289,5.3590,12.0660,4.3448,0.0000,4.8751,6.1384,6.0829,5.7989,5.1510,22.0608,1.0000
sub-010,ses-01,C4,3,4,4,0,3.1718,5.2195,11.6443,3.4136,0.0000,3.4374,6.1994,6.1876,7.2648,9.6138,19.6729,12.0000
sub-010,ses-01,C4,4,4,4,0,3.1208,7.0356,14.2510,5.6412,0.0000,4.6388,6.0522,6.0106,7.6495,6.4869,52.0677,12.0000
sub-010,ses-01,C4,5,2,4,0,4.4333,13.3414,10.8203,1.9085,0.0000,3.7403,5.4684,5.4416,8.6998,4.8804,23.8986,5.0000
sub-010,ses-01,C4,6,4,2,0,4.1600,1.7545,9.4225,3.3193,0.0000,2.8685,5.6168,5.6051,6.6883,7.6900,21.2050,12.0000
sub-010,ses-01,C4,7,4,2,0,4.5445,5.2632,12.3532,4.5020,0.0000,3.9971,5.9972,5.9670,3.7131,8.3887,41.2869,12.0000
sub-010,ses-01,C4,8,4,2,0,3.8962,8.5987,12.2625,4.6738,0.0000,4.2864,5.8424,5.8055,2.6860,6.5310,29.3639,18.0000
sub-010,ses-01,C4,9,4,4,0,13.8070,1.8580,10.7403,6.0243,0.0000,4.7772,6.3670,6.3186,10.1655,5.3200,40.8416,1.0000
sub-010,ses-01,C4,10,4,4,0,4.0677,3.8317,10.4046,4.6459,0.0000,3.5912,5.4787,5.4618,7.4694,6.1901,16.4087,12.0000
sub-010,ses-01,C4,11,4,4,0,6.8835,18.3672,8.1185,6.0831,0.0000,5.3208,6.5073,6.4508,4.1583,7.0378,32.6837,5.0000
sub-010,ses-01,C4,12,8,2,0,4.2381,3.2727,9.2038,9.3317,0.0000,4.8041,5.3786,5.3170,6.1014,7.1631,25.9534,14.0000
sub-010,ses-01,C4,13,2,4,2,6.1663,4.7629,13.1449,6.3194,0.0000,4.7614,5.7131,5.6812,4.2884,7.4821,34.3145,13.0000
sub-010,ses-01,C4,14,4,2,2,7.5396,5.2578,10.0609,3.5025,0.0000,3.6532,5.7642,5.7573,4.8868,7.4263,19.7435,12.0000
sub-010,ses-01,C4,15,2,4,2,7.8841,11.1418,8.1584,9.1963,0.0000,5.6885,7.3749,7.3115,7.1642,7.5481,34.0886,22.0000
sub-010,ses-01,C4,16,4,4,0,2.6009,4.7390,7.7747,6.6629,0.0000,3.7820,5.7003,5.6729,10.6445,6.8335,18.4270,11.0000
sub-010,ses-01,C4,17,4,0,0,4.1366,3.5115,10.8328,3.1586,0.0000,3.1779,5.2264,5.2150,4.1941,5.1612,20.6435,12.0000
sub-010,ses-01,C4,18,2,4,0,9.7445,2.8530,8.8115,2.4637,0.0000,3.1462,5.9989,6.0118,5.7438,6.3177,16.3424,2.0000
sub-010,ses-01,C4,19,2,4,0,4.7871,2.4230,7.3347,6.0748,0.0000,3.5307,5.4295,5.4179,7.8838,6.3131,13.7884,19.0000
sub-010,ses-01,C4,20,4,2,0,1.7736,5.2204,9.2171,4.2135,0.0000,3.2105,5.8819,5.8969,5.8193,6.2739,17.8996,13.0000
sub-010,ses-01,C4,21,2,4,2,8.4089,4.5212,21.9662,4.8486,0.0000,5.7337,6.3859,6.3013,8.9000,7.0267,47.3766,12.0000
sub-010,ses-01,C4,22,4,2,0,11.0737,6.0488,12.5735,4.2695,0.0000,4.6380,6.2431,6.2031,5.1886,6.5569,24.6991,12.0000
sub-010,ses-01,CP4,0,4,2,0,7.2193,5.9993,7.0203,2.4957,0.0000,2.9637,5.2072,5.2052,8.4147,5.6149,15.1989,11.0000
sub-010,ses-01,CP4,1,4,2,0,2.8850,10.7800,12.7668,2.5750,0.0000,3.8311,5.1019,5.0650,4.1942,5.3973,25.0698,12.0000
sub-010,ses-01,CP4,2,4,2,0,4.2408,6.3353,7.5584,4.2063,0.0000,3.3102,5.2407,5.2288,5.3627,4.9840,16.5762,9.0000
sub-010,ses-01,CP4,3,4,4,0,6.7332,3.4310,9.2357,4.4309,0.0000,3.5738,5.4420,5.4191,5.8598,8.0404,24.6773,12.0000
sub-010,ses-01,CP4,4,4,4,0,5.5356,4.5353,11.2826,5.9653,0.0000,4.3146,6.2013,6.1688,4.9255,7.9893,44.3633,12.0000
sub-010,ses-01,CP4,5,2,4,0,4.2054,15.7856,5.9486,0.9285,0.0000,2.9704,5.3356,5.3276,7.7059,4.5943,31.1278,6.0000
sub-010,ses-01,CP4,6,4,2,0,2.4938,3.2336,11.9644,4.5667,0.0000,3.5829,5.9721,5.9722,5.3228,8.1135,28.9063,12.0000
sub-010,ses-01,CP4,7,4,2,0,3.5911,5.2800,12.0760,3.4047,0.0000,3.5395,5.5884,5.5772,5.8667,6.8623,33.5799,12.0000
sub-010,ses-01,CP4,8,4,2,0,7.3114,5.5864,13.3231,4.3214,0.0000,4.3653,5.4935,5.4411,3.5954,5.3577,22.0125,18.0000
sub-010,ses-01,CP4,9,4,4,0,12.0027,4.9945,7.6907,3.5503,0.0000,3.7276,5.5416,5.5135,7.5697,4.3313,35.2358,1.0000
sub-010,ses-01,CP4,10,4,4,0,19.5109,4.8163,9.7461,4.9496,0.0000,5.1193,4.7896,4.6760,4.3008,5.3795,61.5348,1.0000
sub-010,ses-01,CP4,11,4,4,0,8.5196,12.5883,6.0334,6.5289,0.0000,4.7792,5.5680,5.5051,3.2852,6.3917,30.2863,5.0000
sub-010,ses-01,CP4,12,8,2,0,2.2639,4.1291,7.6023,4.1501,0.0000,2.9102,5.5950,5.5929,5.2614,6.2709,18.9518,14.0000
sub-010,ses-01,CP4,13,2,4,2,11.3525,4.6721,9.6675,5.2506,0.0000,4.4270,5.9368,5.9132,3.9437,6.1488,29.0142,1.0000
sub-010,ses-01,CP4,14,4,2,2,19.9056,7.3318,7.7426,2.3138,0.0000,4.3136,5.9723,5.9457,4.4668,6.5010,29.9917,1.0000
sub-010,ses-01,CP4,15,2,4,2,12.9239,5.0500,7.9716,3.7923,0.0000,3.9308,5.5135,5.4425,4.4149,5.3136,30.8988,11.0000
sub-010,ses-01,CP4,16,4,4,0,2.9798,6.1835,10.1411,3.7211,0.0000,3.3924,5.9880,5.9918,7.0509,7.6284,19.4972,11.0000
sub-010,ses-01,CP4,17,4,0,0,2.6502,1.2899,6.5842,3.4282,0.0000,2.3217,5.3455,5.3708,5.1107,5.1932,23.4787,8.0000
sub-010,ses-01,CP4,18,2,4,0,69.6790,9.5404,3.4117,3.3273,0.0000,8.8512,7.2079,6.9687,3.6460,5.4333,94.7025,1.0000
sub-010,ses-01,CP4,19,2,4,0,14.1256,8.0200,5.6478,5.6033,0.0000,4.5421,5.3890,5.3395,4.2893,6.3588,36.0913,1.0000
sub-010,ses-01,CP4,20,4,2,0,7.2576,4.8196,11.7290,3.3799,0.0000,3.7819,5.8207,5.8140,4.8414,6.1975,24.2580,8.0000
sub-010,ses-01,CP4,21,2,4,2,15.9029,5.8981,13.7553,4.1437,0.0000,5.2001,6.1467,6.0396,6.8694,7.9732,55.6667,1.0000
sub-010,ses-01,CP4,22,4,2,0,14.6113,8.2539,7.7005,2.3977,0.0000,3.9264,6.3488,6.3192,8.7017,5.6142,29.2315,1.0000
sub-010,ses-01,O2,0,4,2,0,4.2474,9.7452,8.3961,3.1329,0.0000,3.4203,5.7479,5.7387,4.9055,5.1056,20.6754,9.0000
sub-010,ses-01,O2,1,4,2,0,5.2620,5.0714,7.9484,4.6773,0.0000,3.4844,5.7758,5.7665,3.7614,6.8967,16.9436,22.0000
sub-010,ses-01,O2,2,4,2,0,4.4374,3.3603,5.6968,3.0950,0.0000,2.4560,5.3655,5.3715,4.8014,4.7682,14.5714,10.0000
sub-010,ses-01,O2,3,4,4,0,12.6339,9.0822,10.7438,5.9603,0.0000,5.3212,5.7341,5.6289,3.9310,6.9430,31.4288,1.0000
sub-010,ses-01,O2,4,4,4,0,1.5906,4.6681,4.4751,6.1642,0.0000,3.0702,5.5841,5.5849,6.5313,4.5791,28.1571,15.0000
sub-010,ses-01,O2,5,2,4,0,7.2988,8.7973,3.6206,3.3778,0.0000,3.0237,5.8066,5.8071,6.9276,5.8757,22.5845,6.0000
sub-010,ses-01,O2,6,4,2,0,14.5186,3.6148,3.2729,4.0820,0.0000,3.3776,5.9895,5.9470,6.9502,5.3857,19.9942,1.0000
sub-010,ses-01,O2,7,4,2,0,7.9318,4.4685,5.1500,5.4873,0.0000,3.5311,5.5006,5.4842,5.2400,5.0448,19.9811,19.0000
sub-010,ses-01,O2,8,4,2,0,20.6424,5.4309,7.4822,5.8545,0.0000,5.2394,5.3676,5.2223,5.5755,5.9522,76.7022,1.0000
sub-010,ses-01,O2,9,4,4,0,12.1773,6.9994,9.5801,3.7175,0.0000,4.2445,5.7945,5.7673,5.9016,6.4243,26.9521,12.0000
sub-010,ses-01,O2,10,4,4,0,2.0694,4.3255,4.3142,3.4327,0.0000,2.2346,5.4507,5.4734,4.9214,6.4085,16.8418,15.0000
sub-010,ses-01,O2,11,4,4,0,22.2835,6.2369,10.1835,4.2489,0.0000,5.3586,6.5182,6.4653,5.6202,4.6087,50.0340,1.0000
sub-010,ses-01,O2,12,8,2,0,12.7183,4.6941,14.9295,4.8312,0.0000,5.1635,5.6604,5.5853,6.7967,6.7847,27.6586,12.0000
sub-010,ses-01,O2,13,2,4,2,22.6938,10.2994,13.4413,6.1445,0.0000,6.8023,6.0740,5.9129,7.1699,7.0517,66.5401,1.0000
sub-010,ses-01,O2,14,4,2,2,2.8710,3.3012,10.0938,5.0551,0.0000,3.5109,5.6747,5.6639,4.1636,6.6448,20.3582,13.0000
sub-010,ses-01,O2,15,2,4,2,30.2073,9.7227,5.0310,3.8780,0.0000,5.5888,5.6787,5.5792,7.2092,5.1351,40.3815,3.0000
sub-010,ses-01,O2,16,4,4,0,15.9630,5.7457,7.3505,7.3365,0.0000,5.2631,6.1916,6.0796,5.8413,6.8890,50.1367,1.0000
sub-010,ses-01,O2,17,4,0,0,5.1721,3.4382,9.4129,5.7643,0.0000,3.8571,5.5319,5.5075,5.1920,6.0592,19.3743,17.0000
sub-010,ses-01,O2,18,2,4,0,17.7343,8.2931,7.8672,5.7061,0.0000,5.2440,5.6525,5.5736,2.8192,5.7004,57.5882,1.0000
sub-010,ses-01,O2,19,2,4,0,20.8894,5.6550,5.9782,3.7502,0.0000,4.4372,5.4208,5.3729,4.6143,6.4128,42.2998,1.0000
sub-010,ses-01,O2,20,4,2,0,13.9161,4.3566,13.1129,3.2030,0.0000,4.4979,5.9768,5.9311,8.3552,6.0859,41.9230,1.0000
sub-010,ses-01,O2,21,2,4,2,19.1565,3.4241,9.4266,5.0083,0.0000,4.9300,6.2995,6.2177,4.9307,6.1925,58.8183,1.0000
sub-010,ses-01,O2,22,4,2,0,27.3306,9.9911,8.0368,7.4247,0.0000,6.8379,6.7175,6.5608,5.5726,4.8481,55.7086,1.0000
sub-010,ses-02,Fp1,0,4,2,0,18.7315,4.8862,13.3131,4.5966,0.0000,5.4443,5.2719,5.1075,4.7902,7.3106,50.8130,1.0000
sub-010,ses-02,Fp1,1,4,2,0,5.1593,1.7896,13.1753,7.2679,0.0000,4.6821,5.8366,5.7940,3.4746,8.6274,36.8601,12.0000
sub-010,ses-02,Fp1,2,4,2,0,6.0972,2.4633,10.9261,5.3946,0.0000,3.9518,5.9773,5.9638,8.0351,6.4607,28.1389,12.0000
sub-010,ses-02,Fp1,3,8,2,0,6.9937,5.8918,9.6831,4.6633,0.0000,3.9596,6.4410,6.4190,5.4993,5.9137,23.0031,12.0000
sub-010,ses-02,Fp1,4,4,2,0,5.9625,2.0166,19.6336,9.6051,0.0000,6.3857,5.9292,5.8491,2.3655,10.5538,57.2660,13.0000
sub-010,ses-02,Fp1,5,4,4,0,16.7770,2.6013,9.7110,5.7801,0.0000,4.9051,6.2973,6.1715,4.8340,6.2348,54.9407,1.0000
sub-010,ses-02,Fp1,6,2,4,0,15.5150,2.6335,14.5642,7.1381,0.0000,5.8785,5.8942,5.7811,5.2555,8.3068,48.5930,1.0000
sub-010,ses-02,Fp1,7,4,4,0,24.4777,2.4037,14.7462,6.1323,0.0000,6.4122,7.0043,6.8447,5.0838,6.9587,68.3509,1.0000
sub-010,ses-02,Fp1,8,4,2,0,15.6045,2.3522,9.9588,7.8361,0.0000,5.4290,5.4178,5.2955,3.1528,6.5132,53.6480,1.0000
sub-010,ses-02,Fp1,9,8,2,0,16.0085,14.1906,11.7095,7.3009,0.0000,6.6503,6.0565,5.9563,6.3288,9.3080,25.7271,4.0000
sub-010,ses-02,Fp1,10,4,2,0,12.1379,13.5119,14.9730,4.9372,0.0000,5.9679,6.2174,6.1434,3.6385,7.0779,41.8698,12.0000
sub-010,ses-02,Fp1,11,2,8,0,23.3651,4.0342,4.7837,3.4148,0.0000,4.2486,6.1610,6.1230,4.1187,7.9903,53.5427,2.0000
sub-010,ses-02,Fp1,12,4,4,2,15.8342,8.7177,9.7025,5.6935,0.0000,5.3590,6.2896,6.1752,3.6714,6.1371,40.6869,1.0000
sub-010,ses-02,Fp1,13,4,2,2,24.8091,15.8360,14.6682,7.3482,0.0000,8.0492,6.1898,6.0424,6.1025,5.3993,61.3629,1.0000
sub-010,ses-02,Fp1,14,2,4,2,5.5966,2.9779,7.5258,5.3666,0.0000,3.4702,5.6573,5.6599,4.5524,7.7406,18.4998,13.0000
sub-010,ses-02,Fp1,15,4,2,2,6.1098,5.8113,18.6109,4.0850,0.0000,4.9408,6.5787,6.5442,6.3143,8.3427,37.2413,9.0000
sub-010,ses-02,Fp1,16,4,2,0,15.7317,8.9534,20.7516,7.3487,0.0000,7.4136,6.2897,6.1228,7.8036,8.0820,52.6924,13.0000
sub-010,ses-02,Fp1,17,4,2,0,22.3686,8.8136,7.8860,7.4294,0.0000,6.2471,5.9304,5.8306,8.4179,4.9171,64.5228,1.0000
sub-010,ses-02,Fp1,18,4,2,0,10.4252,4.5262,14.2518,4.1207,0.0000,4.6252,5.9825,5.9303,6.2721,7.5996,23.3586,3.0000
sub-010,ses-02,Fp1,19,4,2,2,18.3030,5.2215,12.0370,4.1630,0.0000,5.1265,5.4573,5.3804,7.6169,6.4628,29.6589,10.0000
sub-010,ses-02,Fp1,20,4,2,2,10.8854,4.8039,16.8980,5.7707,0.0000,5.5620,5.7027,5.6212,3.8001,5.4337,29.3697,10.0000
sub-010,ses-02,Fp1,21,4,4,2,15.0978,6.6344,16.0157,4.7469,0.0000,5.6914,5.8818,5.7636,6.8905,7.5090,45.4550,1.0000
sub-010,ses-02,Fp1,22,4,2,4,26.3323,16.9721,10.2179,3.3096,0.0000,6.4546,5.7076,5.5766,5.4503,5.7530,61.6734,1.0000
sub-010,ses-02,Fp1,23,4,4,2,4.6539,4.9145,11.2033,5.3592,0.0000,4.0736,6.0639,6.0485,6.6821,7.0858,25.4489,15.0000
sub-010,ses-02,Fp1,24,4,4,2,12.5250,3.6637,14.9330,7.0920,0.0000,5.7337,5.3776,5.2825,4.6713,5.8181,40.9286,13.0000
sub-010,ses-02,Fp1,25,2,4,2,8.6418,2.9688,10.6335,4.9742,0.0000,4.0676,4.9004,4.8597,4.7694,6.2794,21.8035,13.0000
sub-010,ses-02,C3,0,4,2,0,2.9153,8.8075,7.8907,3.0278,0.0000,3.1069,5.2874,5.2871,5.1275,5.5739,16.0198,7.0000
sub-010,ses-02,C3,1,4,2,0,4.7335,4.2028,17.8609,5.1904,0.0000,4.8927,6.5629,6.5311,2.1686,7.4346,33.1097,12.0000
sub-010,ses-02,C3,2,4,2,0,1.7812,3.6144,9.4260,4.0741,0.0000,3.0489,5.9930,6.0107,3.8942,7.0634,20.4030,13.0000
sub-010,ses-02,C3,3,8,2,0,9.3938,14.2636,12.4304,7.0015,0.0000,6.0519,6.8426,6.7795,7.1144,7.4458,29.1976,12.0000
sub-010,ses-02,C3,4,4,2,0,3.7021,5.4905,21.1791,8.1051,0.0000,6.2607,7.3148,7.2748,4.0104,11.6222,59.4362,13.0000
sub-010,ses-02,C3,5,4,4,0,8.9640,10.6279,6.1688,3.4177,0.0000,3.7165,5.2861,5.2635,5.4670,6.6830,22.0360,7.0000
sub-010,ses-02,C3,6,2,4,0,5.1327,4.3667,18.9241,11.4313,0.0000,6.9802,5.4429,5.3254,6.3550,6.2974,50.5720,13.0000
sub-010,ses-02,C3,7,4,4,0,10.4754,5.8968,15.2866,5.5900,0.0000,5.3460,6.0053,5.9561,6.2813,6.6680,31.3456,13.0000
sub-010,ses-02,C3,8,4,2,0,23.4878,4.8352,8.6640,5.6430,0.0000,5.5496,6.0528,5.9831,3.6762,7.2714,49.2021,3.0000
sub-010,ses-02,C3,9,8,2,0,3.9958,3.7731,6.5155,5.6367,0.0000,3.3360,6.3339,6.3489,4.9096,6.0589,21.7568,14.0000
sub-010,ses-02,C3,10,4,2,0,12.1344,5.6417,14.7577,7.9390,0.0000,6.1130,8.2730,8.2436,5.4868,8.1073,41.7479,13.0000
sub-010,ses-02,C3,11,2,8,0,5.6462,4.1733,9.3189,4.8776,0.0000,3.6884,5.8120,5.8138,5.2022,6.2851,23.2910,13.0000
sub-010,ses-02,C3,12,4,4,2,5.7399,6.3348,14.4238,5.8468,0.0000,4.9035,6.1247,6.0841,3.6656,7.1702,27.1834,11.0000
sub-010,ses-02,C3,13,4,2,2,11.1568,16.0323,15.0475,8.0623,0.0000,7.0663,6.2689,6.1662,10.9980,5.3787,38.5023,13.0000
sub-010,ses-02,C3,14,2,4,2,6.2239,5.5975,8.0198,7.0558,0.0000,4.3519,5.7784,5.7438,3.9812,6.5013,21.9063,13.0000
sub-010,ses-02,C3,15,4,2,2,4.7028,6.2924,14.0205,5.1774,0.0000,4.5444,6.2777,6.2380,7.2620,5.7919,23.9674,12.0000
sub-010,ses-02,C3,16,4,2,0,5.2030,7.2916,20.4929,7.1192,0.0000,6.1741,5.3422,5.2523,5.0112,8.6705,47.5220,13.0000
sub-010,ses-02,C3,17,4,2,0,19.3018,6.7714,4.7749,6.7234,0.0000,5.1243,7.5178,7.4963,3.5940,6.8490,30.5561,14.0000
sub-010,ses-02,C3,18,4,2,0,7.9774,3.8669,12.9862,6.5240,0.0000,4.8862,6.7958,6.7602,11.1999,5.9151,34.2502,11.0000
sub-010,ses-02,C3,19,4,2,2,1.7369,1.2193,12.8436,6.0566,0.0000,3.8982,6.9374,6.9287,6.4403,6.9294,40.0754,10.0000
sub-010,ses-02,C3,20,4,2,2,3.3646,6.8114,13.9513,3.3362,0.0000,3.9019,6.6392,6.6385,5.7482,6.1291,31.8109,10.0000
sub-010,ses-02,C3,21,4,4,2,8.4449,4.7700,13.2368,7.8893,0.0000,5.4614,6.9945,6.9356,4.3178,5.6400,33.4852,12.0000
sub-010,ses-02,C3,22,4,2,4,6.8273,7.4132,11.9663,5.5942,0.0000,4.6857,7.4375,7.4263,4.3194,7.2465,36.0730,10.0000
sub-010,ses-02,C3,23,4,4,2,6.8700,5.5693,7.7405,6.0297,0.0000,4.0601,7.2144,7.2295,7.0110,9.4564,18.3285,10.0000
sub-010,ses-02,C3,24,4,4,2,1.4800,1.1309,6.4878,7.0050,0.0000,3.2659,5.5843,5.5844,8.1576,5.1635,17.6061,20.0000
sub-010,ses-02,C3,25,2,4,2,2.2529,2.4389,11.5951,10.8565,0.0000,5.3366,6.7961,6.7604,5.3380,9.0575,39.4487,13.0000
sub-010,ses-02,CP3,0,4,2,0,5.0230,6.9830,10.1372,4.3334,0.0000,3.8414,5.2207,5.1844,4.3931,6.7455,18.5986,12.0000
sub-010,ses-02,CP3,1,4,2,0,7.2382,6.6822,16.6903,5.5434,0.0000,5.2997,5.5721,5.4931,2.7814,5.6851,28.5553,12.0000
sub-010,ses-02,CP3,2,4,2,0,0.4622,5.0455,11.5400,5.6744,0.0000,3.8381,5.7564,5.7299,4.2663,7.0671,37.0213,13.0000
sub-010,ses-02,CP3,3,8,2,0,5.1807,11.0181,13.1683,5.2381,0.0000,4.9279,7.0655,7.0297,6.0459,6.6223,29.8357,11.0000
sub-010,ses-02,CP3,4,4,2,0,9.6044,5.8632,20.0793,6.2570,0.0000,6.1323,7.4014,7.3564,6.1044,12.8078,54.9972,13.0000
sub-010,ses-02,CP3,5,4,4,0,3.9557,6.3700,3.9773,3.4506,0.0000,2.5587,5.0952,5.1052,4.2884,5.6281,20.4967,7.0000
sub-010,ses-02,CP3,6,2,4,0,5.0593,3.4579,22.4779,9.1400,0.0000,6.6920,5.4234,5.3226,5.1877,7.4652,55.6075,13.0000
sub-010,ses-02,CP3,7,4,4,0,9.4783,2.6104,18.3868,5.4655,0.0000,5.3425,5.2067,5.1272,4.7054,6.2704,37.3342,13.0000
sub-010,ses-02,CP3,8,4,2,0,8.4193,6.7097,7.5123,6.0160,0.0000,4.2744,5.2182,5.1831,4.2741,8.0231,21.3127,21.0000
sub-010,ses-02,CP3,9,8,2,0,3.3864,6.2977,6.2764,8.1826,0.0000,4.2504,5.9181,5.8785,6.2893,5.9699,30.3091,14.0000
sub-010,ses-02,CP3,10,4,2,0,6.3663,3.2474,14.0045,6.8093,0.0000,4.9070,6.5835,6.5578,4.6876,6.5679,30.2276,13.0000
sub-010,ses-02,CP3,11,2,8,0,5.0555,8.4389,9.4663,4.5915,0.0000,3.9643,5.1358,5.0998,5.4319,5.4858,19.8654,13.0000
sub-010,ses-02,CP3,12,4,4,2,4.3304,3.1679,10.4122,4.2090,0.0000,3.4229,5.6459,5.6294,3.6159,5.5696,31.0501,11.0000
sub-010,ses-02,CP3,13,4,2,2,11.1872,15.1306,14.9999,9.0786,0.0000,7.2859,6.2230,6.1025,9.1562,5.3062,40.9913,13.0000
sub-010,ses-02,CP3,14,2,4,2,1.3957,6.0730,8.2482,6.9889,0.0000,3.9586,5.7782,5.7684,4.6372,7.3915,27.1887,13.0000
sub-010,ses-02,CP3,15,4,2,2,6.1563,3.0379,11.6663,5.2489,0.0000,4.0700,5.7950,5.7554,4.7957,6.2443,21.9887,11.0000
sub-010,ses-02,CP3,16,4,2,0,6.3452,1.7771,17.2052,6.5455,0.0000,5.1351,5.5451,5.5007,3.5371,8.0048,43.7710,13.0000
sub-010,ses-02,CP3,17,4,2,0,15.7158,11.0698,6.2200,7.4612,0.0000,5.6153,5.6051,5.5256,3.8125,5.0523,24.4020,3.0000
sub-010,ses-02,CP3,18,4,2,0,4.5406,4.3941,8.1097,4.8826,0.0000,3.4388,6.0074,6.0081,8.5994,6.2790,20.4613,11.0000
sub-010,ses-02,CP3,19,4,2,2,2.1775,3.4774,12.4050,4.2090,0.0000,3.5295,7.6024,7.6244,5.1326,8.3278,33.2506,10.0000
sub-010,ses-02,CP3,20,4,2,2,5.2969,7.6796,15.9364,6.1708,0.0000,5.2964,5.9422,5.8826,8.0325,5.8669,21.0944,13.0000
sub-010,ses-02,CP3,21,4,4,2,6.8643,5.6158,8.3705,6.9258,0.0000,4.4228,7.4574,7.4512,3.8348,6.8982,22.8769,12.0000
sub-010,ses-02,CP3,22,4,2,4,4.6418,4.7281,6.6406,6.5836,0.0000,3.7886,6.3468,6.3319,4.9210,6.8445,28.8595,10.0000
sub-010,ses-02,CP3,23,4,4,2,9.2538,5.6109,7.3642,6.1507,0.0000,4.2698,6.8738,6.8716,3.0420,7.2126,19.6612,20.0000
sub-010,ses-02,CP3,24,4,4,2,3.4187,2.1121,6.8134,6.2301,0.0000,3.3487,5.2132,5.2173,5.4004,7.3823,28.3887,13.0000
sub-010,ses-02,CP3,25,2,4,2,6.3886,1.4017,16.8351,11.0446,0.0000,6.4128,5.9843,5.8807,4.5161,8.0863,46.4611,13.0000
sub-010,ses-02,O1,0,4,2,0,20.3733,6.6004,10.7405,4.5763,0.0000,5.3914,6.0871,6.0164,2.4362,5.1643,39.9233,11.0000
sub-010,ses-02,O1,1,4,2,0,5.5321,7.6594,5.4591,3.1692,0.0000,2.9470,5.8722,5.8759,9.2744,5.2494,15.8895,6.0000
sub-010,ses-02,O1,2,4,2,0,10.4966,5.8248,8.1172,4.0719,0.0000,3.8820,6.4669,6.4552,4.6672,5.1506,21.8907,1.0000
sub-010,ses-02,O1,3,8,2,0,36.9590,30.2129,14.0272,8.4827,0.0000,10.7704,15.0448,14.9474,25.8206,12.8809,55.1638,2.0000
sub-010,ses-02,O1,4,4,2,0,5.7489,7.5514,10.9541,5.6491,0.0000,4.4736,6.1690,6.1374,9.7621,6.2853,20.3147,11.0000
sub-010,ses-02,O1,5,4,4,0,2.6832,3.7983,6.3681,4.1674,0.0000,2.7514,5.7659,5.7870,5.3828,6.3295,12.7071,9.0000
sub-010,ses-02,O1,6,2,4,0,8.3109,5.9834,3.3262,5.5468,0.0000,3.4708,5.0770,5.0498,3.8568,5.7270,25.2427,20.0000
sub-010,ses-02,O1,7,4,4,0,15.3035,5.3974,6.4982,4.7277,0.0000,4.2617,5.6664,5.6033,4.5677,6.2050,48.6890,1.0000
sub-010,ses-02,O1,8,4,2,0,24.8775,21.5747,24.7305,18.5950,0.0000,13.3937,24.6956,24.6934,18.5338,23.2403,51.0907,11.0000
sub-010,ses-02,O1,9,8,2,0,22.2688,8.0355,6.4055,5.9803,0.0000,5.5208,7.2300,7.1754,5.0496,4.9281,30.8736,3.0000
sub-010,ses-02,O1,10,4,2,0,3.8072,5.2305,3.5349,4.5626,0.0000,2.7133,5.6930,5.7079,5.4624,5.0519,23.1420,15.0000
sub-010,ses-02,O1,11,2,8,0,17.7000,5.0180,5.2124,3.6724,0.0000,3.9509,5.9919,5.9507,5.8440,4.6225,32.4075,3.0000
sub-010,ses-02,O1,12,4,4,2,10.4653,4.1549,10.0276,3.7255,0.0000,3.8855,6.2415,6.2077,6.0809,5.7033,27.1988,1.0000
sub-010,ses-02,O1,13,4,2,2,30.1140,18.1804,6.0679,4.7227,0.0000,6.7670,6.4395,6.3188,7.0794,3.3943,58.6369,2.0000
sub-010,ses-02,O1,14,2,4,2,2.2364,5.3912,12.0087,3.0478,0.0000,3.3066,5.6084,5.6032,4.7351,5.9502,21.7902,12.0000
sub-010,ses-02,O1,15,4,2,2,19.8340,14.9242,7.3018,3.6980,0.0000,5.3702,5.9298,5.8721,7.9380,5.4076,29.7110,1.0000
sub-010,ses-02,O1,16,4,2,0,23.5537,3.4757,6.4115,4.0575,0.0000,4.6357,5.2314,5.1536,5.9814,4.8597,57.6364,1.0000
sub-010,ses-02,O1,17,4,2,0,6.2391,6.7005,5.1416,4.2294,0.0000,3.1998,5.8796,5.8862,4.3480,5.4304,13.9937,6.0000
sub-010,ses-02,O1,18,4,2,0,11.8448,12.0100,14.3224,6.7736,0.0000,6.2654,5.7487,5.6643,4.8508,5.3390,32.7942,4.0000
sub-010,ses-02,O1,19,4,2,2,2.6415,3.2461,8.6533,2.4224,0.0000,2.4875,5.8677,5.9099,8.4497,6.9637,14.9003,13.0000
sub-010,ses-02,O1,20,4,2,2,22.0160,8.3552,6.4554,4.9087,0.0000,5.2100,8.5020,8.4853,5.2189,8.2099,30.0509,4.0000
sub-010,ses-02,O1,21,4,4,2,19.8660,13.4014,10.2863,3.2838,0.0000,5.5227,7.6934,7.6300,11.0947,5.8793,30.7183,1.0000
sub-010,ses-02,O1,22,4,2,4,9.2667,3.9999,4.3249,2.6900,0.0000,2.6508,5.8006,5.7893,5.9738,5.4455,17.4014,1.0000
sub-010,ses-02,O1,23,4,4,2,13.4622,1.7748,4.5019,4.9697,0.0000,3.5480,5.6806,5.6351,10.1365,5.5067,28.2513,1.0000
sub-010,ses-02,O1,24,4,4,2,13.2397,9.2644,11.4252,3.1023,0.0000,4.6255,6.4147,6.3724,6.0629,6.3734,24.4372,9.0000
sub-010,ses-02,O1,25,2,4,2,65.4344,15.4187,6.5607,3.6295,0.0000,9.5340,11.6422,11.4805,7.9621,7.8124,90.5167,1.0000
sub-010,ses-02,Pz,0,4,2,0,5.5597,5.4449,10.9892,4.1550,0.0000,3.8132,5.3426,5.3288,5.2875,6.4342,23.2632,13.0000
sub-010,ses-02,Pz,1,4,2,0,7.2054,3.1239,13.2514,5.1182,0.0000,4.3573,5.6790,5.6410,6.8079,8.4212,48.5299,12.0000
sub-010,ses-02,Pz,2,4,2,0,5.4095,2.3762,13.8047,6.1410,0.0000,4.5071,5.9410,5.8871,4.8417,5.0604,43.0117,10.0000
sub-010,ses-02,Pz,3,8,2,0,3.3528,5.5904,14.0165,3.7016,0.0000,3.9068,5.4090,5.3769,8.6943,5.3677,18.8258,12.0000
sub-010,ses-02,Pz,4,4,2,0,3.8743,7.9244,17.5850,7.5002,0.0000,5.8188,7.0569,7.0040,8.2407,8.1038,39.2229,13.0000
sub-010,ses-02,Pz,5,4,4,0,4.1088,2.0822,11.2239,3.1883,0.0000,3.1059,5.5807,5.5913,4.8626,6.0295,18.8283,12.0000
sub-010,ses-02,Pz,6,2,4,0,6.9334,5.1957,18.2628,7.4842,0.0000,5.9393,6.1170,6.0137,5.5923,6.5358,36.0436,12.0000
sub-010,ses-02,Pz,7,4,4,0,6.8633,6.9336,15.6179,4.6741,0.0000,4.8758,5.5806,5.4956,3.5989,6.6739,37.0657,12.0000
sub-010,ses-02,Pz,8,4,2,0,8.2477,5.2964,14.7643,8.2523,0.0000,5.8149,5.8898,5.8197,5.1259,8.9854,33.0055,13.0000
sub-010,ses-02,Pz,9,8,2,0,6.5935,1.8369,10.3859,5.7597,0.0000,3.9747,6.1936,6.1691,8.3556,6.3985,23.7825,11.0000
sub-010,ses-02,Pz,10,4,2,0,5.8302,7.5355,18.4588,6.2098,0.0000,5.6963,5.9536,5.8849,4.7966,7.7511,37.8732,12.0000
sub-010,ses-02,Pz,11,2,8,0,8.5705,7.5973,4.9935,3.7883,0.0000,3.3460,5.8403,5.8453,5.7806,6.8955,22.5861,14.0000
sub-010,ses-02,Pz,12,4,4,2,14.9137,4.4641,15.3462,4.9130,0.0000,5.4293,6.2212,6.1317,8.0087,6.0483,31.7207,1.0000
sub-010,ses-02,Pz,13,4,2,2,5.4223,5.4697,16.1826,3.6777,0.0000,4.3831,6.1263,6.1070,6.9854,5.9864,33.6727,10.0000
sub-010,ses-02,Pz,14,2,4,2,7.6614,8.1381,8.6360,4.2349,0.0000,3.9551,5.6093,5.5962,3.2508,5.5558,22.0520,13.0000
sub-010,ses-02,Pz,15,4,2,2,4.1257,1.7274,8.7337,6.7484,0.0000,3.8033,5.8321,5.8219,3.9658,6.6831,21.8804,16.0000
sub-010,ses-02,Pz,16,4,2,0,50.3700,29.2263,16.2033,14.4437,0.0000,14.0319,24.2031,24.2252,21.9027,20.0780,84.7008,2.0000
sub-010,ses-02,Pz,17,4,2,0,2.5296,2.8029,6.7105,3.8241,0.0000,2.5885,4.8836,4.8873,4.8223,4.9402,17.1156,14.0000
sub-010,ses-02,Pz,18,4,2,0,3.3842,7.4682,10.7894,6.7917,0.0000,4.5683,5.0640,5.0075,3.7256,5.2024,21.3277,9.0000
sub-010,ses-02,Pz,19,4,2,2,3.8491,4.9089,12.0584,3.7453,0.0000,3.6296,5.4887,5.4643,6.3322,6.3516,29.0698,10.0000
sub-010,ses-02,Pz,20,4,2,2,6.5183,7.1623,16.3217,3.8394,0.0000,4.7108,5.9652,5.9249,5.4982,6.9523,37.0941,12.0000
sub-010,ses-02,Pz,21,4,4,2,3.1414,6.4204,12.7155,6.9961,0.0000,4.7788,6.4983,6.4652,4.6453,7.4791,28.9898,11.0000
sub-010,ses-02,Pz,22,4,2,4,3.7733,5.1736,15.8341,3.8807,0.0000,4.2149,5.4525,5.4172,5.0507,5.4600,50.3387,10.0000
sub-010,ses-02,Pz,23,4,4,2,7.7104,12.1948,6.2860,6.8298,0.0000,4.7936,5.8763,5.8213,3.8181,6.6699,25.4997,5.0000
sub-010,ses-02,Pz,24,4,4,2,11.4116,5.5753,7.7904,6.5492,0.0000,4.6472,5.8878,5.8326,4.2674,6.6546,29.6577,1.0000
sub-010,ses-02,Pz,25,2,4,2,9.7322,5.5043,15.2805,9.4373,0.0000,6.4027,7.1105,7.0480,5.8362,9.0617,37.9988,13.0000
sub-010,ses-02,Fp2,0,4,2,0,15.2807,8.6895,11.2118,3.7134,0.0000,4.9169,5.7156,5.6227,2.6768,6.5934,35.5143,1.0000
sub-010,ses-02,Fp2,1,4,2,0,21.3707,3.0961,10.6896,5.5160,0.0000,5.4352,5.0250,4.8884,4.1082,7.0249,70.1828,1.0000
sub-010,ses-02,Fp2,2,4,2,0,8.4681,3.2359,9.7468,3.6858,0.0000,3.5631,5.5157,5.5029,7.6817,5.0969,23.1478,1.0000
sub-010,ses-02,Fp2,3,8,2,0,4.9837,10.6897,7.7518,3.4189,0.0000,3.5733,6.6679,6.6720,6.6743,5.7077,21.0921,6.0000
sub-010,ses-02,Fp2,4,4,2,0,1.7731,2.8516,21.6234,10.2974,0.0000,6.5606,5.9343,5.8593,3.9161,11.0298,64.5667,13.0000
sub-010,ses-02,Fp2,5,4,4,0,21.3533,2.3338,10.6664,4.4108,0.0000,5.0253,6.0624,5.9274,5.2105,5.9967,55.7031,1.0000
sub-010,ses-02,Fp2,6,2,4,0,18.6225,1.7227,14.5042,7.2052,0.0000,6.0947,5.8152,5.6529,4.1917,8.5267,65.9750,1.0000
sub-010,ses-02,Fp2,7,4,4,0,26.9525,1.0515,12.2328,6.3056,0.0000,6.2183,6.7323,6.5691,4.3163,7.2493,69.7170,1.0000
sub-010,ses-02,Fp2,8,4,2,0,5.0957,3.1773,12.7356,6.8043,0.0000,4.6038,5.8170,5.7633,3.4708,6.2183,30.6990,10.0000
sub-010,ses-02,Fp2,9,8,2,0,16.4217,12.1331,13.1920,6.1915,0.0000,6.3688,6.1121,6.0026,5.9626,8.2728,32.7161,1.0000
sub-010,ses-02,Fp2,10,4,2,0,7.3270,14.5054,17.8115,6.1078,0.0000,6.3628,6.2308,6.1432,3.8334,7.4459,52.4754,12.0000
sub-010,ses-02,Fp2,11,2,8,0,17.3681,3.5217,4.1483,4.1225,0.0000,3.7684,5.6201,5.6052,2.7896,7.1129,35.9827,2.0000
sub-010,ses-02,Fp2,12,4,4,2,9.0843,8.9877,8.6724,6.3797,0.0000,4.8200,6.1347,6.0827,5.2999,5.9346,25.5042,20.0000
sub-010,ses-02,Fp2,13,4,2,2,23.8773,7.2015,14.9793,6.0534,0.0000,6.8113,6.0074,5.8454,5.6847,5.2822,67.0083,1.0000
sub-010,ses-02,Fp2,14,2,4,2,15.2533,3.5805,7.8160,4.9509,0.0000,4.3394,6.0070,5.9748,3.7913,7.6739,37.7300,1.0000
sub-010,ses-02,Fp2,15,4,2,2,9.8819,4.5917,16.9113,5.6591,0.0000,5.4170,5.7061,5.5871,4.8337,6.9535,32.6669,9.0000
sub-010,ses-02,Fp2,16,4,2,0,22.7561,10.3664,19.2169,9.0212,0.0000,8.4899,5.7328,5.5722,7.7770,6.9352,66.6196,1.0000
sub-010,ses-02,Fp2,17,4,2,0,19.5301,6.4106,9.1888,6.8863,0.0000,5.7772,6.2125,6.1274,6.8660,5.3193,64.9783,1.0000
sub-010,ses-02,Fp2,18,4,2,0,16.6140,3.1234,15.1546,4.2214,0.0000,5.2269,5.7116,5.6160,7.4157,6.0602,34.8552,1.0000
sub-010,ses-02,Fp2,19,4,2,2,8.4646,13.5968,13.5133,5.8074,0.0000,5.6935,6.4372,6.3837,6.4415,8.4556,27.3695,5.0000
sub-010,ses-02,Fp2,20,4,2,2,17.4206,6.0728,18.4300,5.3496,0.0000,6.3744,5.8577,5.7479,3.6599,5.4203,31.4777,10.0000
sub-010,ses-02,Fp2,21,4,4,2,13.8319,6.3839,15.3536,4.7596,0.0000,5.4618,6.0867,5.9956,5.9559,7.6603,42.9771,1.0000
sub-010,ses-02,Fp2,22,4,2,4,19.2973,13.9433,11.3342,3.4462,0.0000,5.7156,5.8310,5.7458,6.4892,5.0666,38.1242,1.0000
sub-010,ses-02,Fp2,23,4,4,2,8.8020,3.0199,14.8246,7.0159,0.0000,5.2894,5.9037,5.8155,6.3322,6.7487,31.7141,8.0000
sub-010,ses-02,Fp2,24,4,4,2,10.7755,2.9578,14.9816,5.1838,0.0000,4.9352,5.2635,5.2102,5.4352,6.1943,33.7546,13.0000
sub-010,ses-02,Fp2,25,2,4,2,6.3313,5.0090,11.3413,7.5348,0.0000,4.9154,5.5941,5.5440,4.2288,6.7036,26.4644,13.0000
sub-010,ses-02,Fz,0,4,2,0,1.8736,7.4876,13.7801,3.2675,0.0000,3.7815,5.1113,5.0890,5.4049,6.3419,21.9077,12.0000
sub-010,ses-02,Fz,1,4,2,0,8.3046,5.7405,12.5234,5.1968,0.0000,4.6251,5.3416,5.2806,3.3053,8.5157,32.2990,12.0000
sub-010,ses-02,Fz,2,4,2,0,8.0053,9.2319,10.8660,5.3936,0.0000,4.7503,5.6677,5.6218,5.6071,5.4390,21.4836,13.0000
sub-010,ses-02,Fz,3,8,2,0,4.8582,10.6640,10.3443,3.8255,0.0000,4.0439,6.2025,6.1887,6.5607,6.6232,20.0144,7.0000
sub-010,ses-02,Fz,4,4,2,0,3.0602,4.0322,12.5184,8.7015,0.0000,5.0372,6.2382,6.2087,4.4920,7.8484,37.2611,13.0000
sub-010,ses-02,Fz,5,4,4,0,3.8851,4.7309,16.0652,6.8457,0.0000,5.1128,5.3184,5.2360,5.1096,5.5042,32.9284,16.0000
sub-010,ses-02,Fz,6,2,4,0,9.0797,3.4177,10.2975,3.5704,0.0000,3.6788,5.3627,5.3431,7.6106,6.9851,26.7527,1.0000
sub-010,ses-02,Fz,7,4,4,0,7.4971,6.5093,16.1151,5.7427,0.0000,5.2877,6.0235,5.9554,4.1849,6.8030,33.7831,12.0000
sub-010,ses-02,Fz,8,4,2,0,8.7069,6.0456,14.7797,9.0627,0.0000,6.1745,5.2939,5.1806,4.0628,6.1480,31.3238,12.0000
sub-010,ses-02,Fz,9,8,2,0,4.7329,6.7370,12.1638,8.2189,0.0000,5.2490,6.4278,6.3743,8.7090,8.6786,21.2871,13.0000
sub-010,ses-02,Fz,10,4,2,0,14.5636,14.5516,15.3281,5.6889,0.0000,6.5671,6.5972,6.5070,6.8034,8.3310,40.8069,12.0000
sub-010,ses-02,Fz,11,2,8,0,4.8800,4.8694,9.3998,4.5685,0.0000,3.5997,5.6987,5.6989,3.1978,6.5836,20.1776,13.0000
sub-010,ses-02,Fz,12,4,4,2,4.8480,2.5363,8.0776,5.1237,0.0000,3.3630,6.2093,6.2116,6.0723,6.4404,22.5152,11.0000
sub-010,ses-02,Fz,13,4,2,2,10.4057,10.8770,15.0341,6.1877,0.0000,5.9483,5.9900,5.9040,8.1032,5.0992,26.3166,10.0000
sub-010,ses-02,Fz,14,2,4,2,7.1638,6.1365,7.2763,3.7060,0.0000,3.3730,5.5918,5.5980,5.5057,7.4462,18.0675,13.0000
sub-010,ses-02,Fz,15,4,2,2,3.6795,7.2914,14.4653,4.5367,0.0000,4.4105,5.9170,5.8813,6.3447,6.6755,24.3936,11.0000
sub-010,ses-02,Fz,16,4,2,0,6.1772,4.6841,19.3537,9.3392,0.0000,6.5344,6.4096,6.3248,8.1134,9.1727,45.8984,13.0000
sub-010,ses-02,Fz,17,4,2,0,14.2116,7.7640,8.9150,7.3524,0.0000,5.5110,6.1977,6.1416,8.6538,6.1635,30.4012,14.0000
sub-010,ses-02,Fz,18,4,2,0,7.0384,5.5465,16.0066,4.4256,0.0000,4.7422,6.3849,6.3395,11.0496,6.5981,33.7231,11.0000
sub-010,ses-02,Fz,19,4,2,2,5.8056,10.9098,10.0481,3.9493,0.0000,4.1509,5.5341,5.5071,5.7639,6.1798,26.4286,10.0000
sub-010,ses-02,Fz,20,4,2,2,13.2929,5.4554,21.2957,4.1085,0.0000,5.9576,5.9453,5.8621,5.3097,6.8849,50.3242,10.0000
sub-010,ses-02,Fz,21,4,4,2,3.5841,3.9572,13.8940,2.8959,0.0000,3.5157,6.1821,6.1768,3.3449,7.7849,22.6478,11.0000
sub-010,ses-02,Fz,22,4,2,4,10.4925,19.2022,11.3942,3.6785,0.0000,5.4643,6.0520,5.9895,6.6775,6.0108,29.6383,4.0000
sub-010,ses-02,Fz,23,4,4,2,5.0632,4.4888,11.7789,7.5235,0.0000,4.8067,6.2433,6.2058,6.7078,6.7440,25.2682,13.0000
sub-010,ses-02,Fz,24,4,4,2,7.8148,4.8843,16.4459,6.1948,0.0000,5.3489,5.2868,5.2282,3.4679,5.9731,35.5591,13.0000
sub-010,ses-02,Fz,25,2,4,2,8.1600,4.8775,7.9274,4.9536,0.0000,3.8166,5.1359,5.1057,3.2516,5.1491,14.4623,13.0000
sub-010,ses-02,FCz,0,4,2,0,3.7618,11.3545,13.2289,4.7537,0.0000,4.6892,5.7961,5.7552,11.1836,5.9853,32.9438,7.0000
sub-010,ses-02,FCz,1,4,2,0,4.7650,1.8347,8.8243,5.2277,0.0000,3.4257,5.4944,5.4864,4.0549,7.4411,19.0704,13.0000
sub-010,ses-02,FCz,2,4,2,0,4.3106,5.5132,7.9799,2.7816,0.0000,2.8683,5.0587,5.0673,4.5440,5.3533,13.9474,10.0000
sub-010,ses-02,FCz,3,8,2,0,7.1427,11.2749,12.5692,7.0790,0.0000,5.6073,5.3455,5.2692,6.2959,6.7421,27.2888,13.0000
sub-010,ses-02,FCz,4,4,2,0,2.6800,2.7877,10.9783,6.5667,0.0000,4.0258,6.1912,6.1859,4.3516,8.2384,33.9895,13.0000
sub-010,ses-02,FCz,5,4,4,0,4.9415,5.3029,11.8073,3.0365,0.0000,3.5185,5.2840,5.2735,4.6972,4.8862,31.1320,10.0000
sub-010,ses-02,FCz,6,2,4,0,4.9184,2.1678,10.3140,5.4569,0.0000,3.7481,5.2958,5.2632,7.0027,4.9637,36.5584,11.0000
sub-010,ses-02,FCz,7,4,4,0,9.9458,10.1323,15.7674,4.3570,0.0000,5.3851,5.9644,5.9120,5.1680,7.2596,31.8550,12.0000
sub-010,ses-02,FCz,8,4,2,0,5.8899,11.8407,17.7815,7.4695,0.0000,6.3887,5.8950,5.8043,6.7848,6.5709,32.9935,13.0000
sub-010,ses-02,FCz,9,8,2,0,3.0082,6.3008,11.4868,5.5932,0.0000,4.1597,6.0224,5.9975,5.7284,7.7161,26.7629,12.0000
sub-010,ses-02,FCz,10,4,2,0,6.5786,9.0353,16.7824,4.9347,0.0000,5.2861,5.9343,5.8749,9.5049,6.5587,35.7458,12.0000
sub-010,ses-02,FCz,11,2,8,0,4.1285,4.8509,6.6714,5.0273,0.0000,3.2861,4.8375,4.8244,4.0926,5.1468,15.0654,13.0000
sub-010,ses-02,FCz,12,4,4,2,8.4277,2.9438,7.9541,4.5485,0.0000,3.5428,5.8250,5.8106,4.1599,6.3091,17.6218,1.0000
sub-010,ses-02,FCz,13,4,2,2,6.1830,10.7307,13.4354,6.1589,0.0000,5.3101,5.8495,5.7775,7.7297,4.6218,25.4324,22.0000
sub-010,ses-02,FCz,14,2,4,2,15.6421,6.6352,5.7540,4.6296,0.0000,4.2748,5.8237,5.7565,4.4309,5.9105,40.5753,1.0000
sub-010,ses-02,FCz,15,4,2,2,2.3469,4.1872,9.4065,3.7153,0.0000,3.0436,5.3425,5.3424,7.3550,5.9814,16.5924,11.0000
sub-010,ses-02,FCz,16,4,2,0,4.1349,8.0537,14.5619,6.3113,0.0000,5.0738,6.0374,6.0011,7.9057,7.5517,33.0973,13.0000
sub-010,ses-02,FCz,17,4,2,0,7.5423,7.6386,9.9041,6.3874,0.0000,4.7252,5.5544,5.5169,4.8117,4.9785,21.3732,13.0000
sub-010,ses-02,FCz,18,4,2,0,4.9890,6.8309,13.0379,4.1290,0.0000,4.1671,5.9704,5.9445,8.4646,6.0492,27.0671,9.0000
sub-010,ses-02,FCz,19,4,2,2,4.5008,4.1010,11.2754,3.9908,0.0000,3.5800,5.0882,5.0799,4.6069,6.6430,28.6063,13.0000
sub-010,ses-02,FCz,20,4,2,2,3.8333,5.8319,13.4638,4.8744,0.0000,4.2514,5.6192,5.5555,3.0252,7.3941,37.7142,10.0000
sub-010,ses-02,FCz,21,4,4,2,7.4385,6.4154,12.1032,3.6553,0.0000,4.0826,6.4628,6.4453,4.7896,7.3483,24.9421,11.0000
sub-010,ses-02,FCz,22,4,2,4,11.6714,17.7906,10.8349,3.4255,0.0000,5.2881,5.5569,5.4760,5.6843,4.7419,33.1925,4.0000
sub-010,ses-02,FCz,23,4,4,2,15.7757,3.3152,12.0359,7.8307,0.0000,5.8227,5.2236,5.1169,4.9273,5.8260,49.5009,1.0000
sub-010,ses-02,FCz,24,4,4,2,4.2579,3.0231,15.7552,7.7242,0.0000,5.2109,5.4488,5.3758,4.6965,6.3325,34.5246,11.0000
sub-010,ses-02,FCz,25,2,4,2,10.4815,2.1092,10.9913,5.8365,0.0000,4.4694,6.4175,6.3770,5.7794,5.2742,24.6467,1.0000
sub-010,ses-02,Cz,0,4,2,0,3.2589,8.2366,11.9583,3.6972,0.0000,3.8557,5.6713,5.6481,8.5035,5.3146,20.2758,11.0000
sub-010,ses-02,Cz,1,4,2,0,9.8341,3.7913,15.4371,3.1971,0.0000,4.3880,6.0381,6.0063,6.0630,7.9291,41.6593,12.0000
sub-010,ses-02,Cz,2,4,2,0,2.5084,2.5802,10.5152,3.6719,0.0000,3.0507,4.9790,4.9578,5.5073,5.5743,18.0086,10.0000
sub-010,ses-02,Cz,3,8,2,0,13.1896,13.2230,9.5848,4.3947,0.0000,5.1230,6.2635,6.2278,6.2861,6.3413,33.3516,4.0000
sub-010,ses-02,Cz,4,4,2,0,4.6547,4.7887,21.1165,8.4914,0.0000,6.3921,6.5938,6.5367,4.2248,10.8084,62.4281,13.0000
sub-010,ses-02,Cz,5,4,4,0,10.4863,9.0888,11.2002,3.4801,0.0000,4.4359,5.5939,5.5256,6.0206,5.6425,25.8356,12.0000
sub-010,ses-02,Cz,6,2,4,0,8.0953,1.3994,18.7130,7.9269,0.0000,5.8909,5.7050,5.6158,7.0375,6.7670,31.3917,13.0000
sub-010,ses-02,Cz,7,4,4,0,9.4442,7.6687,15.7960,5.0699,0.0000,5.3288,5.7516,5.6885,4.5527,6.3163,24.4086,12.0000
sub-010,ses-02,Cz,8,4,2,0,7.5075,6.5858,16.2598,8.6578,0.0000,6.1973,6.1703,6.0751,8.3499,7.4711,38.0064,14.0000
sub-010,ses-02,Cz,9,8,2,0,3.6676,3.7499,14.2759,5.7874,0.0000,4.4317,5.8656,5.8334,4.7386,7.7618,44.0023,11.0000
sub-010,ses-02,Cz,10,4,2,0,5.5641,9.0787,21.5415,4.8131,0.0000,5.8230,6.5055,6.4341,7.3508,9.6135,44.3345,12.0000
sub-010,ses-02,Cz,11,2,8,0,12.9163,4.9662,10.2126,6.4619,0.0000,5.0421,6.1597,6.1153,5.0914,6.2179,39.8839,1.0000
sub-010,ses-02,Cz,12,4,4,2,2.4278,2.1928,9.6103,6.0490,0.0000,3.5995,5.5862,5.5788,3.5358,5.7639,22.0033,19.0000
sub-010,ses-02,Cz,13,4,2,2,24.5799,11.2611,16.1599,4.4674,0.0000,6.9395,6.6198,6.5002,8.4218,6.1701,48.5371,1.0000
sub-010,ses-02,Cz,14,2,4,2,15.4622,4.8823,8.6585,5.0190,0.0000,4.6181,6.1329,6.0929,5.4878,6.5411,45.4138,1.0000
sub-010,ses-02,Cz,15,4,2,2,8.3452,6.6280,9.2510,5.5801,0.0000,4.3707,5.9979,5.9368,9.6806,5.5330,23.9458,1.0000
sub-010,ses-02,Cz,16,4,2,0,10.2308,6.5911,17.3793,8.8088,0.0000,6.6530,6.9660,6.8927,9.0333,10.5008,47.9973,13.0000
sub-010,ses-02,Cz,17,4,2,0,10.8833,3.3615,11.8311,7.8028,0.0000,5.3349,5.6643,5.5858,5.1194,4.7178,29.3779,13.0000
sub-010,ses-02,Cz,18,4,2,0,6.3997,5.5790,17.6249,4.7959,0.0000,5.0235,6.7469,6.6902,10.8205,8.0566,25.1844,11.0000
sub-010,ses-02,Cz,19,4,2,2,30.9150,9.1752,9.8767,3.1107,0.0000,6.0479,5.7181,5.5683,4.1150,6.2446,48.7545,1.0000
sub-010,ses-02,Cz,20,4,2,2,9.6074,6.6235,18.6658,4.4775,0.0000,5.4681,5.5904,5.4974,3.6726,6.4237,43.0111,10.0000
sub-010,ses-02,Cz,21,4,4,2,4.0912,8.0648,12.6842,5.6921,0.0000,4.6215,6.7512,6.7087,6.6939,7.6078,25.6184,11.0000
sub-010,ses-02,Cz,22,4,2,4,21.4494,9.0045,10.4986,3.2810,0.0000,5.2898,5.7621,5.6744,7.3184,4.9509,38.1190,1.0000
sub-010,ses-02,Cz,23,4,4,2,4.8076,1.5115,8.4816,5.4419,0.0000,3.4165,5.5084,5.4968,4.7680,7.2963,19.2136,10.0000
sub-010,ses-02,Cz,24,4,4,2,20.9741,1.5545,18.9060,6.9815,0.0000,6.8444,6.0277,5.8603,3.6513,5.5921,69.3258,1.0000
sub-010,ses-02,Cz,25,2,4,2,9.4990,8.0862,11.7106,5.9616,0.0000,5.0722,6.5023,6.4519,3.8015,6.8988,22.0168,10.0000
sub-010,ses-02,C4,0,4,2,0,5.1301,7.7603,12.8663,4.8216,0.0000,4.4521,6.4912,6.4641,4.5400,5.9729,21.1289,13.0000
sub-010,ses-02,C4,1,4,2,0,6.9778,4.2330,8.3547,4.6687,0.0000,3.6201,6.2228,6.2170,5.4696,8.4037,27.4094,12.0000
sub-010,ses-02,C4,2,4,2,0,6.4041,3.4533,12.9880,2.7815,0.0000,3.5702,5.1229,5.0933,2.8280,4.2060,28.9185,10.0000
sub-010,ses-02,C4,3,8,2,0,8.0181,6.6971,10.2692,4.2089,0.0000,4.0742,6.4523,6.4509,6.0616,7.2499,19.4296,12.0000
sub-010,ses-02,C4,4,4,2,0,6.8001,4.5096,15.7928,6.8029,0.0000,5.3124,5.8399,5.8010,6.6008,8.1514,45.9433,13.0000
sub-010,ses-02,C4,5,4,4,0,4.3347,6.6495,8.8644,3.3015,0.0000,3.2568,5.3576,5.3444,5.2146,4.6484,18.1764,11.0000
sub-010,ses-02,C4,6,2,4,0,5.8143,7.2218,10.8781,8.0000,0.0000,5.1492,5.7548,5.6755,4.9089,7.6033,31.9688,12.0000
sub-010,ses-02,C4,7,4,4,0,2.9761,2.4341,22.4974,6.2732,0.0000,5.5390,6.8389,6.7830,5.6239,7.8940,38.9850,12.0000
sub-010,ses-02,C4,8,4,2,0,15.2778,7.8468,6.7102,4.1230,0.0000,4.3339,5.2420,5.1512,3.9184,5.8141,35.2140,1.0000
sub-010,ses-02,C4,9,8,2,0,5.5591,2.6448,7.2955,3.3950,0.0000,2.8075,6.1691,6.1989,7.4729,8.6684,16.1894,12.0000
sub-010,ses-02,C4,10,4,2,0,1.5451,9.8967,18.0197,7.7936,0.0000,5.9349,7.8949,7.8422,4.4989,9.6144,63.0495,12.0000
sub-010,ses-02,C4,11,2,8,0,7.7420,4.6524,12.9493,6.0529,0.0000,4.7898,5.7366,5.6746,8.6085,5.4726,29.9446,8.0000
sub-010,ses-02,C4,12,4,4,2,9.3616,5.3665,9.4819,4.9477,0.0000,4.1889,5.9283,5.8958,6.1954,5.5190,25.4021,11.0000
sub-010,ses-02,C4,13,4,2,2,5.2970,3.9112,17.2848,4.1796,0.0000,4.5320,5.9364,5.8793,7.0457,6.3560,32.2548,10.0000
sub-010,ses-02,C4,14,2,4,2,9.7298,2.7844,7.3358,5.7741,0.0000,3.9334,5.2825,5.2578,4.1220,5.1714,23.0342,13.0000
sub-010,ses-02,C4,15,4,2,2,2.5792,3.1934,9.7159,7.0101,0.0000,4.0120,6.2130,6.1957,4.0196,7.2189,18.8513,16.0000
sub-010,ses-02,C4,16,4,2,0,10.3343,9.0537,13.1398,6.0290,0.0000,5.4597,6.0517,6.0093,4.1203,9.3150,33.8485,13.0000
sub-010,ses-02,C4,17,4,2,0,6.8375,3.8575,11.5279,4.7244,0.0000,4.0317,5.5352,5.5021,5.2582,5.0507,26.4093,12.0000
sub-010,ses-02,C4,18,4,2,0,8.9442,9.9121,10.4638,4.8426,0.0000,4.6782,6.4401,6.4061,7.7273,5.2952,23.5920,9.0000
sub-010,ses-02,C4,19,4,2,2,8.3330,1.7267,9.9755,5.7547,0.0000,4.0675,6.9804,6.9828,5.1222,6.5099,30.2438,10.0000
sub-010,ses-02,C4,20,4,2,2,4.5339,3.8792,20.4926,3.1123,0.0000,4.5830,5.9184,5.8678,4.8226,5.8965,47.2012,10.0000
sub-010,ses-02,C4,21,4,4,2,8.9445,2.1497,13.8373,6.4998,0.0000,4.9279,6.5091,6.4540,9.1420,8.8781,36.7589,11.0000
sub-010,ses-02,C4,22,4,2,4,8.2270,12.4388,14.5933,3.9131,0.0000,5.1417,7.1366,7.1019,6.9574,5.8270,43.2698,10.0000
sub-010,ses-02,C4,23,4,4,2,13.5500,15.3213,8.1022,7.7075,0.0000,6.1464,7.0075,6.9401,3.4890,6.1697,33.9877,4.0000
sub-010,ses-02,C4,24,4,4,2,5.7074,6.5916,10.1361,4.8114,0.0000,4.0130,5.7541,5.7488,6.2702,6.5279,26.9568,13.0000
sub-010,ses-02,C4,25,2,4,2,13.8640,5.7259,13.8431,7.6738,0.0000,6.0739,6.9720,6.9054,5.1794,6.8056,35.3934,13.0000
sub-010,ses-02,CP4,0,4,2,0,1.2321,3.2583,8.2815,2.9995,0.0000,2.4801,5.8484,5.8768,5.2963,6.8269,16.9960,11.0000
sub-010,ses-02,CP4,1,4,2,0,9.0371,5.7399,7.7576,2.4549,0.0000,3.1993,6.0103,6.0187,6.4851,6.0261,27.6343,12.0000
sub-010,ses-02,CP4,2,4,2,0,7.3567,4.3913,8.3596,5.5640,0.0000,3.9414,5.3128,5.2671,3.4448,4.9099,21.7837,10.0000
sub-010,ses-02,CP4,3,8,2,0,3.3323,5.5497,6.5267,3.4242,0.0000,2.7722,5.2200,5.2322,4.4603,5.4000,11.6486,14.0000
sub-010,ses-02,CP4,4,4,2,0,6.0014,3.0159,8.3732,6.2915,0.0000,3.9093,5.9446,5.9268,6.0661,6.9361,26.3058,13.0000
sub-010,ses-02,CP4,5,4,4,0,5.3438,3.0405,7.7608,3.8467,0.0000,3.0258,5.6963,5.7101,5.1441,5.9561,14.5198,15.0000
sub-010,ses-02,CP4,6,2,4,0,10.7842,5.4133,12.4337,5.8912,0.0000,5.0227,6.0852,6.0296,6.3546,7.7205,22.3060,12.0000
sub-010,ses-02,CP4,7,4,4,0,3.8521,8.0336,17.0997,5.1348,0.0000,5.0440,5.9430,5.8811,6.7684,7.4826,33.6004,10.0000
sub-010,ses-02,CP4,8,4,2,0,6.0715,3.1554,5.4523,2.6177,0.0000,2.4105,4.8608,4.8699,5.7003,4.8472,12.3550,1.0000
sub-010,ses-02,CP4,9,8,2,0,8.2896,1.5733,5.2361,3.4330,0.0000,2.6860,5.5304,5.5329,5.1052,7.5763,25.4917,1.0000
sub-010,ses-02,CP4,10,4,2,0,3.7379,8.4995,14.2151,5.2773,0.0000,4.7173,6.0845,6.0272,3.2967,7.2584,42.0543,12.0000
sub-010,ses-02,CP4,11,2,8,0,24.9427,7.1482,7.6924,3.0125,0.0000,4.9693,6.0386,5.9516,5.7390,5.5975,62.9362,2.0000
sub-010,ses-02,CP4,12,4,4,2,7.1246,4.0099,6.1461,5.9104,0.0000,3.6802,5.0705,5.0424,4.1333,4.3093,19.0637,18.0000
sub-010,ses-02,CP4,13,4,2,2,4.7191,6.8780,10.5523,3.2213,0.0000,3.5251,5.6769,5.6608,5.3092,5.4571,25.5990,11.0000
sub-010,ses-02,CP4,14,2,4,2,4.6227,4.6200,9.4590,5.4770,0.0000,3.8355,5.9545,5.9410,4.7103,5.9154,22.8072,12.0000
sub-010,ses-02,CP4,15,4,2,2,4.5694,5.7303,8.4616,5.9899,0.0000,3.9497,5.6209,5.6086,6.9043,6.4801,18.9063,17.0000
sub-010,ses-02,CP4,16,4,2,0,12.1535,5.8208,11.7349,6.0257,0.0000,5.1312,5.7065,5.6446,5.2100,7.9567,30.1207,13.0000
sub-010,ses-02,CP4,17,4,2,0,8.4904,4.0589,11.1594,5.1193,0.0000,4.2722,5.2199,5.1649,5.8351,5.1246,25.6727,1.0000
sub-010,ses-02,CP4,18,4,2,0,3.9789,1.4961,9.2345,5.9457,0.0000,3.5954,5.3827,5.3772,4.7773,5.1285,30.6058,13.0000
sub-010,ses-02,CP4,19,4,2,2,3.0599,2.9052,11.9273,4.3839,0.0000,3.5445,5.9975,5.9760,6.6476,6.5422,39.1107,10.0000
sub-010,ses-02,CP4,20,4,2,2,6.8365,8.4584,6.5019,3.7453,0.0000,3.4623,5.8585,5.8511,6.3080,5.1695,17.5036,7.0000
sub-010,ses-02,CP4,21,4,4,2,7.3459,1.4560,5.2130,4.4626,0.0000,2.8953,6.1856,6.1971,3.5181,5.8294,20.0617,14.0000
sub-010,ses-02,CP4,22,4,2,4,4.1511,2.3545,10.5527,3.9839,0.0000,3.2821,6.0923,6.0956,8.4891,5.9164,30.8286,8.0000
sub-010,ses-02,CP4,23,4,4,2,7.2277,6.9272,4.5274,5.0960,0.0000,3.4891,5.6849,5.6671,4.6391,6.3496,20.7658,7.0000
sub-010,ses-02,CP4,24,4,4,2,23.2183,4.7705,8.3060,5.9424,0.0000,5.5591,6.5201,6.4144,5.8494,6.9883,39.7175,1.0000
sub-010,ses-02,CP4,25,2,4,2,4.2807,4.9703,9.0785,7.1883,0.0000,4.3005,6.0964,6.0853,3.1478,10.0245,34.1772,14.0000
sub-010,ses-02,O2,0,4,2,0,19.6163,3.4367,10.4096,7.1371,0.0000,5.7547,5.8428,5.7258,3.8866,6.0544,52.9385,1.0000
sub-010,ses-02,O2,1,4,2,0,2.4950,2.3434,8.9855,4.6645,0.0000,3.1141,5.9349,5.9404,5.3311,5.9284,25.6679,12.0000
sub-010,ses-02,O2,2,4,2,0,4.1819,8.8968,8.6859,2.9243,0.0000,3.3127,5.9103,5.9149,5.1422,5.2179,19.1783,8.0000
sub-010,ses-02,O2,3,8,2,0,5.0523,5.7063,9.6805,3.2255,0.0000,3.3267,5.6530,5.6517,5.3293,6.4592,15.9247,12.0000
sub-010,ses-02,O2,4,4,2,0,6.4008,4.0722,12.7436,7.0985,0.0000,4.8985,5.9186,5.8763,6.1503,6.2782,29.2066,13.0000
sub-010,ses-02,O2,5,4,4,0,16.7061,6.5938,10.2568,6.2788,0.0000,5.4969,6.1853,6.0972,4.9914,6.6732,51.4221,1.0000
sub-010,ses-02,O2,6,2,4,0,12.1200,5.9174,8.8211,3.4000,0.0000,3.9367,5.0929,5.0458,7.0786,4.1365,27.0375,1.0000
sub-010,ses-02,O2,7,4,4,0,26.1824,5.8530,9.9472,4.8607,0.0000,5.8375,5.9303,5.8346,5.7054,6.2301,53.7231,1.0000
sub-010,ses-02,O2,8,4,2,0,13.4418,4.2353,9.7570,5.7224,0.0000,4.7358,5.5602,5.5035,6.3757,7.4943,26.6455,1.0000
sub-010,ses-02,O2,9,8,2,0,2.0450,11.8460,9.7996,4.9995,0.0000,4.1711,5.4823,5.4181,7.6306,5.9802,31.1148,7.0000
sub-010,ses-02,O2,10,4,2,0,12.4289,3.2247,4.4253,3.0192,0.0000,2.9864,6.1942,6.1991,7.6176,5.5025,36.3509,1.0000
sub-010,ses-02,O2,11,2,8,0,16.9033,5.9224,12.2680,6.4455,0.0000,5.7838,6.8165,6.7380,8.4400,6.6430,38.7814,3.0000
sub-010,ses-02,O2,12,4,4,2,14.3029,3.3892,8.8947,3.2920,0.0000,3.8821,5.3365,5.3008,5.0026,5.3650,51.6614,1.0000
sub-010,ses-02,O2,13,4,2,2,4.0511,1.8980,6.6981,3.9022,0.0000,2.6678,5.7645,5.7886,6.1479,4.8681,12.9342,8.0000
sub-010,ses-02,O2,14,2,4,2,17.1766,7.2892,9.7458,3.5213,0.0000,4.7003,5.9768,5.9109,6.1359,5.9951,42.0938,1.0000
sub-010,ses-02,O2,15,4,2,2,13.4011,11.3177,8.4538,6.6918,0.0000,5.5021,5.9257,5.8302,4.4563,8.7697,43.9103,1.0000
sub-010,ses-02,O2,16,4,2,0,45.0778,18.5552,10.3027,3.5835,0.0000,8.4403,8.9192,8.7469,16.6945,7.5830,73.9667,1.0000
sub-010,ses-02,O2,17,4,2,0,14.0104,2.3201,4.3819,3.9384,0.0000,3.3212,8.0333,8.0786,11.1074,7.9155,43.4749,2.0000
sub-010,ses-02,O2,18,4,2,0,19.2820,12.2807,5.3846,10.1557,0.0000,6.7577,7.6441,7.5499,5.3769,5.9205,43.3570,1.0000
sub-010,ses-02,O2,19,4,2,2,32.5881,11.2753,9.3547,5.0347,0.0000,6.9077,7.9924,7.8826,6.9832,8.2738,54.0853,1.0000
sub-010,ses-02,O2,20,4,2,2,17.4597,7.7484,7.3688,4.0346,0.0000,4.5929,6.3154,6.2481,3.8807,8.6108,48.6310,1.0000
sub-010,ses-02,O2,21,4,4,2,20.8924,5.7098,18.4225,10.0368,0.0000,8.0796,6.8509,6.6976,4.2089,9.0888,64.5479,13.0000
sub-010,ses-02,O2,22,4,2,4,22.5259,0.9981,3.6176,2.2652,0.0000,3.3779,5.0408,5.0071,5.3759,3.9801,67.0878,1.0000
sub-010,ses-02,O2,23,4,4,2,4.4125,3.2958,6.4264,4.7070,0.0000,3.0368,5.8667,5.8883,4.7577,4.8263,12.9500,19.0000
sub-010,ses-02,O2,24,4,4,2,22.6134,7.3778,10.5796,5.5307,0.0000,5.9382,6.6496,6.5296,9.1203,6.2156,54.0460,3.0000
sub-010,ses-02,O2,25,2,4,2,17.9330,3.4335,6.3472,6.4909,0.0000,4.8356,6.2032,6.1479,12.7687,6.5208,40.4587,3.0000
sub-011,ses-01,Fp1,0,4,4,2,5.1544,1.1263,4.9467,6.1528,0.0000,3.1346,5.3555,5.3412,3.6571,5.6196,17.9952,20.0000
sub-011,ses-01,Fp1,1,2,4,2,2.9951,3.3574,6.0554,5.3893,0.0000,3.0652,4.9882,4.9502,4.6679,5.5859,14.1155,13.0000
sub-011,ses-01,Fp1,2,4,2,2,19.7830,10.9779,13.5083,3.7508,0.0000,5.8803,5.8217,5.7375,6.8391,5.1505,43.1345,1.0000
sub-011,ses-01,Fp1,3,4,4,2,6.1340,7.1291,6.5756,4.6210,0.0000,3.5483,5.9153,5.9091,9.9221,5.4096,22.9798,15.0000
sub-011,ses-01,Fp1,4,8,2,2,3.7121,3.0407,3.7215,4.5360,0.0000,2.5188,5.3978,5.4234,7.1978,5.6991,10.5741,13.0000
sub-011,ses-01,Fp1,5,4,2,2,6.7402,2.3878,6.0564,2.9441,0.0000,2.5843,5.3581,5.3588,6.8690,6.5534,17.1674,10.0000
sub-011,ses-01,Fp1,6,2,4,2,9.0186,5.0359,4.6409,3.1307,0.0000,2.9015,5.4824,5.4836,8.1637,4.0920,22.9195,2.0000
sub-011,ses-01,Fp1,7,4,2,2,9.2117,1.5973,7.4226,5.7131,0.0000,3.7684,5.9053,5.8758,3.0905,7.5239,24.1220,1.0000
sub-011,ses-01,Fp1,8,8,2,2,8.9498,4.7342,16.0376,4.1419,0.0000,4.7629,5.2963,5.2211,5.1245,5.3186,49.1824,10.0000
sub-011,ses-01,Fp1,9,8,2,2,9.7108,3.5638,3.9306,3.9633,0.0000,2.9815,5.3265,5.3215,5.7940,4.5691,21.3588,1.0000
sub-011,ses-01,Fp1,10,8,2,2,5.8650,8.2901,4.0848,4.2012,0.0000,3.1569,5.6956,5.6907,4.2474,5.1618,19.6407,20.0000
sub-011,ses-01,Fp1,11,8,2,2,20.4574,3.6820,8.5300,6.0704,0.0000,5.2710,5.8213,5.7468,7.8592,4.4125,42.0378,1.0000
sub-011,ses-01,Fp1,12,8,2,2,26.4048,16.1461,8.4343,3.9366,0.0000,6.3252,10.3504,10.3382,12.2823,10.1096,52.1623,2.0000
sub-011,ses-01,Fp1,13,4,2,2,19.5412,4.5269,9.3366,1.7505,0.0000,4.0709,5.1740,5.1076,5.9089,4.8980,61.5788,1.0000
sub-011,ses-01,Fp1,14,4,4,2,3.5040,4.7241,6.7836,3.9114,0.0000,2.8945,5.5533,5.5637,6.5941,4.8377,15.4785,11.0000
sub-011,ses-01,Fp1,15,8,2,2,14.8424,4.2231,12.4769,5.6403,0.0000,5.2197,5.2445,5.1320,7.5221,5.2806,52.8368,1.0000
sub-011,ses-01,Fp1,16,8,2,2,11.7458,7.7434,4.2464,4.3718,0.0000,3.7272,4.9061,4.8736,4.6490,4.5469,15.4700,4.0000
sub-011,ses-01,Fp1,17,8,2,2,3.5224,6.4366,6.8596,3.0736,0.0000,2.8128,5.1188,5.1149,5.4392,6.7217,23.5179,10.0000
sub-011,ses-01,Fp1,18,8,2,2,24.0169,4.4481,3.6069,6.1611,0.0000,5.0138,5.7450,5.6443,3.8342,4.4648,56.7785,1.0000
sub-011,ses-01,Fp1,19,2,4,0,3.3475,2.5468,10.6497,1.7412,0.0000,2.5607,5.4636,5.4417,5.7544,5.6518,23.5086,9.0000
sub-011,ses-01,Fp1,20,4,4,2,2.3553,2.3660,13.1495,1.8483,0.0000,2.8328,5.5324,5.5386,4.8969,4.3718,32.3477,10.0000
sub-011,ses-01,Fp1,21,8,2,2,2.6939,5.9599,6.6013,4.2068,0.0000,2.9979,5.1002,5.0923,5.4764,4.7333,16.6951,10.0000
sub-011,ses-01,C3,0,4,4,2,7.8998,6.7413,4.8258,2.6222,0.0000,2.8281,5.8873,5.9109,6.9903,7.4783,16.3771,4.0000
sub-011,ses-01,C3,1,2,4,2,10.2693,8.2346,5.7655,6.6887,0.0000,4.5480,5.4686,5.4168,5.9158,4.8101,25.3621,15.0000
sub-011,ses-01,C3,2,4,2,2,14.2499,8.2744,10.9893,3.7385,0.0000,4.7589,6.4683,6.4305,8.9036,5.8529,30.2372,3.0000
sub-011,ses-01,C3,3,4,4,2,7.1548,11.1072,7.4264,2.6428,0.0000,3.5340,5.7434,5.7182,7.3401,4.9317,24.7460,5.0000
sub-011,ses-01,C3,4,8,2,2,4.7995,3.4433,3.1917,3.1554,0.0000,2.1661,4.7688,4.7751,2.6927,5.3706,20.0191,20.0000
sub-011,ses-01,C3,5,4,2,2,7.5763,6.9150,5.6452,5.2961,0.0000,3.7369,5.0959,5.0700,4.2241,5.1393,19.8620,1.0000
sub-011,ses-01,C3,6,2,4,2,6.2037,2.9211,16.3352,2.5258,0.0000,3.8918,6.9304,6.9139,7.9606,7.3562,45.3502,10.0000
sub-011,ses-01,C3,7,4,2,2,14.5203,6.1452,12.1566,4.9231,0.0000,5.1070,5.6034,5.4869,4.4682,7.3063,45.0395,1.0000
sub-011,ses-01,C3,8,8,2,2,6.6779,3.6387,14.3091,1.4422,0.0000,3.3923,5.8806,5.8727,8.0072,5.0681,49.3694,10.0000
sub-011,ses-01,C3,9,8,2,2,13.0427,3.0597,4.6875,2.0993,0.0000,2.7866,5.6412,5.6484,7.0200,4.6393,31.3370,1.0000
sub-011,ses-01,C3,10,8,2,2,9.9078,6.8704,8.6659,2.6776,0.0000,3.5795,6.0572,6.0394,8.4234,5.2426,21.5222,1.0000
sub-011,ses-01,C3,11,8,2,2,4.8148,8.0552,8.9287,2.8672,0.0000,3.3099,5.4092,5.4038,6.8805,5.5501,27.9708,10.0000
sub-011,ses-01,C3,12,8,2,2,42.2569,29.4506,17.3277,10.3285,0.0000,12.2109,18.7020,18.6505,23.5194,17.2281,55.6453,3.0000
sub-011,ses-01,C3,13,4,2,2,7.0581,2.0188,7.1973,8.1281,0.0000,4.3060,5.5316,5.4711,8.4166,4.3615,27.1691,16.0000
sub-011,ses-01,C3,14,4,4,2,9.3773,5.0501,8.4951,2.8039,0.0000,3.3752,6.9728,6.9896,7.3572,4.9012,23.5442,8.0000
sub-011,ses-01,C3,15,8,2,2,25.7541,9.9887,4.8998,4.5263,0.0000,5.3770,5.8342,5.7042,5.0409,5.1738,38.2035,3.0000
sub-011,ses-01,C3,16,8,2,2,22.3050,8.0425,8.8177,4.5507,0.0000,5.4292,5.1270,5.0332,3.4999,4.2868,37.1570,1.0000
sub-011,ses-01,C3,17,8,2,2,7.4440,7.2576,7.5744,2.5981,0.0000,3.2100,5.8535,5.8374,4.6050,7.3234,20.7519,3.0000
sub-011,ses-01,C3,18,8,2,2,17.6359,4.8818,6.5198,3.9488,0.0000,4.1982,5.2304,5.1345,5.5574,5.3812,55.2499,1.0000
sub-011,ses-01,C3,19,2,4,0,21.9339,9.9712,8.2890,5.8021,0.0000,5.8786,11.2453,11.2352,7.2934,10.4942,48.8948,1.0000
sub-011,ses-01,C3,20,4,4,2,13.7770,4.9608,9.2331,2.3345,0.0000,3.7372,5.6031,5.5841,8.7379,5.0591,31.5656,10.0000
sub-011,ses-01,C3,21,8,2,2,21.7648,12.1002,9.5574,3.0356,0.0000,5.4016,7.8473,7.7472,6.9315,7.4358,60.6545,1.0000
sub-011,ses-01,CP3,0,4,4,2,12.7273,8.2227,3.0305,3.0095,0.0000,3.2816,5.4694,5.4732,3.8683,7.0624,28.6892,4.0000
sub-011,ses-01,CP3,1,2,4,2,3.2136,2.3503,5.6077,6.6226,0.0000,3.3022,5.1965,5.1823,5.0017,6.7230,22.7084,21.0000
sub-011,ses-01,CP3,2,4,2,2,7.9347,5.2304,7.2815,3.5564,0.0000,3.3159,5.7936,5.7745,5.6492,6.6173,25.2178,1.0000
sub-011,ses-01,CP3,3,4,4,2,8.4735,2.5298,7.7626,5.8517,0.0000,3.8759,5.5559,5.5187,4.8000,6.7286,18.6141,2.0000
sub-011,ses-01,CP3,4,8,2,2,5.1229,7.5551,6.6250,4.1694,0.0000,3.3643,5.4157,5.4031,3.7084,4.5531,18.6925,14.0000
sub-011,ses-01,CP3,5,4,2,2,11.2418,5.4422,6.6785,3.6867,0.0000,3.5985,5.3471,5.3301,2.9327,5.5643,26.2550,1.0000
sub-011,ses-01,CP3,6,2,4,2,12.9853,4.2415,14.0640,3.9625,0.0000,4.7629,6.4395,6.3521,7.5290,6.6130,51.6074,10.0000
sub-011,ses-01,CP3,7,4,2,2,25.5682,13.6885,11.5581,5.1095,0.0000,6.8093,6.7368,6.6463,5.4500,6.5923,38.0467,4.0000
sub-011,ses-01,CP3,8,8,2,2,38.1505,19.8640,15.4848,3.8663,0.0000,8.7263,8.8175,8.6496,15.1760,5.9462,51.6786,3.0000
sub-011,ses-01,CP3,9,8,2,2,10.3075,8.2488,7.6667,3.7197,0.0000,3.9205,5.7918,5.7593,6.5450,4.4525,24.0030,3.0000
sub-011,ses-01,CP3,10,8,2,2,11.8581,14.2803,8.4354,4.9870,0.0000,5.1162,5.5002,5.4369,8.2003,4.9363,26.4632,7.0000
sub-011,ses-01,CP3,11,8,2,2,38.3118,11.2693,11.2395,3.8374,0.0000,7.3406,9.9646,9.8925,5.4917,7.1625,49.8499,3.0000
sub-011,ses-01,CP3,12,8,2,2,52.2311,35.8768,26.8577,21.0632,0.0000,18.3116,29.4064,29.3638,32.2050,28.4768,74.6881,2.0000
sub-011,ses-01,CP3,13,4,2,2,21.3328,7.4658,8.3620,3.0503,0.0000,4.7679,5.5361,5.4304,4.1050,5.7144,61.9949,1.0000
sub-011,ses-01,CP3,14,4,4,2,11.8928,9.0957,7.4191,2.7628,0.0000,3.8229,5.9401,5.9356,4.8342,5.0278,24.5643,8.0000
sub-011,ses-01,CP3,15,8,2,2,25.8945,4.8000,7.9514,5.5969,0.0000,5.6569,5.3466,5.2151,2.9387,5.6148,55.6651,1.0000
sub-011,ses-01,CP3,16,8,2,2,3.2583,2.1301,6.2759,4.6977,0.0000,2.7972,4.9387,4.9473,4.7506,6.1354,15.8268,13.0000
sub-011,ses-01,CP3,17,8,2,2,16.0944,2.4022,6.0812,2.4026,0.0000,3.2955,5.9650,5.9636,5.0088,6.8001,43.0350,1.0000
sub-011,ses-01,CP3,18,8,2,2,9.9468,2.2289,4.6177,5.2982,0.0000,3.3787,5.3539,5.3341,4.3562,3.8424,24.9621,1.0000
sub-011,ses-01,CP3,19,2,4,0,7.7836,3.0760,5.6068,2.4069,0.0000,2.5202,8.5105,8.5998,5.2642,6.0092,15.2732,8.0000
sub-011,ses-01,CP3,20,4,4,2,11.9845,5.9841,11.8620,2.2444,0.0000,4.0052,5.3242,5.2837,7.0013,5.8908,29.3652,10.0000
sub-011,ses-01,CP3,21,8,2,2,13.1288,9.7555,9.0188,3.7974,0.0000,4.5353,6.9100,6.8956,6.6914,7.5876,38.3988,1.0000
sub-011,ses-01,O1,0,4,4,2,4.0941,2.5081,4.7681,2.8797,0.0000,2.1501,5.6565,5.6679,5.0999,5.0964,9.6767,16.0000
sub-011,ses-01,O1,1,2,4,2,11.3895,10.7837,8.8203,4.1915,0.0000,4.5606,5.2903,5.2444,6.2301,5.0297,20.7672,4.0000
sub-011,ses-01,O1,2,4,2,2,9.3018,2.1812,6.5089,2.6124,0.0000,2.7662,6.3624,6.3863,7.8572,7.8776,20.1897,2.0000
sub-011,ses-01,O1,3,4,4,2,8.3818,4.3434,6.4023,4.8327,0.0000,3.5381,5.4519,5.4412,5.3320,4.3020,22.3182,9.0000
sub-011,ses-01,O1,4,8,2,2,15.8215,4.1855,5.4918,3.3012,0.0000,3.6255,5.6345,5.6221,5.9804,4.8060,37.9400,2.0000
sub-011,ses-01,O1,5,4,2,2,8.4554,8.5280,4.7516,4.0491,0.0000,3.4670,4.8836,4.8342,6.3281,4.6902,19.4443,10.0000
sub-011,ses-01,O1,6,2,4,2,7.4240,1.5936,4.3554,1.9255,0.0000,2.0287,4.6922,4.7154,6.9195,4.7180,18.1195,1.0000
sub-011,ses-01,O1,7,4,2,2,20.3311,1.4112,4.9287,5.8609,0.0000,4.4822,6.1517,6.0492,3.8092,6.1348,69.7005,1.0000
sub-011,ses-01,O1,8,8,2,2,13.3950,2.1181,12.1158,5.7324,0.0000,4.8667,5.4382,5.3548,7.9262,4.2971,40.5254,1.0000
sub-011,ses-01,O1,9,8,2,2,13.6660,3.6662,6.8724,3.0997,0.0000,3.5084,5.6297,5.6154,7.2567,5.8865,25.8280,1.0000
sub-011,ses-01,O1,10,8,2,2,4.5639,5.1729,9.0077,7.2604,0.0000,4.3576,4.8821,4.8208,4.8503,5.3193,23.1500,21.0000
sub-011,ses-01,O1,11,8,2,2,5.5617,6.9087,5.8400,7.8559,0.0000,4.3500,5.6910,5.6492,7.1606,5.1885,34.0994,16.0000
sub-011,ses-01,O1,12,8,2,2,33.9712,25.2924,16.0845,5.8574,0.0000,9.5281,14.4774,14.4262,30.9380,12.3423,75.9228,2.0000
sub-011,ses-01,O1,13,4,2,2,18.1691,11.9488,5.7887,3.4208,0.0000,4.6436,5.7396,5.6167,6.7589,4.1844,64.6531,1.0000
sub-011,ses-01,O1,14,4,4,2,2.2144,5.1644,17.7187,5.1566,0.0000,4.7178,5.9019,5.8534,9.2105,4.6974,30.2326,10.0000
sub-011,ses-01,O1,15,8,2,2,8.6674,2.7332,7.3780,4.6017,0.0000,3.4812,5.2359,5.2183,5.8506,4.9766,17.5747,10.0000
sub-011,ses-01,O1,16,8,2,2,3.2921,5.3629,10.9424,8.7107,0.0000,4.9654,5.5436,5.4647,5.0701,5.7840,32.7994,21.0000
sub-011,ses-01,O1,17,8,2,2,7.7933,7.6885,6.0631,3.1672,0.0000,3.2437,5.6778,5.6697,8.4358,6.2064,26.2253,1.0000
sub-011,ses-01,O1,18,8,2,2,19.3404,2.7146,7.0861,2.5039,0.0000,3.7974,6.3094,6.2225,4.5244,6.8770,58.6599,1.0000
sub-011,ses-01,O1,19,2,4,0,12.2997,2.7873,6.8726,1.9914,0.0000,2.9644,6.0896,6.0927,8.8884,5.4402,45.0007,1.0000
sub-011,ses-01,O1,20,4,4,2,13.2243,5.3294,5.1576,3.5405,0.0000,3.5160,5.4428,5.3824,3.8996,4.9744,30.5204,1.0000
sub-011,ses-01,O1,21,8,2,2,18.6929,7.9368,10.0178,3.4653,0.0000,4.9226,6.3544,6.2350,4.5551,7.8442,58.2552,1.0000
sub-011,ses-01,Pz,0,4,4,2,7.6465,2.2416,5.0736,3.3728,0.0000,2.6475,5.8046,5.8266,4.6909,6.0612,20.6720,11.0000
sub-011,ses-01,Pz,1,2,4,2,7.5481,7.2703,3.7225,5.2645,0.0000,3.4895,5.6298,5.6329,4.9198,5.7435,20.8462,4.0000
sub-011,ses-01,Pz,2,4,2,2,3.8184,2.3172,7.1873,2.1499,0.0000,2.2236,5.4278,5.4599,3.5919,5.6292,15.6664,12.0000
sub-011,ses-01,Pz,3,4,4,2,7.1794,5.3238,11.9463,4.3380,0.0000,4.1415,5.9293,5.8977,4.1241,6.3066,27.5693,10.0000
sub-011,ses-01,Pz,4,8,2,2,3.2965,4.2483,2.1777,4.7038,0.0000,2.4278,4.8090,4.8189,3.7317,4.9024,15.3567,22.0000
sub-011,ses-01,Pz,5,4,2,2,5.1551,5.6509,3.7291,6.0647,0.0000,3.3591,5.3310,5.3167,5.9603,5.6095,22.0708,15.0000
sub-011,ses-01,Pz,6,2,4,2,11.0408,1.5458,4.0244,2.3194,0.0000,2.4336,5.0600,5.0746,6.4157,4.5692,30.2495,1.0000
sub-011,ses-01,Pz,7,4,2,2,6.8317,5.2788,6.1106,4.8680,0.0000,3.4509,4.8540,4.8334,3.7139,4.7212,18.4740,19.0000
sub-011,ses-01,Pz,8,8,2,2,4.1507,1.3943,4.3705,6.6461,0.0000,3.1349,5.7326,5.7289,6.3792,6.7876,25.0735,22.0000
sub-011,ses-01,Pz,9,8,2,2,9.2922,4.8820,6.6141,4.4819,0.0000,3.5964,5.5515,5.5266,5.1658,5.4448,16.6163,9.0000
sub-011,ses-01,Pz,10,8,2,2,6.7730,6.8682,7.6040,4.5614,0.0000,3.7090,5.0968,5.0588,4.5876,4.1216,23.8480,9.0000
sub-011,ses-01,Pz,11,8,2,2,4.0678,3.2988,6.1962,3.4079,0.0000,2.5801,5.1727,5.1835,4.5607,5.9517,19.0162,10.0000
sub-011,ses-01,Pz,12,8,2,2,29.5685,16.6460,15.9582,5.7817,0.0000,8.2737,14.0792,14.0074,14.6188,9.1624,44.8511,2.0000
sub-011,ses-01,Pz,13,4,2,2,14.8856,9.5801,5.1220,4.1119,0.0000,4.2337,5.4264,5.3406,6.6542,6.4423,42.7357,1.0000
sub-011,ses-01,Pz,14,4,4,2,9.5076,7.1071,6.7246,3.2300,0.0000,3.4604,4.8489,4.8274,2.6338,4.4467,26.3470,8.0000
sub-011,ses-01,Pz,15,8,2,2,9.3473,0.7227,6.8780,3.6034,0.0000,2.9859,5.8529,5.8612,7.6227,6.0528,24.4630,1.0000
sub-011,ses-01,Pz,16,8,2,2,19.7005,7.0309,10.5291,5.9003,0.0000,5.7396,6.1438,6.0092,7.8486,5.7533,65.9691,1.0000
sub-011,ses-01,Pz,17,8,2,2,7.2087,6.1724,9.1716,4.3238,0.0000,3.8317,5.7862,5.7644,7.9105,5.6346,18.8318,10.0000
sub-011,ses-01,Pz,18,8,2,2,19.6639,3.4591,6.3374,5.2379,0.0000,4.6188,5.7658,5.6650,8.0189,6.2255,64.6826,1.0000
sub-011,ses-01,Pz,19,2,4,0,17.8365,6.4728,2.5758,4.0647,0.0000,3.8496,5.3955,5.3100,6.8644,5.1818,58.6074,1.0000
sub-011,ses-01,Pz,20,4,4,2,6.8978,7.4041,5.1670,2.5152,0.0000,2.8118,5.5951,5.6037,6.1660,5.7043,18.5684,1.0000
sub-011,ses-01,Pz,21,8,2,2,20.8064,2.3768,4.5506,4.6053,0.0000,4.1838,5.6351,5.5566,4.7026,4.0408,68.9585,1.0000
sub-011,ses-01,Fp2,0,4,4,2,7.4308,3.8789,6.2198,5.2042,0.0000,3.4933,5.6643,5.6611,4.9289,6.2630,14.2252,16.0000
sub-011,ses-01,Fp2,1,2,4,2,9.1909,4.6210,6.4846,5.3308,0.0000,3.8013,5.4346,5.4113,9.9993,5.4642,14.6662,1.0000
sub-011,ses-01,Fp2,2,4,2,2,11.2914,7.7368,9.2940,4.0986,0.0000,4.3060,5.6388,5.6085,7.1677,6.2796,20.8631,12.0000
sub-011,ses-01,Fp2,3,4,4,2,5.2355,6.0889,4.8328,5.8053,0.0000,3.4829,5.5312,5.5134,9.7317,6.1042,18.6826,19.0000
sub-011,ses-01,Fp2,4,8,2,2,2.8114,5.4441,1.8688,3.2293,0.0000,2.0050,5.3398,5.3728,6.3484,5.5947,11.3218,5.0000
sub-011,ses-01,Fp2,5,4,2,2,5.5383,5.0615,10.4857,4.7049,0.0000,3.8715,5.6339,5.6032,6.4150,6.4738,24.7946,17.0000
sub-011,ses-01,Fp2,6,2,4,2,9.1458,6.2344,6.1005,2.6470,0.0000,3.0822,5.2849,5.2814,7.0831,4.3446,21.0946,8.0000
sub-011,ses-01,Fp2,7,4,2,2,3.4327,1.2741,5.2561,3.2238,0.0000,2.1459,5.4709,5.4986,6.2458,7.4472,10.9833,12.0000
sub-011,ses-01,Fp2,8,8,2,2,9.8866,3.9915,13.7977,2.8387,0.0000,4.0745,5.2240,5.1765,3.9191,5.5917,52.3397,10.0000
sub-011,ses-01,Fp2,9,8,2,2,12.2849,5.6756,6.5620,5.4736,0.0000,4.2412,5.8414,5.7976,5.8983,6.0134,29.1763,1.0000
sub-011,ses-01,Fp2,10,8,2,2,10.8305,13.3848,2.2338,5.1851,0.0000,4.1319,5.8044,5.7747,6.0658,5.7271,32.4473,4.0000
sub-011,ses-01,Fp2,11,8,2,2,18.7655,3.3236,8.0658,5.9979,0.0000,4.9936,5.1889,5.0942,5.7501,4.5778,57.1682,1.0000
sub-011,ses-01,Fp2,12,8,2,2,24.0864,16.6593,7.0837,4.3307,0.0000,6.0880,9.1983,9.1756,11.9216,7.8459,50.4984,2.0000
sub-011,ses-01,Fp2,13,4,2,2,17.3189,3.7682,11.6882,1.7443,0.0000,4.1199,5.1498,5.0844,3.3421,5.0371,49.1278,1.0000
sub-011,ses-01,Fp2,14,4,4,2,7.3081,3.1408,3.8128,3.6996,0.0000,2.6225,5.2215,5.2234,5.6762,5.0869,15.8301,2.0000
sub-011,ses-01,Fp2,15,8,2,2,5.9937,6.3275,14.4355,6.0827,0.0000,4.9994,5.4658,5.3952,6.0784,5.5050,26.2558,13.0000
sub-011,ses-01,Fp2,16,8,2,2,3.6247,3.9536,3.7937,4.7782,0.0000,2.6789,5.2590,5.2477,3.5072,4.5594,9.6265,20.0000
sub-011,ses-01,Fp2,17,8,2,2,9.4118,8.3937,7.7232,3.1966,0.0000,3.7004,5.6138,5.5890,6.9519,7.2525,22.5041,3.0000
sub-011,ses-01,Fp2,18,8,2,2,18.8900,4.1292,4.6249,6.4331,0.0000,4.7316,5.6121,5.5403,5.3882,5.4213,37.3945,1.0000
sub-011,ses-01,Fp2,19,2,4,0,3.7497,3.3541,8.0090,2.7121,0.0000,2.5983,5.3012,5.3145,4.6184,4.1355,19.4451,9.0000
sub-011,ses-01,Fp2,20,4,4,2,8.5576,3.4482,12.1064,2.7777,0.0000,3.6458,5.9070,5.8902,5.8589,5.6049,38.1228,10.0000
sub-011,ses-01,Fp2,21,8,2,2,5.8679,5.6196,7.2196,3.4160,0.0000,3.1087,5.7082,5.7113,6.0583,4.2386,24.5433,10.0000
sub-011,ses-01,Fz,0,4,4,2,8.0062,1.9247,7.2989,3.9491,0.0000,3.1362,5.3508,5.3539,4.8515,6.2951,14.5070,3.0000
sub-011,ses-01,Fz,1,2,4,2,9.6438,8.7164,3.0786,4.4214,0.0000,3.4742,5.5361,5.5239,7.2585,6.1697,18.6770,3.0000
sub-011,ses-01,Fz,2,4,2,2,10.3068,3.9829,15.2164,3.4699,0.0000,4.5015,6.1002,6.0689,4.4114,5.7179,32.1661,3.0000
sub-011,ses-01,Fz,3,4,4,2,5.3073,11.4670,7.9654,4.6768,0.0000,4.0858,5.2962,5.2394,6.0358,6.1754,22.6621,9.0000
sub-011,ses-01,Fz,4,8,2,2,3.1654,1.3557,1.7577,3.9485,0.0000,1.8596,5.2416,5.2830,2.9348,5.0592,13.8694,17.0000
sub-011,ses-01,Fz,5,4,2,2,1.7112,4.0313,7.4573,3.4775,0.0000,2.6261,5.6894,5.7117,7.9206,5.2658,17.5383,10.0000
sub-011,ses-01,Fz,6,2,4,2,11.2670,8.6075,6.5480,2.9196,0.0000,3.6451,5.4420,5.4182,4.7534,5.0262,17.3132,12.0000
sub-011,ses-01,Fz,7,4,2,2,6.1860,5.9562,7.8276,5.6354,0.0000,3.9255,5.5916,5.5766,5.8964,7.3428,20.8143,12.0000
sub-011,ses-01,Fz,8,8,2,2,6.3481,3.8667,14.2067,2.6834,0.0000,3.7438,5.6975,5.6695,6.1349,5.3837,48.1716,10.0000
sub-011,ses-01,Fz,9,8,2,2,0.6818,2.1411,5.4398,4.3395,0.0000,2.3336,5.8706,5.9044,5.6347,5.1828,20.4827,12.0000
sub-011,ses-01,Fz,10,8,2,2,6.6005,2.5910,5.8881,3.4240,0.0000,2.7118,6.6973,6.7356,6.5825,7.2729,20.1852,3.0000
sub-011,ses-01,Fz,11,8,2,2,14.2562,5.9749,7.9554,4.3236,0.0000,4.2992,5.5821,5.5273,5.9777,5.6561,42.8760,1.0000
sub-011,ses-01,Fz,12,8,2,2,20.9914,16.9453,9.7397,7.7074,0.0000,7.2182,11.4731,11.4507,12.8998,9.9165,44.2726,2.0000
sub-011,ses-01,Fz,13,4,2,2,20.9336,5.8374,10.0761,3.4859,0.0000,4.9502,5.2589,5.1577,4.0923,4.9217,60.8229,1.0000
sub-011,ses-01,Fz,14,4,4,2,9.7786,5.4345,3.3432,3.6475,0.0000,2.9844,5.6837,5.6559,7.0175,5.1212,29.5550,1.0000
sub-011,ses-01,Fz,15,8,2,2,12.4828,3.3675,10.6592,3.7737,0.0000,4.1027,5.2902,5.2308,4.6016,5.2121,40.2574,1.0000
sub-011,ses-01,Fz,16,8,2,2,7.0483,9.3248,7.0700,4.7359,0.0000,3.9414,5.0889,5.0549,4.1665,4.4535,21.1220,6.0000
sub-011,ses-01,Fz,17,8,2,2,8.8974,9.1143,8.3359,3.8269,0.0000,3.9956,5.6485,5.6199,6.2126,6.1021,19.7421,10.0000
sub-011,ses-01,Fz,18,8,2,2,12.2195,4.2786,4.1100,4.4367,0.0000,3.4495,6.0868,6.0498,5.0628,6.2876,29.4061,1.0000
sub-011,ses-01,Fz,19,2,4,0,7.5674,5.3235,6.8973,3.0964,0.0000,3.0977,5.8302,5.8048,4.9993,5.7130,18.3208,10.0000
sub-011,ses-01,Fz,20,4,4,2,15.4222,2.6662,9.7703,2.6120,0.0000,3.8356,6.0245,5.9965,6.9326,4.5425,38.2896,1.0000
sub-011,ses-01,Fz,21,8,2,2,8.1123,6.9741,8.8944,3.6311,0.0000,3.7422,5.0873,5.0456,4.6211,5.4067,24.9789,10.0000
sub-011,ses-01,FCz,0,4,4,2,3.7503,1.8601,8.9705,4.1570,0.0000,3.0304,5.5678,5.5769,5.3772,7.6251,15.1399,13.0000
sub-011,ses-01,FCz,1,2,4,2,3.7751,6.0997,5.5566,5.0402,0.0000,3.2177,5.3617,5.3554,6.5064,5.5047,23.9115,16.0000
sub-011,ses-01,FCz,2,4,2,2,15.8028,2.5248,18.8414,4.7002,0.0000,5.7549,6.3302,6.2472,4.7017,5.7976,38.9290,3.0000
sub-011,ses-01,FCz,3,4,4,2,1.5665,11.3214,5.9292,3.4445,0.0000,3.0676,5.4565,5.4466,5.7664,6.4708,27.6061,5.0000
sub-011,ses-01,FCz,4,8,2,2,2.1450,1.2184,1.6910,2.9821,0.0000,1.4504,4.9504,5.0064,2.6225,5.2011,7.5134,17.0000
sub-011,ses-01,FCz,5,4,2,2,9.1682,2.9134,6.9219,2.6339,0.0000,2.8860,5.2347,5.2378,8.3477,4.6593,23.1122,2.0000
sub-011,ses-01,FCz,6,2,4,2,8.4845,4.9957,10.2580,3.3434,0.0000,3.6961,5.3646,5.3292,6.6333,5.5546,21.0313,10.0000
sub-011,ses-01,FCz,7,4,2,2,4.1066,5.3400,7.4333,4.4462,0.0000,3.2602,5.5990,5.6016,7.2232,6.5474,20.4207,12.0000
sub-011,ses-01,FCz,8,8,2,2,5.1156,4.5068,13.1079,3.3454,0.0000,3.7355,5.6881,5.6603,9.3777,5.0004,43.2416,10.0000
sub-011,ses-01,FCz,9,8,2,2,5.1293,1.5826,4.3181,2.8812,0.0000,2.0979,5.6893,5.7260,6.5134,5.1291,13.9273,12.0000
sub-011,ses-01,FCz,10,8,2,2,6.1977,3.6940,5.4184,2.7315,0.0000,2.5020,5.8979,5.9232,6.8243,5.0117,15.8377,3.0000
sub-011,ses-01,FCz,11,8,2,2,16.2463,9.2151,8.2266,3.5335,0.0000,4.5847,5.9233,5.8422,5.1868,6.0439,54.4781,1.0000
sub-011,ses-01,FCz,12,8,2,2,29.3763,20.3594,11.1701,8.0710,0.0000,8.6253,15.0401,15.0207,21.6324,13.6797,53.7366,2.0000
sub-011,ses-01,FCz,13,4,2,2,21.8210,7.4501,7.3811,2.1415,0.0000,4.4003,5.0868,4.9904,4.6437,4.7626,65.6014,1.0000
sub-011,ses-01,FCz,14,4,4,2,6.9200,2.5415,2.9448,4.1100,0.0000,2.5336,5.8068,5.7952,8.0016,4.9141,13.4329,20.0000
sub-011,ses-01,FCz,15,8,2,2,15.2214,4.0627,9.0685,3.0001,0.0000,3.9662,5.5672,5.5194,5.6964,5.5591,45.5896,1.0000
sub-011,ses-01,FCz,16,8,2,2,12.1553,8.0912,6.7691,5.1269,0.0000,4.3779,4.7000,4.6241,3.5417,4.2067,28.6717,1.0000
sub-011,ses-01,FCz,17,8,2,2,6.9545,5.2014,7.8726,3.3578,0.0000,3.2444,5.8756,5.8730,4.9023,6.2481,20.5719,9.0000
sub-011,ses-01,FCz,18,8,2,2,12.5199,4.2584,5.6187,4.0937,0.0000,3.5824,6.2466,6.2071,6.4111,6.8530,32.8962,1.0000
sub-011,ses-01,FCz,19,2,4,0,9.6398,5.6214,6.6807,3.4302,0.0000,3.3889,5.1430,5.0815,7.2240,4.6639,30.0075,1.0000
sub-011,ses-01,FCz,20,4,4,2,17.0324,3.7449,7.3828,4.0245,0.0000,4.1796,6.0031,5.9755,7.9525,4.9154,26.4697,1.0000
sub-011,ses-01,FCz,21,8,2,2,5.2558,5.8432,8.8195,4.6087,0.0000,3.6564,5.3117,5.2852,4.2715,5.9406,25.1656,10.0000
sub-011,ses-01,Cz,0,4,4,2,2.5963,1.4230,7.6782,2.3179,0.0000,2.1461,5.1651,5.1873,4.5561,6.7727,13.3787,12.0000
sub-011,ses-01,Cz,1,2,4,2,5.7023,5.1085,7.2419,4.5985,0.0000,3.4064,5.4200,5.4070,5.2419,5.4782,14.9889,16.0000
sub-011,ses-01,Cz,2,4,2,2,18.0150,1.5084,12.2349,4.4734,0.0000,4.8757,6.3193,6.2558,4.1740,5.3087,43.7043,3.0000
sub-011,ses-01,Cz,3,4,4,2,8.7932,5.1028,7.7377,5.7378,0.0000,4.1070,5.7204,5.6821,6.1020,6.4876,24.7897,9.0000
sub-011,ses-01,Cz,4,8,2,2,0.9179,1.6856,4.4120,4.6374,0.0000,2.2598,5.0262,5.0585,2.4774,5.7565,16.7821,13.0000
sub-011,ses-01,Cz,5,4,2,2,3.3394,3.5900,8.0436,2.3034,0.0000,2.4633,5.7680,5.7941,6.4917,4.0906,19.9299,11.0000
sub-011,ses-01,Cz,6,2,4,2,9.0615,4.2670,16.8035,4.9378,0.0000,5.0773,6.0470,5.9758,7.9099,5.7177,36.8018,10.0000
sub-011,ses-01,Cz,7,4,2,2,1.0192,6.1573,7.8341,4.1624,0.0000,3.0191,5.9793,5.9833,8.4211,6.8924,18.1869,12.0000
sub-011,ses-01,Cz,8,8,2,2,12.4445,4.0336,14.2179,4.2433,0.0000,4.7996,6.7507,6.6854,14.5040,5.1058,44.9662,10.0000
sub-011,ses-01,Cz,9,8,2,2,3.2356,3.0857,7.3434,3.9406,0.0000,2.8040,5.5749,5.5854,6.5821,5.3825,24.9751,12.0000
sub-011,ses-01,Cz,10,8,2,2,9.4305,8.4536,7.0514,1.8500,0.0000,3.2069,5.7748,5.7550,5.3980,4.2655,31.4906,1.0000
sub-011,ses-01,Cz,11,8,2,2,20.2226,7.4999,7.9194,3.2781,0.0000,4.6749,5.7535,5.6454,4.1623,5.2989,58.5629,1.0000
sub-011,ses-01,Cz,12,8,2,2,36.1784,27.9255,19.3220,12.9404,0.0000,12.5715,21.1678,21.1763,31.5893,21.0917,61.7987,2.0000
sub-011,ses-01,Cz,13,4,2,2,21.9243,6.6737,7.7013,2.7208,0.0000,4.5574,5.8001,5.7119,4.7518,6.6623,70.9710,1.0000
sub-011,ses-01,Cz,14,4,4,2,16.8287,10.3336,6.1059,4.3074,0.0000,4.6809,6.2689,6.2470,9.9264,4.6050,29.1795,1.0000
sub-011,ses-01,Cz,15,8,2,2,14.7988,2.1800,7.4935,3.3455,0.0000,3.6364,5.8230,5.7954,6.9898,6.2889,47.7993,1.0000
sub-011,ses-01,Cz,16,8,2,2,6.3800,4.6286,5.3360,6.4653,0.0000,3.7232,4.9909,4.9523,5.9510,4.9148,21.7787,21.0000
sub-011,ses-01,Cz,17,8,2,2,6.2578,9.2733,6.2447,3.2107,0.0000,3.2868,5.9419,5.9423,4.2456,6.6237,17.7752,9.0000
sub-011,ses-01,Cz,18,8,2,2,11.6646,3.4511,4.4472,4.0673,0.0000,3.2563,5.9999,5.9834,7.3501,5.4906,29.3476,1.0000
sub-011,ses-01,Cz,19,2,4,0,5.3775,5.4132,9.1577,3.1051,0.0000,3.2204,5.5743,5.5688,9.0406,5.6101,16.7110,20.0000
sub-011,ses-01,Cz,20,4,4,2,17.6645,2.1021,6.2159,2.9139,0.0000,3.5871,5.6246,5.5889,7.2822,4.6652,42.4305,1.0000
sub-011,ses-01,Cz,21,8,2,2,12.2504,7.1465,8.9417,3.5449,0.0000,4.1238,5.9805,5.9243,4.6011,5.9611,33.7233,1.0000
sub-011,ses-01,C4,0,4,4,2,5.7790,4.6375,2.8032,4.3918,0.0000,2.6879,5.6246,5.6444,5.0620,7.3807,16.2882,18.0000
sub-011,ses-01,C4,1,2,4,2,3.3749,3.5321,7.2936,4.0939,0.0000,2.8979,5.4646,5.4645,8.7898,5.7484,23.5976,11.0000
sub-011,ses-01,C4,2,4,2,2,6.9661,4.2822,6.4033,5.1076,0.0000,3.4840,5.7577,5.7456,6.2118,4.6255,18.2167,14.0000
sub-011,ses-01,C4,3,4,4,2,20.1604,10.1686,8.0169,3.2883,0.0000,4.9341,6.9669,6.9135,4.1725,6.4945,59.6287,1.0000
sub-011,ses-01,C4,4,8,2,2,10.7714,1.6478,1.7546,2.6541,0.0000,2.2025,5.2453,5.2619,3.8150,6.0539,28.6144,1.0000
sub-011,ses-01,C4,5,4,2,2,6.2232,5.9115,7.4211,4.1133,0.0000,3.4079,5.3264,5.2957,6.5793,4.2261,21.6989,1.0000
sub-011,ses-01,C4,6,2,4,2,15.6962,3.9429,3.8435,3.8367,0.0000,3.5231,5.7559,5.7002,8.4714,5.0373,27.8472,1.0000
sub-011,ses-01,C4,7,4,2,2,17.3883,5.2573,5.5022,3.6861,0.0000,3.9887,5.6807,5.6245,12.1223,6.4461,50.4705,1.0000
sub-011,ses-01,C4,8,8,2,2,9.7539,4.6683,10.1649,2.6937,0.0000,3.5743,6.7404,6.7463,9.1176,6.4016,48.0717,10.0000
sub-011,ses-01,C4,9,8,2,2,14.1953,7.6178,8.9616,4.3535,0.0000,4.5958,5.9838,5.9229,5.2465,5.6781,20.7709,12.0000
sub-011,ses-01,C4,10,8,2,2,4.6330,5.9934,7.7256,9.5763,0.0000,4.9617,5.4031,5.3370,6.1580,5.2804,38.1540,19.0000
sub-011,ses-01,C4,11,8,2,2,11.4800,5.4621,11.9467,5.0828,0.0000,4.7797,6.3957,6.3094,4.5579,6.1295,40.3799,1.0000
sub-011,ses-01,C4,12,8,2,2,38.1464,33.9911,12.4532,7.9742,0.0000,10.8589,16.0985,16.0534,26.5964,14.2454,53.7403,3.0000
sub-011,ses-01,C4,13,4,2,2,14.8726,8.8706,10.0144,3.9672,0.0000,4.8054,5.5940,5.5195,6.1802,4.6352,26.9517,9.0000
sub-011,ses-01,C4,14,4,4,2,3.5785,8.2176,4.7269,2.9696,0.0000,2.6547,4.9916,5.0014,5.6698,5.1830,15.2494,5.0000
sub-011,ses-01,C4,15,8,2,2,13.7640,6.3008,8.7187,1.8891,0.0000,3.6542,5.9270,5.9152,5.6221,4.9630,40.7096,1.0000
sub-011,ses-01,C4,16,8,2,2,11.7381,3.5123,4.9058,4.1480,0.0000,3.3572,5.4778,5.4597,4.2152,5.7723,39.2584,1.0000
sub-011,ses-01,C4,17,8,2,2,13.6622,10.9229,8.5104,6.4034,0.0000,5.4104,5.5975,5.5360,3.3408,7.3861,32.0101,4.0000
sub-011,ses-01,C4,18,8,2,2,21.4951,5.1524,3.4503,3.9965,0.0000,4.1685,6.0347,5.9358,6.9410,6.0372,72.8328,1.0000
sub-011,ses-01,C4,19,2,4,0,11.8591,1.6102,4.3590,4.4313,0.0000,3.2009,5.2640,5.2371,5.9848,4.6174,36.1908,1.0000
sub-011,ses-01,C4,20,4,4,2,7.1215,6.8033,8.1816,4.9844,0.0000,3.9439,5.3411,5.2966,5.5619,4.4534,27.8719,10.0000
sub-011,ses-01,C4,21,8,2,2,17.3024,3.6907,7.6173,3.7343,0.0000,4.1447,6.0077,5.9264,6.1066,6.0236,56.5297,1.0000
sub-011,ses-01,CP4,0,4,4,2,5.0047,3.9103,5.0067,3.9449,0.0000,2.7206,5.3136,5.3228,4.4510,6.1578,24.1958,18.0000
sub-011,ses-01,CP4,1,2,4,2,5.3772,6.9436,9.3942,3.2817,0.0000,3.4491,5.2053,5.1857,4.6248,5.4531,25.3388,10.0000
sub-011,ses-01,CP4,2,4,2,2,7.4075,4.7473,3.4109,2.6109,0.0000,2.3960,7.1990,7.2648,9.7624,5.5529,11.2795,2.0000
sub-011,ses-01,CP4,3,4,4,2,8.1347,9.6275,13.6605,4.9382,0.0000,5.0514,6.5208,6.4756,4.5589,5.9623,27.2758,9.0000
sub-011,ses-01,CP4,4,8,2,2,5.7618,1.6655,1.6506,2.7817,0.0000,1.7622,5.1590,5.2008,3.6123,5.4484,19.3222,2.0000
sub-011,ses-01,CP4,5,4,2,2,8.2145,8.2850,6.3432,5.7594,0.0000,4.1611,5.7821,5.7438,8.0780,5.9834,27.1895,1.0000
sub-011,ses-01,CP4,6,2,4,2,9.0344,3.5103,2.6552,3.8486,0.0000,2.7010,5.8438,5.8698,11.7492,5.7807,13.9086,1.0000
sub-011,ses-01,CP4,7,4,2,2,8.8173,6.6600,6.6334,3.5362,0.0000,3.4344,5.3628,5.3387,6.3991,4.7311,17.4482,1.0000
sub-011,ses-01,CP4,8,8,2,2,12.7509,10.3272,8.9206,3.5490,0.0000,4.4645,5.8824,5.8254,6.6498,6.2774,33.9535,1.0000
sub-011,ses-01,CP4,9,8,2,2,4.8987,3.4704,11.6401,4.3158,0.0000,3.7075,5.2078,5.1730,2.7698,5.3692,28.9557,10.0000
sub-011,ses-01,CP4,10,8,2,2,8.0418,7.7599,8.8576,9.0734,0.0000,5.4490,5.6273,5.5421,5.0107,4.5538,17.8642,15.0000
sub-011,ses-01,CP4,11,8,2,2,5.9152,9.7898,9.9169,6.0064,0.0000,4.6606,5.4944,5.4426,2.7462,5.8117,24.2798,10.0000
sub-011,ses-01,CP4,12,8,2,2,41.3738,40.3134,20.3074,10.6713,0.0000,13.6586,19.9455,19.8696,36.8626,17.3235,64.9270,2.0000
sub-011,ses-01,CP4,13,4,2,2,26.1237,5.1629,4.2122,5.1504,0.0000,5.0552,6.0503,5.9451,4.3846,5.2453,52.4387,1.0000
sub-011,ses-01,CP4,14,4,4,2,6.9788,6.0708,6.7402,3.9591,0.0000,3.3514,5.8752,5.8722,7.0777,7.8611,23.1775,8.0000
sub-011,ses-01,CP4,15,8,2,2,3.7707,5.5041,7.8074,1.8724,0.0000,2.5183,5.5233,5.5445,6.4193,5.3342,36.8171,10.0000
sub-011,ses-01,CP4,16,8,2,2,9.4878,10.8533,9.0455,4.0450,0.0000,4.3773,6.1297,6.1059,3.5917,5.1945,28.8525,9.0000
sub-011,ses-01,CP4,17,8,2,2,9.9199,8.3770,8.5643,6.2293,0.0000,4.7803,5.8721,5.8208,5.6232,7.8619,35.0576,14.0000
sub-011,ses-01,CP4,18,8,2,2,8.7157,6.3003,3.1996,2.2225,0.0000,2.5152,5.5165,5.5426,5.3127,5.7773,16.8049,2.0000
sub-011,ses-01,CP4,19,2,4,0,7.2959,4.4606,4.0802,4.0396,0.0000,2.8842,5.3950,5.3980,8.1048,3.8598,18.0489,22.0000
sub-011,ses-01,CP4,20,4,4,2,7.8869,6.2270,5.8725,3.5964,0.0000,3.2196,4.9454,4.9136,4.3679,5.3585,20.6120,1.0000
sub-011,ses-01,CP4,21,8,2,2,19.3364,2.4862,9.9699,5.5450,0.0000,5.0976,6.2489,6.1864,4.4572,6.2168,52.4365,1.0000
sub-011,ses-01,O2,0,4,4,2,11.9175,3.7565,3.4071,4.2784,0.0000,3.2269,5.6803,5.6836,4.5746,4.7764,20.5026,2.0000
sub-011,ses-01,O2,1,2,4,2,5.7111,6.5602,5.9363,4.6737,0.0000,3.3828,5.4659,5.4533,5.1543,7.2516,15.9264,12.0000
sub-011,ses-01,O2,2,4,2,2,17.3216,7.5350,6.3488,4.5931,0.0000,4.5867,6.5462,6.5227,6.3965,6.8209,25.1471,16.0000
sub-011,ses-01,O2,3,4,4,2,8.8287,3.8849,2.6283,4.2722,0.0000,2.8410,6.6321,6.6674,4.6401,4.4641,14.5816,15.0000
sub-011,ses-01,O2,4,8,2,2,13.2536,4.5657,5.1133,2.7420,0.0000,3.2001,5.3891,5.3817,4.0121,6.2523,38.9323,3.0000
sub-011,ses-01,O2,5,4,2,2,8.2614,14.4580,8.7389,8.0724,0.0000,5.7733,6.1120,6.0317,5.3849,5.2342,22.8883,6.0000
sub-011,ses-01,O2,6,2,4,2,6.4400,3.4300,4.5596,3.7983,0.0000,2.7027,5.3480,5.3598,7.8282,5.6256,13.6428,8.0000
sub-011,ses-01,O2,7,4,2,2,19.4079,1.6741,3.1457,4.1656,0.0000,3.6594,5.3689,5.2783,5.0000,3.8968,64.9243,1.0000
sub-011,ses-01,O2,8,8,2,2,15.2058,2.0827,10.5072,4.0335,0.0000,4.2938,6.0001,5.9522,5.6131,6.2370,48.3521,1.0000
sub-011,ses-01,O2,9,8,2,2,13.6536,8.2977,4.1408,2.1113,0.0000,3.2581,5.8516,5.8552,5.2654,7.1072,38.6880,2.0000
sub-011,ses-01,O2,10,8,2,2,8.3078,9.0331,3.7831,3.3015,0.0000,3.1391,5.3965,5.4029,3.4486,4.1731,18.3529,4.0000
sub-011,ses-01,O2,11,8,2,2,3.0086,3.0425,6.4202,4.5377,0.0000,2.8306,5.6812,5.6916,4.7553,6.8329,15.5835,8.0000
sub-011,ses-01,O2,12,8,2,2,30.7397,28.9353,16.4820,3.5960,0.0000,8.9382,10.8203,10.7247,33.2941,6.9464,66.9953,2.0000
sub-011,ses-01,O2,13,4,2,2,19.7152,6.6396,9.1065,4.6281,0.0000,5.1215,6.2733,6.1651,8.2610,6.8802,59.0014,1.0000
sub-011,ses-01,O2,14,4,4,2,8.6491,6.7493,2.4034,5.1413,0.0000,3.3221,6.6885,6.6986,6.8266,7.5350,28.1127,1.0000
sub-011,ses-01,O2,15,8,2,2,1.9194,1.2984,12.2104,1.9090,0.0000,2.5802,6.0583,6.0788,5.1963,5.9117,36.9914,10.0000
sub-011,ses-01,O2,16,8,2,2,7.4579,4.5275,7.2034,4.0505,0.0000,3.3446,5.1877,5.1360,4.0913,5.0734,29.1635,10.0000
sub-011,ses-01,O2,17,8,2,2,12.6602,2.5431,5.6130,5.6029,0.0000,3.8914,6.0347,6.0109,3.6915,6.1557,43.0728,1.0000
sub-011,ses-01,O2,18,8,2,2,25.5892,4.3993,7.9633,4.1514,0.0000,5.1559,5.9906,5.8435,6.9756,6.4112,62.0726,1.0000
sub-011,ses-01,O2,19,2,4,0,2.9237,3.9310,3.6642,3.9286,0.0000,2.3367,5.3891,5.4209,5.0429,5.5762,10.3655,17.0000
sub-011,ses-01,O2,20,4,4,2,10.6533,5.6048,3.4458,4.1894,0.0000,3.2598,5.2055,5.1544,4.3737,4.8202,18.9463,1.0000
sub-011,ses-01,O2,21,8,2,2,22.0126,5.7721,5.1302,2.6582,0.0000,4.1041,5.4166,5.3381,7.5164,4.8207,59.9222,1.0000
sub-011,ses-02,Fp1,0,2,4,2,1.4619,9.8726,1.7513,4.1464,0.0000,2.5523,5.3001,5.3157,3.9480,4.9328,21.1070,7.0000
sub-011,ses-02,Fp1,1,4,2,2,3.7052,4.1104,9.4976,5.0164,0.0000,3.5689,6.0056,6.0039,4.1535,6.5385,26.3424,10.0000
sub-011,ses-02,Fp1,2,2,4,2,7.0177,4.0995,5.3162,3.8230,0.0000,2.9317,6.1310,6.1487,5.9460,8.6974,10.6767,16.0000
sub-011,ses-02,Fp1,3,4,2,2,8.9538,4.2671,8.7283,6.9193,0.0000,4.5396,5.5009,5.4500,5.9484,4.7156,23.3678,9.0000
sub-011,ses-02,Fp1,4,8,2,2,6.4536,7.9078,8.3779,5.1144,0.0000,4.0512,6.0213,5.9974,5.0777,6.5964,24.0393,10.0000
sub-011,ses-02,Fp1,5,4,2,2,8.3704,4.8264,6.4859,3.6622,0.0000,3.2398,4.7755,4.7571,3.9464,6.1102,26.4237,1.0000
sub-011,ses-02,Fp1,6,8,2,2,3.1655,3.7326,5.6874,5.8959,0.0000,3.2177,5.0799,5.0687,3.7443,4.3069,16.5977,19.0000
sub-011,ses-02,Fp1,7,8,2,2,11.8779,2.1892,4.3800,6.5182,0.0000,3.8903,8.4168,8.4141,5.8878,4.1281,34.0760,18.0000
sub-011,ses-02,Fp1,8,8,2,2,8.0637,4.4258,6.5451,4.6322,0.0000,3.4755,5.7406,5.7266,7.0104,5.2487,18.1842,14.0000
sub-011,ses-02,Fp1,9,8,2,2,3.9599,7.0937,6.9952,3.6834,0.0000,3.1179,5.5474,5.5404,8.5254,5.4107,16.5297,10.0000
sub-011,ses-02,Fp1,10,8,2,2,5.1898,5.9166,6.4727,3.9062,0.0000,3.1173,5.3973,5.3705,7.3107,6.4473,13.3967,22.0000
sub-011,ses-02,Fp1,11,8,2,2,8.1718,1.0680,9.3752,4.8028,0.0000,3.6197,5.7018,5.6613,4.9023,5.6852,31.6637,10.0000
sub-011,ses-02,Fp1,12,8,2,2,3.3257,2.7918,7.4832,4.0216,0.0000,2.8291,5.7665,5.7779,5.8830,4.9296,12.4274,10.0000
sub-011,ses-02,Fp1,13,8,2,2,12.3771,10.9651,4.7530,3.5348,0.0000,3.9032,5.4562,5.4327,7.3922,5.5816,24.1826,1.0000
sub-011,ses-02,Fp1,14,8,2,2,1.3054,6.6848,8.1659,3.7300,0.0000,3.0104,5.7289,5.7335,4.3744,6.9134,16.8283,10.0000
sub-011,ses-02,Fp1,15,2,4,2,8.9317,4.6862,14.7645,6.7734,0.0000,5.3747,6.6257,6.5699,7.2842,8.0620,38.4250,10.0000
sub-011,ses-02,Fp1,16,4,2,2,8.3995,2.1254,14.2603,4.9299,0.0000,4.4593,5.3527,5.2945,6.8812,4.5021,40.4934,9.0000
sub-011,ses-02,Fp1,17,8,2,2,7.5241,3.2205,11.4009,4.9208,0.0000,4.0780,6.3319,6.2997,5.5324,4.4831,42.8049,9.0000
sub-011,ses-02,Fp1,18,4,2,2,14.5687,5.2774,8.5335,6.5056,0.0000,5.0037,7.0593,7.0290,6.7663,4.7719,37.3079,2.0000
sub-011,ses-02,Fp1,19,4,2,2,3.2670,4.7595,3.9576,4.4185,0.0000,2.6347,5.8665,5.8900,3.1917,6.4224,15.7872,16.0000
sub-011,ses-02,Fp1,20,2,2,2,24.9691,8.5074,3.1149,4.7644,0.0000,4.9891,6.5537,6.4965,4.4329,5.1189,43.8546,2.0000
sub-011,ses-02,Fp1,21,8,2,2,2.9797,7.1294,14.0970,4.8912,0.0000,4.3861,6.3904,6.3460,7.2564,5.9721,29.7949,9.0000
sub-011,ses-02,Fp1,22,8,2,2,2.2962,2.8056,9.5605,2.5131,0.0000,2.5684,5.5453,5.5528,5.4424,5.4259,19.7419,10.0000
sub-011,ses-02,Fp1,23,4,2,2,17.5583,3.8248,6.1129,5.5675,0.0000,4.5253,6.2508,6.1774,4.0180,4.8415,51.5163,2.0000
sub-011,ses-02,Fp1,24,8,2,2,14.2431,1.3553,11.2337,2.7997,0.0000,3.8649,5.3126,5.2181,4.4535,5.1887,50.5666,1.0000
sub-011,ses-02,Fp1,25,8,2,2,12.4124,7.0414,8.4395,3.0706,0.0000,3.9156,5.8359,5.7882,5.6582,4.5916,43.7853,1.0000
sub-011,ses-02,Fp1,26,8,2,2,10.9142,9.6253,8.4243,5.4973,0.0000,4.7481,5.1660,5.0898,4.0221,4.9640,23.9684,22.0000
sub-011,ses-02,Fp1,27,8,2,2,6.0380,8.4235,10.8125,3.5354,0.0000,3.9228,5.4624,5.4219,5.0653,5.5777,22.5085,9.0000
sub-011,ses-02,Fp1,28,8,2,2,16.3711,4.8748,6.0267,6.9443,0.0000,4.9167,5.0391,4.9671,4.9193,5.0061,29.3009,1.0000
sub-011,ses-02,Fp1,29,8,2,2,6.1262,7.9597,8.1913,4.5672,0.0000,3.8341,5.7306,5.6902,3.1453,4.0697,20.3681,1.0000
sub-011,ses-02,C3,0,2,4,2,9.8891,4.9721,5.3742,3.3312,0.0000,3.1394,5.5773,5.5544,4.3750,5.0812,30.2467,1.0000
sub-011,ses-02,C3,1,4,2,2,3.1491,6.8197,4.3947,5.7869,0.0000,3.2901,5.6198,5.6074,9.2394,6.0569,17.4824,10.0000
sub-011,ses-02,C3,2,2,4,2,6.5147,4.0450,2.8887,2.4641,0.0000,2.1303,5.2872,5.3178,4.8909,6.7484,12.1780,3.0000
sub-011,ses-02,C3,3,4,2,2,6.8456,9.4804,6.3720,5.9864,0.0000,4.2177,5.4699,5.4288,6.7068,4.9587,19.3186,16.0000
sub-011,ses-02,C3,4,8,2,2,9.3200,7.1929,4.8672,5.2209,0.0000,3.7936,5.4536,5.4208,4.6674,5.2870,16.8095,10.0000
sub-011,ses-02,C3,5,4,2,2,4.5615,5.8943,7.3929,3.8801,0.0000,3.1772,5.2381,5.2256,5.3357,5.5347,20.8657,6.0000
sub-011,ses-02,C3,6,8,2,2,5.6341,3.6098,9.2301,4.5954,0.0000,3.5371,5.6776,5.6503,6.2068,5.8698,23.2092,11.0000
sub-011,ses-02,C3,7,8,2,2,3.7016,4.1161,5.7712,15.1615,0.0000,6.1162,23.3242,23.5798,8.9324,16.2749,51.0508,15.0000
sub-011,ses-02,C3,8,8,2,2,2.3908,7.3203,4.1712,4.3164,0.0000,2.7903,5.2259,5.2363,8.4966,6.1102,12.3131,22.0000
sub-011,ses-02,C3,9,8,2,2,7.9965,7.5204,7.4527,2.6160,0.0000,3.2742,5.2417,5.2107,5.5540,5.8227,22.6640,1.0000
sub-011,ses-02,C3,10,8,2,2,4.6217,10.2136,4.6751,2.8524,0.0000,2.8947,6.0890,6.0806,7.1876,6.0322,16.2025,14.0000
sub-011,ses-02,C3,11,8,2,2,14.8372,3.5720,4.3283,2.9260,0.0000,3.2010,5.1157,5.1058,4.4330,5.9861,23.7474,3.0000
sub-011,ses-02,C3,12,8,2,2,6.4875,12.6504,3.8539,4.0929,0.0000,3.5554,5.8817,5.8631,3.9463,5.9673,33.5581,7.0000
sub-011,ses-02,C3,13,8,2,2,4.7194,3.5665,4.8401,4.0092,0.0000,2.6582,5.2766,5.2721,3.7976,4.8783,14.1092,11.0000
sub-011,ses-02,C3,14,8,2,2,9.0989,8.0254,6.8779,6.8588,0.0000,4.6262,5.9169,5.8578,6.0611,6.2541,25.1853,17.0000
sub-011,ses-02,C3,15,2,4,2,12.7385,5.3449,11.5225,5.3674,0.0000,4.9127,5.8512,5.7777,3.8757,4.0557,37.0199,1.0000
sub-011,ses-02,C3,16,4,2,2,6.1101,2.7634,10.1690,6.0985,0.0000,4.0881,5.8736,5.8457,7.3770,5.7755,17.2376,9.0000
sub-011,ses-02,C3,17,8,2,2,14.1459,6.4965,10.4021,6.7631,0.0000,5.4163,5.9569,5.8602,6.0386,4.8201,29.6628,9.0000
sub-011,ses-02,C3,18,4,2,2,21.1065,6.6641,5.9347,18.7252,0.0000,9.0725,24.3740,24.5505,5.1826,20.0115,56.6441,18.0000
sub-011,ses-02,C3,19,4,2,2,20.7447,3.7604,3.6605,5.6462,0.0000,4.4973,8.2161,8.1715,4.1232,9.0316,49.2097,1.0000
sub-011,ses-02,C3,20,2,2,2,7.7889,3.1726,5.0019,6.8887,0.0000,3.8002,6.1015,6.0890,6.2106,5.6975,26.5436,21.0000
sub-011,ses-02,C3,21,8,2,2,12.4463,4.3119,12.9303,4.6527,0.0000,4.7698,5.5918,5.5047,3.2060,4.8776,43.8944,9.0000
sub-011,ses-02,C3,22,8,2,2,4.3170,2.3436,12.0131,4.9079,0.0000,3.7796,5.2408,5.2137,10.3459,6.0116,20.2103,17.0000
sub-011,ses-02,C3,23,4,2,2,9.5526,6.4249,5.8141,4.5993,0.0000,3.6880,5.3919,5.3618,4.5438,3.4583,31.9242,1.0000
sub-011,ses-02,C3,24,8,2,2,10.9429,5.9643,5.0873,4.1704,0.0000,3.5434,5.0687,5.0240,3.4800,6.3547,23.0672,1.0000
sub-011,ses-02,C3,25,8,2,2,9.6206,7.7751,17.3995,4.7156,0.0000,5.4717,6.5091,6.4207,8.8719,5.7793,35.5110,9.0000
sub-011,ses-02,C3,26,8,2,2,9.2184,4.2856,6.6761,3.0909,0.0000,3.1222,5.0515,5.0240,6.6584,4.6374,19.5544,1.0000
sub-011,ses-02,C3,27,8,2,2,6.5889,3.5001,11.0362,1.8233,0.0000,3.0297,5.4969,5.4867,4.5418,6.9610,20.5806,11.0000
sub-011,ses-02,C3,28,8,2,2,11.5966,2.3244,5.7123,4.3239,0.0000,3.3993,5.2593,5.2389,5.3385,6.8443,24.2735,1.0000
sub-011,ses-02,C3,29,8,2,2,7.2553,5.9275,5.7181,4.1569,0.0000,3.2809,4.8348,4.8081,6.0246,5.6954,21.1230,2.0000
sub-011,ses-02,CP3,0,2,4,2,14.8992,4.3523,8.0070,2.6998,0.0000,3.7243,5.4487,5.3838,4.2301,6.1629,53.4736,1.0000
sub-011,ses-02,CP3,1,4,2,2,4.0409,7.3684,4.1443,3.8727,0.0000,2.8104,5.4590,5.4504,6.0823,6.5594,11.1294,1.0000
sub-011,ses-02,CP3,2,2,4,2,5.1913,3.7194,6.7631,5.0477,0.0000,3.2986,5.6226,5.6338,5.6990,6.9754,23.3931,13.0000
sub-011,ses-02,CP3,3,4,2,2,13.3198,1.7513,5.2391,5.7937,0.0000,3.8846,5.7638,5.7082,8.2995,4.9850,26.7744,1.0000
sub-011,ses-02,CP3,4,8,2,2,4.1550,4.7046,5.0977,5.2147,0.0000,3.1120,5.5160,5.5126,6.7877,4.6479,15.0137,22.0000
sub-011,ses-02,CP3,5,4,2,2,4.3279,1.9729,5.6004,3.8476,0.0000,2.5308,5.0821,5.0872,6.5993,3.3750,19.5131,10.0000
sub-011,ses-02,CP3,6,8,2,2,5.6067,1.5382,6.4969,4.4882,0.0000,2.9281,5.2984,5.2948,4.4572,4.6056,18.9587,11.0000
sub-011,ses-02,CP3,7,8,2,2,6.5040,5.1906,5.9358,4.3834,0.0000,3.2413,8.5608,8.6173,6.4802,5.3133,16.2727,15.0000
sub-011,ses-02,CP3,8,8,2,2,6.0496,13.9020,5.1716,2.3164,0.0000,3.2779,5.0853,5.0760,11.4582,5.0641,23.2298,7.0000
sub-011,ses-02,CP3,9,8,2,2,4.2946,5.0422,7.7262,2.8335,0.0000,2.8032,5.4136,5.4181,6.8451,6.2133,18.7304,12.0000
sub-011,ses-02,CP3,10,8,2,2,2.9680,7.0693,7.2784,3.1038,0.0000,2.8877,5.5903,5.6017,6.6685,5.8115,14.9772,21.0000
sub-011,ses-02,CP3,11,8,2,2,12.0084,5.7010,2.3130,2.0426,0.0000,2.5877,5.2682,5.2930,3.6694,4.4734,16.8292,2.0000
sub-011,ses-02,CP3,12,8,2,2,5.1990,7.8610,5.2273,4.9054,0.0000,3.4273,5.6946,5.6910,4.4825,5.0759,19.1233,7.0000
sub-011,ses-02,CP3,13,8,2,2,14.1131,4.0917,6.7495,2.8545,0.0000,3.4982,5.7687,5.7310,5.6172,5.3739,46.3853,1.0000
sub-011,ses-02,CP3,14,8,2,2,4.5400,6.6735,8.3989,6.0074,0.0000,4.0313,5.2972,5.2567,5.9135,6.0257,24.2143,14.0000
sub-011,ses-02,CP3,15,2,4,2,9.6205,3.9654,9.6021,3.7875,0.0000,3.7487,5.7206,5.6920,3.1403,3.8976,26.1682,1.0000
sub-011,ses-02,CP3,16,4,2,2,5.6193,5.2049,9.9791,2.9305,0.0000,3.2853,5.9404,5.9388,8.4960,7.7200,22.3042,9.0000
sub-011,ses-02,CP3,17,8,2,2,3.6515,5.4106,9.4805,6.1336,0.0000,4.0202,5.3476,5.3059,5.8747,5.0331,35.1156,9.0000
sub-011,ses-02,CP3,18,4,2,2,6.0363,5.3712,2.8017,13.4721,0.0000,5.5251,13.6578,13.7354,4.6718,9.0817,53.5896,18.0000
sub-011,ses-02,CP3,19,4,2,2,19.6885,2.1532,5.4985,4.2782,0.0000,4.0924,6.5570,6.5031,5.6670,6.4132,54.5025,1.0000
sub-011,ses-02,CP3,20,2,2,2,8.7263,2.9330,6.2482,6.4248,0.0000,3.8988,5.7739,5.7395,2.9186,5.4480,32.3788,1.0000
sub-011,ses-02,CP3,21,8,2,2,3.9206,8.3841,13.3793,3.4653,0.0000,4.0591,5.8262,5.7950,3.4613,6.5770,38.5335,10.0000
sub-011,ses-02,CP3,22,8,2,2,7.4262,2.4366,12.8506,5.9392,0.0000,4.5062,5.3722,5.3092,8.1263,5.9336,26.1669,10.0000
sub-011,ses-02,CP3,23,4,2,2,9.1317,5.6186,3.0113,2.9651,0.0000,2.6887,5.4506,5.4615,6.4403,4.4382,17.5264,1.0000
sub-011,ses-02,CP3,24,8,2,2,23.1060,3.2594,3.5872,3.4236,0.0000,3.9882,5.1871,5.0729,5.3291,5.5050,67.2259,1.0000
sub-011,ses-02,CP3,25,8,2,2,14.3161,8.7009,15.9245,5.5153,0.0000,6.0306,6.1490,6.0273,7.8893,5.3995,46.4802,1.0000
sub-011,ses-02,CP3,26,8,2,2,18.8702,3.0322,7.4519,3.3306,0.0000,4.0842,5.2731,5.1856,7.6628,4.8446,60.6618,1.0000
sub-011,ses-02,CP3,27,8,2,2,5.5022,4.9015,8.0416,4.3769,0.0000,3.4131,5.3231,5.2985,5.0411,5.4063,13.2491,9.0000
sub-011,ses-02,CP3,28,8,2,2,15.4355,2.9840,4.5684,2.6469,0.0000,3.1511,4.8642,4.8142,4.5506,5.8380,52.8126,1.0000
sub-011,ses-02,CP3,29,8,2,2,6.2161,3.0222,9.5949,4.3566,0.0000,3.5153,5.6129,5.6036,5.9934,5.4194,22.3559,10.0000
sub-011,ses-02,O1,0,2,4,2,14.6378,6.6890,9.8451,2.6265,0.0000,4.1517,6.0970,6.0318,5.3111,4.8990,46.8749,1.0000
sub-011,ses-02,O1,1,4,2,2,4.9760,2.4606,7.6421,3.9275,0.0000,2.9455,5.6743,5.6650,7.6068,6.0127,27.5701,10.0000
sub-011,ses-02,O1,2,2,4,2,3.8200,6.1173,7.9407,6.3823,0.0000,3.9619,5.6153,5.5541,5.0293,5.4803,21.0720,15.0000
sub-011,ses-02,O1,3,4,2,2,6.0536,7.9628,2.9954,3.5925,0.0000,2.8079,5.3965,5.4098,6.7607,6.6866,18.5320,6.0000
sub-011,ses-02,O1,4,8,2,2,9.2054,6.5113,6.7084,6.1663,0.0000,4.2623,5.5727,5.5372,4.8918,4.9672,24.8278,1.0000
sub-011,ses-02,O1,5,4,2,2,5.3173,7.8859,4.0540,3.5769,0.0000,2.8753,5.6831,5.6924,7.8652,5.7514,14.7600,7.0000
sub-011,ses-02,O1,6,8,2,2,4.1127,4.2944,10.7944,4.9776,0.0000,3.7931,5.9138,5.8920,5.3666,7.0738,32.2038,9.0000
sub-011,ses-02,O1,7,8,2,2,4.1545,7.1170,11.8409,2.5297,0.0000,3.4655,6.8908,6.9051,6.6980,5.6086,22.6120,11.0000
sub-011,ses-02,O1,8,8,2,2,4.6987,10.4076,8.1872,3.3755,0.0000,3.5681,5.5117,5.4989,13.3361,5.9962,26.1700,7.0000
sub-011,ses-02,O1,9,8,2,2,8.3240,3.2615,4.9951,4.5897,0.0000,3.1623,5.2386,5.2303,4.1205,4.9471,26.3840,1.0000
sub-011,ses-02,O1,10,8,2,2,2.6092,7.6431,7.6140,3.3950,0.0000,3.0425,6.4411,6.4640,10.8385,8.0739,20.5502,8.0000
sub-011,ses-02,O1,11,8,2,2,5.7420,2.3593,8.7980,5.6168,0.0000,3.6793,5.3993,5.3622,5.3694,4.8159,37.0710,10.0000
sub-011,ses-02,O1,12,8,2,2,7.7065,8.8986,5.2663,3.9971,0.0000,3.4879,5.7944,5.7800,5.2222,7.2989,27.3926,2.0000
sub-011,ses-02,O1,13,8,2,2,12.3258,7.4835,7.9953,3.1270,0.0000,3.9037,6.1781,6.1560,5.3492,5.6523,25.1298,9.0000
sub-011,ses-02,O1,14,8,2,2,2.5250,6.7312,11.6055,2.3547,0.0000,3.1923,5.6004,5.5816,9.8753,5.1356,41.0600,9.0000
sub-011,ses-02,O1,15,2,4,2,6.5500,1.2604,3.8496,6.0386,0.0000,3.0893,5.2713,5.2523,4.0677,5.6635,26.0869,18.0000
sub-011,ses-02,O1,16,4,2,2,11.9429,4.6579,15.1229,4.9136,0.0000,5.1399,5.7429,5.6701,6.5596,5.4493,62.0601,9.0000
sub-011,ses-02,O1,17,8,2,2,1.6630,10.1323,10.8416,3.8021,0.0000,3.7595,5.8278,5.8027,4.9129,5.6876,26.0884,9.0000
sub-011,ses-02,O1,18,4,2,2,8.9046,3.3995,5.7632,6.0459,0.0000,3.7766,6.5196,6.5176,4.4269,6.6241,29.9348,1.0000
sub-011,ses-02,O1,19,4,2,2,27.1719,6.1822,8.5323,5.2540,0.0000,5.8817,7.1046,6.9561,7.3955,5.0306,74.0154,1.0000
sub-011,ses-02,O1,20,2,2,2,8.6237,4.6269,7.4002,4.5642,0.0000,3.6451,5.2665,5.2421,6.2426,5.4956,14.4336,1.0000
sub-011,ses-02,O1,21,8,2,2,3.6094,9.1963,6.2957,3.5031,0.0000,3.1288,6.0986,6.1054,5.2684,4.8934,19.7172,7.0000
sub-011,ses-02,O1,22,8,2,2,20.6465,4.6676,8.4613,4.2583,0.0000,4.8228,5.6611,5.5920,4.0237,6.0472,52.3765,1.0000
sub-011,ses-02,O1,23,4,2,2,8.8568,11.1721,5.5321,4.7210,0.0000,4.0624,6.1768,6.1491,7.9503,3.9974,20.7859,1.0000
sub-011,ses-02,O1,24,8,2,2,17.5426,3.3937,10.6741,3.3912,0.0000,4.4622,5.5244,5.4096,7.1127,5.3305,52.6695,1.0000
sub-011,ses-02,O1,25,8,2,2,11.5011,4.4654,6.3219,1.9242,0.0000,2.9491,5.7254,5.7147,6.2921,5.5188,32.7787,1.0000
sub-011,ses-02,O1,26,8,2,2,20.2050,5.2319,8.0409,4.2591,0.0000,4.7759,5.7668,5.7128,5.8206,6.1470,41.6035,1.0000
sub-011,ses-02,O1,27,8,2,2,9.5419,14.0010,9.3024,2.7120,0.0000,4.3080,5.6901,5.6519,4.4283,5.9529,19.6665,6.0000
sub-011,ses-02,O1,28,8,2,2,15.1291,11.8481,5.3377,4.3071,0.0000,4.5564,6.1433,6.0783,7.8420,6.1357,39.7891,1.0000
sub-011,ses-02,O1,29,8,2,2,2.5505,7.1479,13.7305,2.6885,0.0000,3.6309,6.0548,6.0381,13.7159,5.8426,34.1685,9.0000
sub-011,ses-02,Pz,0,2,4,2,10.3381,0.8099,10.0282,5.1006,0.0000,3.9783,5.5611,5.4875,5.6742,4.9827,36.0218,1.0000
sub-011,ses-02,Pz,1,4,2,2,12.1700,6.9067,4.8469,5.6602,0.0000,4.1621,5.8546,5.8232,5.8621,6.7638,31.5508,1.0000
sub-011,ses-02,Pz,2,2,4,2,3.3071,2.1424,9.1503,5.0182,0.0000,3.3008,4.9645,4.9431,3.6074,5.7624,33.3737,9.0000
sub-011,ses-02,Pz,3,4,2,2,9.1282,5.8528,4.7360,4.0820,0.0000,3.2885,4.9834,4.9784,5.4121,4.9883,18.0377,22.0000
sub-011,ses-02,Pz,4,8,2,2,15.3863,6.8931,6.7644,4.2827,0.0000,4.3112,6.5030,6.4852,2.7286,7.3252,31.0567,1.0000
sub-011,ses-02,Pz,5,4,2,2,12.0575,4.7091,9.4552,2.5120,0.0000,3.6385,5.2743,5.2028,6.9796,4.7858,38.0771,1.0000
sub-011,ses-02,Pz,6,8,2,2,15.2636,2.7976,9.6757,4.2358,0.0000,4.3108,5.2022,5.1248,6.2258,5.2162,40.2209,1.0000
sub-011,ses-02,Pz,7,8,2,2,12.9963,5.8142,4.7587,3.0558,0.0000,3.3377,5.6278,5.5979,5.3853,4.9199,18.9256,2.0000
sub-011,ses-02,Pz,8,8,2,2,24.5240,10.8078,7.5193,3.6751,0.0000,5.4470,5.9915,5.9176,6.3181,6.5663,41.6291,1.0000
sub-011,ses-02,Pz,9,8,2,2,3.4919,11.8215,8.4731,2.5311,0.0000,3.3720,4.8399,4.8165,5.6281,3.8245,27.2522,10.0000
sub-011,ses-02,Pz,10,8,2,2,5.5559,3.0243,7.3605,5.0923,0.0000,3.3647,5.7336,5.7363,6.8910,5.6287,14.4467,14.0000
sub-011,ses-02,Pz,11,8,2,2,4.1608,10.1276,6.9872,2.4357,0.0000,3.0405,5.5414,5.5328,4.7064,5.3881,28.3207,7.0000
sub-011,ses-02,Pz,12,8,2,2,4.5256,2.5515,4.9600,1.9242,0.0000,1.9322,5.0278,5.0572,4.4849,4.7896,16.7466,1.0000
sub-011,ses-02,Pz,13,8,2,2,6.2407,6.6682,4.6017,1.9946,0.0000,2.4460,5.4789,5.4979,4.9524,5.6359,12.1880,9.0000
sub-011,ses-02,Pz,14,8,2,2,8.2212,7.0762,9.4110,4.6320,0.0000,4.1366,5.2831,5.2568,3.6398,5.6800,18.8644,10.0000
sub-011,ses-02,Pz,15,2,4,2,5.1944,4.4606,3.8443,5.4855,0.0000,3.0930,5.3345,5.3205,4.7488,4.7271,18.3734,17.0000
sub-011,ses-02,Pz,16,4,2,2,9.3602,1.8797,5.6689,1.8915,0.0000,2.4084,5.4899,5.4980,6.8070,4.8423,18.8458,1.0000
sub-011,ses-02,Pz,17,8,2,2,4.4790,8.0771,4.8523,4.2421,0.0000,3.1276,5.2271,5.2142,4.3861,3.6207,25.0717,6.0000
sub-011,ses-02,Pz,18,4,2,2,14.7956,11.6346,3.5111,6.1050,0.0000,4.7943,7.3605,7.3134,6.6534,6.8723,46.8515,1.0000
sub-011,ses-02,Pz,19,4,2,2,16.5295,4.0567,8.8045,3.3927,0.0000,4.1692,5.5525,5.4642,3.0979,5.9768,56.9647,1.0000
sub-011,ses-02,Pz,20,2,2,2,2.1982,6.9012,5.5815,3.4752,0.0000,2.6759,5.4525,5.4677,6.0469,4.6730,17.6547,10.0000
sub-011,ses-02,Pz,21,8,2,2,11.0111,2.9433,6.5859,4.0419,0.0000,3.4390,5.4839,5.4291,3.2041,4.0463,23.6625,1.0000
sub-011,ses-02,Pz,22,8,2,2,10.5026,1.5997,7.6519,4.7401,0.0000,3.6266,5.5373,5.5147,6.0972,5.6587,28.9431,1.0000
sub-011,ses-02,Pz,23,4,2,2,11.8959,5.8512,6.3321,5.1616,0.0000,4.0949,5.5299,5.4871,7.6907,5.2123,22.6640,1.0000
sub-011,ses-02,Pz,24,8,2,2,17.4642,0.7692,8.3214,4.5147,0.0000,4.2222,5.7915,5.7003,7.8421,5.8151,46.3971,1.0000
sub-011,ses-02,Pz,25,8,2,2,19.4722,12.5654,13.6111,3.3625,0.0000,5.8960,5.8552,5.7167,7.7317,5.3848,47.7670,1.0000
sub-011,ses-02,Pz,26,8,2,2,17.2122,15.0548,10.1406,3.0900,0.0000,5.3507,5.7895,5.7213,5.7676,5.5898,27.6625,1.0000
sub-011,ses-02,Pz,27,8,2,2,16.2199,6.2570,9.1833,2.2815,0.0000,4.0620,5.2978,5.2323,6.9828,4.5111,40.0826,1.0000
sub-011,ses-02,Pz,28,8,2,2,3.5959,3.0499,4.1202,5.0015,0.0000,2.7052,4.9757,4.9765,4.1903,5.2393,19.6234,16.0000
sub-011,ses-02,Pz,29,8,2,2,11.2089,4.5678,5.4010,5.8696,0.0000,3.9958,5.4183,5.3801,4.9810,4.7402,24.2147,3.0000
sub-011,ses-02,Fp2,0,2,4,2,6.2451,6.3754,2.4610,3.7246,0.0000,2.6434,5.6743,5.6896,4.4504,6.0385,15.6448,7.0000
sub-011,ses-02,Fp2,1,4,2,2,3.9112,2.2305,8.7187,5.3939,0.0000,3.4186,6.2291,6.2318,6.0689,5.8166,21.7930,15.0000
sub-011,ses-02,Fp2,2,2,4,2,3.5811,4.3517,7.2625,3.4511,0.0000,2.7947,5.6790,5.6905,5.7193,7.6500,22.8519,10.0000
sub-011,ses-02,Fp2,3,4,2,2,16.8117,8.5377,8.9448,3.7270,0.0000,4.7329,6.3502,6.3022,12.4286,6.4585,32.1204,9.0000
sub-011,ses-02,Fp2,4,8,2,2,9.0029,9.6575,10.0813,5.2459,0.0000,4.7285,6.1431,6.0976,3.0138,6.7270,30.1437,10.0000
sub-011,ses-02,Fp2,5,4,2,2,15.4330,4.7575,8.5530,4.3500,0.0000,4.3868,5.7291,5.6819,3.4459,6.5485,43.2404,1.0000
sub-011,ses-02,Fp2,6,8,2,2,3.0814,2.7634,8.6453,5.2459,0.0000,3.3360,4.7149,4.6878,3.9203,3.9781,23.6692,11.0000
sub-011,ses-02,Fp2,7,8,2,2,8.4719,3.9533,3.4363,6.2761,0.0000,3.5328,7.4708,7.4732,4.9677,5.8072,18.7087,1.0000
sub-011,ses-02,Fp2,8,8,2,2,2.4405,3.0265,8.4321,2.5817,0.0000,2.4656,5.2317,5.2521,6.8074,4.9747,22.5646,10.0000
sub-011,ses-02,Fp2,9,8,2,2,9.8997,7.1433,9.4823,3.4397,0.0000,3.9484,5.4704,5.4345,5.1062,5.8988,26.0069,1.0000
sub-011,ses-02,Fp2,10,8,2,2,6.6239,6.9475,7.7320,3.3258,0.0000,3.3468,5.4133,5.3986,6.2050,5.3776,15.5231,1.0000
sub-011,ses-02,Fp2,11,8,2,2,4.9351,2.3158,8.2485,4.1196,0.0000,3.0709,5.1478,5.1390,5.8735,5.0951,26.4488,10.0000
sub-011,ses-02,Fp2,12,8,2,2,9.6205,2.7004,9.2259,3.1092,0.0000,3.3735,6.4320,6.4382,9.4052,4.6248,24.8306,2.0000
sub-011,ses-02,Fp2,13,8,2,2,6.0925,5.4141,4.5313,3.0939,0.0000,2.6380,5.3117,5.2936,5.0229,5.5033,13.1718,14.0000
sub-011,ses-02,Fp2,14,8,2,2,5.7777,5.3858,8.2868,4.1729,0.0000,3.4563,5.6824,5.6812,3.7569,7.3642,16.6638,10.0000
sub-011,ses-02,Fp2,15,2,4,2,8.5616,3.2184,10.0732,5.0526,0.0000,4.0289,5.7736,5.7427,5.7116,5.2911,30.0246,10.0000
sub-011,ses-02,Fp2,16,4,2,2,5.0421,3.2127,16.7217,5.9331,0.0000,4.8949,5.6712,5.5919,5.7612,6.4802,42.5550,9.0000
sub-011,ses-02,Fp2,17,8,2,2,3.8448,2.0865,12.4086,3.2116,0.0000,3.2541,5.8596,5.8558,5.0787,3.9731,49.0161,9.0000
sub-011,ses-02,Fp2,18,4,2,2,19.7393,4.9045,5.3375,5.8026,0.0000,4.7915,7.1469,7.0977,8.8006,6.2125,42.5408,22.0000
sub-011,ses-02,Fp2,19,4,2,2,6.0501,6.9290,6.2732,3.1446,0.0000,3.0334,5.3172,5.3060,6.4361,5.9321,17.6129,8.0000
sub-011,ses-02,Fp2,20,2,2,2,27.0271,6.9017,2.4301,2.7465,0.0000,4.3256,6.4639,6.4316,4.5838,4.5400,46.8717,2.0000
sub-011,ses-02,Fp2,21,8,2,2,6.7092,5.9421,10.8180,7.0153,0.0000,4.8072,6.3333,6.2860,7.7507,7.1233,23.3608,14.0000
sub-011,ses-02,Fp2,22,8,2,2,2.4988,2.6881,9.2733,2.4700,0.0000,2.5232,5.4863,5.4944,4.4992,5.5750,17.7176,10.0000
sub-011,ses-02,Fp2,23,4,2,2,26.5269,6.2092,8.1589,6.6814,0.0000,6.2036,6.6794,6.5633,5.2314,4.3174,68.0735,2.0000
sub-011,ses-02,Fp2,24,8,2,2,14.9254,2.2750,12.0836,5.2465,0.0000,4.8723,5.6965,5.5765,7.4853,5.0062,49.8409,1.0000
sub-011,ses-02,Fp2,25,8,2,2,10.6690,2.8913,4.5049,4.0040,0.0000,3.1005,5.9560,5.9411,5.5266,4.8909,38.3048,1.0000
sub-011,ses-02,Fp2,26,8,2,2,9.8573,11.0763,9.5788,5.4789,0.0000,4.9403,5.7158,5.6389,4.0474,6.4771,27.2053,1.0000
sub-011,ses-02,Fp2,27,8,2,2,6.3190,6.8184,11.6432,2.3980,0.0000,3.5717,5.8512,5.8081,4.1987,6.3462,26.8296,9.0000
sub-011,ses-02,Fp2,28,8,2,2,19.4820,5.7624,4.3738,6.1614,0.0000,4.8214,5.1585,5.0868,5.7299,5.0527,31.7757,1.0000
sub-011,ses-02,Fp2,29,8,2,2,6.9939,7.9690,5.7593,2.4903,0.0000,2.9484,5.5128,5.4968,3.8616,3.7710,18.4515,7.0000
sub-011,ses-02,Fz,0,2,4,2,11.5175,10.3040,3.2807,5.7409,0.0000,4.2233,5.5525,5.4905,4.0961,3.8676,31.9003,1.0000
sub-011,ses-02,Fz,1,4,2,2,4.6188,4.1681,8.7415,4.9702,0.0000,3.5398,6.0789,6.0778,4.0476,6.5371,18.7828,15.0000
sub-011,ses-02,Fz,2,2,4,2,8.8423,2.6816,4.8363,4.1549,0.0000,3.0030,5.5350,5.5384,7.5831,6.7182,21.4883,3.0000
sub-011,ses-02,Fz,3,4,2,2,17.1069,8.2048,8.0195,5.1107,0.0000,5.0187,5.6887,5.6187,5.6428,5.8871,27.8193,1.0000
sub-011,ses-02,Fz,4,8,2,2,6.9757,6.2521,11.1732,3.9175,0.0000,3.9739,5.9418,5.9172,4.5828,6.7677,27.1043,10.0000
sub-011,ses-02,Fz,5,4,2,2,6.9394,4.4771,6.7936,2.5734,0.0000,2.7880,5.5153,5.5236,4.8454,8.0540,19.1141,1.0000
sub-011,ses-02,Fz,6,8,2,2,3.8005,3.0554,5.8615,3.4470,0.0000,2.4978,4.9182,4.9360,5.7343,5.2881,11.6878,11.0000
sub-011,ses-02,Fz,7,8,2,2,9.5204,5.1521,3.9413,10.1050,0.0000,4.9698,11.2803,11.3359,7.0669,9.2233,34.3552,15.0000
sub-011,ses-02,Fz,8,8,2,2,1.5848,1.8293,4.2020,4.4778,0.0000,2.2577,5.9658,5.9743,7.3512,5.3181,21.9993,14.0000
sub-011,ses-02,Fz,9,8,2,2,13.8460,3.9640,7.8874,4.6247,0.0000,4.1555,5.9861,5.9504,6.5338,4.2253,24.8025,3.0000
sub-011,ses-02,Fz,10,8,2,2,5.6613,7.8326,4.7957,3.0516,0.0000,2.8470,5.8724,5.8892,5.9240,5.3526,19.5070,5.0000
sub-011,ses-02,Fz,11,8,2,2,6.2903,4.2135,9.5496,4.6878,0.0000,3.7268,5.2055,5.1674,6.5712,5.2701,23.1823,10.0000
sub-011,ses-02,Fz,12,8,2,2,6.7167,6.6955,4.6513,3.2578,0.0000,2.8816,6.1271,6.1439,5.0062,6.2049,17.0118,1.0000
sub-011,ses-02,Fz,13,8,2,2,7.9679,8.4222,3.0065,3.5755,0.0000,3.0251,5.2810,5.2323,3.3685,5.9201,15.6541,14.0000
sub-011,ses-02,Fz,14,8,2,2,0.9286,7.1934,10.2398,2.0869,0.0000,2.8153,5.1140,5.1164,4.0543,5.0947,24.2378,12.0000
sub-011,ses-02,Fz,15,2,4,2,3.2819,3.7642,12.6793,5.7671,0.0000,4.1682,7.3420,7.3344,7.5091,7.5129,33.9111,10.0000
sub-011,ses-02,Fz,16,4,2,2,3.3450,2.1371,13.1409,5.1698,0.0000,3.9065,5.6118,5.5706,5.0223,5.7169,44.8054,9.0000
sub-011,ses-02,Fz,17,8,2,2,6.0133,7.0659,10.0132,4.3764,0.0000,3.9370,5.4208,5.3798,4.2078,3.4548,30.6051,9.0000
sub-011,ses-02,Fz,18,4,2,2,8.1554,4.4464,5.5697,12.7762,0.0000,5.8120,11.4543,11.4671,4.9266,8.2574,42.6179,22.0000
sub-011,ses-02,Fz,19,4,2,2,10.9016,4.6416,5.4501,6.6155,0.0000,4.2064,5.9433,5.8792,4.7073,6.2972,37.8005,1.0000
sub-011,ses-02,Fz,20,2,2,2,4.8182,5.2010,3.4084,2.1347,0.0000,2.0530,6.0902,6.1398,6.9882,4.8995,14.0097,10.0000
sub-011,ses-02,Fz,21,8,2,2,6.1970,5.7978,11.8606,7.0826,0.0000,4.9120,5.9754,5.9033,4.1050,5.6308,31.9656,9.0000
sub-011,ses-02,Fz,22,8,2,2,6.6740,3.5788,7.4167,2.8901,0.0000,2.8624,5.6125,5.6212,7.3048,5.6695,13.6499,9.0000
sub-011,ses-02,Fz,23,4,2,2,9.3253,12.1292,8.0250,6.5373,0.0000,5.0919,6.2174,6.1338,3.7549,4.9328,20.5999,7.0000
sub-011,ses-02,Fz,24,8,2,2,17.7196,1.4239,10.1932,2.3218,0.0000,3.9051,5.3960,5.3128,5.0499,5.2876,57.4801,1.0000
sub-011,ses-02,Fz,25,8,2,2,6.3915,1.7921,10.7832,3.6441,0.0000,3.3676,5.6569,5.6268,6.8206,5.4680,32.2389,10.0000
sub-011,ses-02,Fz,26,8,2,2,6.3622,6.9916,11.3634,7.2015,0.0000,5.0050,5.4133,5.3494,2.4497,6.5286,27.9303,19.0000
sub-011,ses-02,Fz,27,8,2,2,5.6021,2.9777,9.6835,4.4677,0.0000,3.5000,5.9806,5.9468,7.4060,6.0676,20.1025,10.0000
sub-011,ses-02,Fz,28,8,2,2,17.4761,6.5229,3.3537,6.3673,0.0000,4.6254,4.9867,4.9169,5.0555,5.6883,31.4937,1.0000
sub-011,ses-02,Fz,29,8,2,2,4.1162,6.3834,5.1284,2.7312,0.0000,2.5180,5.9640,5.9879,3.6908,4.6711,10.8435,7.0000
sub-011,ses-02,FCz,0,2,4,2,10.0697,11.2524,6.0427,6.3974,0.0000,4.7607,5.5751,5.5008,6.2373,4.6029,32.5447,17.0000
sub-011,ses-02,FCz,1,4,2,2,4.8755,4.4050,7.8398,4.1989,0.0000,3.2267,5.6589,5.6516,5.5626,5.3917,17.3802,15.0000
sub-011,ses-02,FCz,2,2,4,2,7.1473,4.6557,4.7827,4.7143,0.0000,3.1905,5.4201,5.4120,4.7511,6.2881,14.8994,5.0000
sub-011,ses-02,FCz,3,4,2,2,6.9336,7.3647,9.2266,4.9331,0.0000,4.1089,5.6454,5.6242,5.8854,6.2974,17.4052,4.0000
sub-011,ses-02,FCz,4,8,2,2,6.7570,7.2749,8.4096,2.7612,0.0000,3.3135,5.6854,5.6776,3.4378,6.7538,30.3514,10.0000
sub-011,ses-02,FCz,5,4,2,2,3.6579,4.1256,8.1770,2.5141,0.0000,2.6251,5.8391,5.8575,5.2549,8.7342,17.4201,9.0000
sub-011,ses-02,FCz,6,8,2,2,5.9502,1.6187,5.5657,2.0708,0.0000,2.1068,4.8230,4.8452,4.4003,4.9425,14.5834,11.0000
sub-011,ses-02,FCz,7,8,2,2,4.4235,4.0688,3.2700,8.5711,0.0000,3.8375,11.6131,11.7156,5.3625,10.7112,27.0331,15.0000
sub-011,ses-02,FCz,8,8,2,2,6.0375,1.8217,4.8237,3.0808,0.0000,2.3355,5.0103,5.0195,6.4923,4.6780,15.2687,1.0000
sub-011,ses-02,FCz,9,8,2,2,4.4143,7.4486,7.9050,4.1784,0.0000,3.4698,5.4913,5.4764,5.4004,4.9808,19.4497,10.0000
sub-011,ses-02,FCz,10,8,2,2,12.4367,4.8091,5.3612,3.5285,0.0000,3.4191,6.0191,5.9844,3.7315,6.4803,41.0445,1.0000
sub-011,ses-02,FCz,11,8,2,2,2.9024,5.0953,7.6162,4.9382,0.0000,3.2996,5.3230,5.3093,4.6528,5.2390,27.1947,18.0000
sub-011,ses-02,FCz,12,8,2,2,11.4352,10.0439,4.8006,2.5381,0.0000,3.4352,6.0262,6.0238,5.9898,6.0608,23.3829,2.0000
sub-011,ses-02,FCz,13,8,2,2,4.2254,7.1067,2.7103,3.4056,0.0000,2.4619,5.0650,5.0349,3.8611,5.7571,13.1020,7.0000
sub-011,ses-02,FCz,14,8,2,2,4.1032,7.9515,10.8259,2.2549,0.0000,3.3137,5.2336,5.2242,6.3566,4.9303,26.3202,12.0000
sub-011,ses-02,FCz,15,2,4,2,2.4009,3.1503,11.5161,4.7191,0.0000,3.5500,6.8401,6.8393,6.8845,7.1452,29.3814,10.0000
sub-011,ses-02,FCz,16,4,2,2,1.2783,1.9027,13.6255,4.7111,0.0000,3.6214,5.7577,5.7419,5.8774,5.3534,43.1687,9.0000
sub-011,ses-02,FCz,17,8,2,2,3.6842,7.6008,9.7351,3.9873,0.0000,3.6136,5.7258,5.6979,5.4029,3.6952,28.3879,9.0000
sub-011,ses-02,FCz,18,4,2,2,8.3752,6.5537,6.0162,14.4236,0.0000,6.5888,13.5312,13.5730,5.0007,9.9906,39.2126,20.0000
sub-011,ses-02,FCz,19,4,2,2,11.8569,3.6909,8.3923,5.3789,0.0000,4.2435,6.3811,6.3378,5.8079,7.5890,37.1444,1.0000
sub-011,ses-02,FCz,20,2,2,2,2.2018,2.9897,4.0303,2.6818,0.0000,1.8561,6.3358,6.3914,5.7457,5.5007,7.6183,7.0000
sub-011,ses-02,FCz,21,8,2,2,5.3584,8.6382,11.0005,5.6407,0.0000,4.5423,5.6779,5.6150,4.6531,4.8867,42.8552,9.0000
sub-011,ses-02,FCz,22,8,2,2,8.6795,8.6744,6.9347,1.9366,0.0000,3.1674,5.5093,5.5067,7.5606,5.1926,17.3404,9.0000
sub-011,ses-02,FCz,23,4,2,2,10.0756,10.3051,9.1566,6.4225,0.0000,5.1152,6.7150,6.6580,3.9786,6.3804,32.3502,20.0000
sub-011,ses-02,FCz,24,8,2,2,18.3811,3.2484,8.3950,3.2882,0.0000,4.1776,5.3480,5.2534,4.5688,5.3169,61.6716,1.0000
sub-011,ses-02,FCz,25,8,2,2,11.8433,3.7300,9.3800,3.0924,0.0000,3.6924,5.8922,5.8496,7.2385,5.1726,29.7132,1.0000
sub-011,ses-02,FCz,26,8,2,2,10.4326,10.1620,9.0031,4.7770,0.0000,4.6162,5.3940,5.3343,3.1606,6.3746,20.3771,19.0000
sub-011,ses-02,FCz,27,8,2,2,5.6084,4.9972,9.3973,4.2738,0.0000,3.5899,6.0609,6.0435,8.4222,6.3772,20.7701,10.0000
sub-011,ses-02,FCz,28,8,2,2,10.7115,6.9334,4.0857,7.1240,0.0000,4.3653,5.0037,4.9408,5.2862,6.1332,27.4736,16.0000
sub-011,ses-02,FCz,29,8,2,2,3.2302,3.8015,3.5959,4.3138,0.0000,2.4600,6.0698,6.0899,4.6312,5.5529,22.6031,17.0000
sub-011,ses-02,Cz,0,2,4,2,6.5075,6.9289,9.2778,4.8658,0.0000,4.0155,5.5606,5.5321,5.7725,5.8107,14.4609,17.0000
sub-011,ses-02,Cz,1,4,2,2,4.2393,3.1631,6.2074,6.0214,0.0000,3.3752,5.4499,5.4040,5.1887,5.6363,26.9137,15.0000
sub-011,ses-02,Cz,2,2,4,2,4.8796,5.0465,3.8093,4.9046,0.0000,2.9377,5.3774,5.3598,5.0534,6.2822,15.2881,21.0000
sub-011,ses-02,Cz,3,4,2,2,7.3006,9.8108,7.2988,3.7104,0.0000,3.7320,6.0691,6.0685,6.1203,6.9804,21.3943,1.0000
sub-011,ses-02,Cz,4,8,2,2,6.8569,8.5437,11.3860,3.8588,0.0000,4.1880,5.7572,5.7245,3.9991,6.2001,34.6898,10.0000
sub-011,ses-02,Cz,5,4,2,2,4.3384,5.3961,7.4556,3.2128,0.0000,2.9171,5.9187,5.9135,4.0884,7.9588,21.8348,9.0000
sub-011,ses-02,Cz,6,8,2,2,6.5169,2.1962,7.4884,2.6399,0.0000,2.6535,4.4555,4.4553,4.7119,4.5443,15.5565,11.0000
sub-011,ses-02,Cz,7,8,2,2,13.1502,8.3893,1.9068,7.8084,0.0000,4.6304,9.8515,9.8740,4.6918,6.5740,32.2432,1.0000
sub-011,ses-02,Cz,8,8,2,2,4.3158,3.3148,5.0002,2.8825,0.0000,2.2790,4.8191,4.8305,6.5382,4.6140,16.0026,14.0000
sub-011,ses-02,Cz,9,8,2,2,5.7068,10.3433,7.1788,3.6463,0.0000,3.5971,5.2815,5.2479,4.8385,4.9908,23.3899,10.0000
sub-011,ses-02,Cz,10,8,2,2,10.6114,4.2706,8.5181,4.9771,0.0000,4.0777,5.6112,5.5776,3.2477,6.1981,36.6147,1.0000
sub-011,ses-02,Cz,11,8,2,2,4.3309,4.4682,6.2542,7.1740,0.0000,3.8601,5.4470,5.4158,2.7770,5.4534,16.8092,18.0000
sub-011,ses-02,Cz,12,8,2,2,10.7199,10.6310,6.0521,4.8073,0.0000,4.2840,6.0189,5.9835,6.3267,5.9564,23.4401,1.0000
sub-011,ses-02,Cz,13,8,2,2,3.4134,8.7375,2.8320,3.8219,0.0000,2.6809,5.1246,5.1268,5.1793,7.2963,19.2774,7.0000
sub-011,ses-02,Cz,14,8,2,2,2.1324,4.1774,10.8487,2.9937,0.0000,3.0058,5.1499,5.1423,6.6813,5.1420,20.4173,12.0000
sub-011,ses-02,Cz,15,2,4,2,5.1391,1.7195,12.8347,4.4330,0.0000,3.7691,6.6354,6.6310,8.4640,8.0494,29.9864,11.0000
sub-011,ses-02,Cz,16,4,2,2,3.2236,1.9256,14.7452,5.7362,0.0000,4.2707,5.8664,5.8195,6.8431,4.7264,45.3667,9.0000
sub-011,ses-02,Cz,17,8,2,2,6.9236,8.7549,10.3438,2.6351,0.0000,3.6985,5.4813,5.4376,6.1123,4.0941,27.6299,7.0000
sub-011,ses-02,Cz,18,4,2,2,9.7327,4.3816,3.7218,9.7804,0.0000,4.7891,13.4598,13.5704,6.4339,9.1500,28.9850,18.0000
sub-011,ses-02,Cz,19,4,2,2,15.0545,2.9987,10.3638,3.6571,0.0000,4.2311,6.6529,6.5821,5.2999,7.3434,55.4544,1.0000
sub-011,ses-02,Cz,20,2,2,2,3.8105,2.1640,5.2863,3.2362,0.0000,2.2718,5.9369,5.9756,7.0406,4.7373,11.8118,1.0000
sub-011,ses-02,Cz,21,8,2,2,3.3009,9.8623,8.6314,2.8787,0.0000,3.2992,6.1419,6.1464,4.6081,4.6342,35.5312,9.0000
sub-011,ses-02,Cz,22,8,2,2,6.5555,6.6462,7.5533,3.1374,0.0000,3.2305,5.1814,5.1716,6.4521,5.1371,23.0845,9.0000
sub-011,ses-02,Cz,23,4,2,2,5.9361,9.2424,5.8003,3.1694,0.0000,3.1795,5.5830,5.5503,5.4132,5.8014,14.5233,20.0000
sub-011,ses-02,Cz,24,8,2,2,19.8954,4.1222,7.6738,3.6136,0.0000,4.3974,5.8243,5.7132,6.2533,5.3337,65.8183,1.0000
sub-011,ses-02,Cz,25,8,2,2,16.2228,5.5308,13.0276,3.8753,0.0000,5.0130,5.6381,5.5387,6.2576,5.5150,47.5334,1.0000
sub-011,ses-02,Cz,26,8,2,2,10.1542,7.2332,7.8885,4.0361,0.0000,3.9384,5.6649,5.6109,3.9175,5.6962,28.5144,1.0000
sub-011,ses-02,Cz,27,8,2,2,12.9033,4.7473,7.8192,3.6015,0.0000,3.8218,5.4646,5.3918,5.7748,6.3149,38.5507,1.0000
sub-011,ses-02,Cz,28,8,2,2,11.7008,5.5254,4.4250,4.8917,0.0000,3.6988,5.0763,5.0442,5.7768,5.6501,29.7359,1.0000
sub-011,ses-02,Cz,29,8,2,2,6.2825,7.1065,2.9209,3.8573,0.0000,2.8192,5.9841,5.9956,8.3343,5.7745,14.2506,1.0000
sub-011,ses-02,C4,0,2,4,2,11.4629,7.0803,11.4116,5.5707,0.0000,5.0014,5.7743,5.6801,8.2414,4.8571,41.5886,1.0000
sub-011,ses-02,C4,1,4,2,2,6.5657,2.3963,2.9246,6.8031,0.0000,3.2985,6.5460,6.5545,3.9499,6.7661,21.9589,15.0000
sub-011,ses-02,C4,2,2,4,2,6.3186,4.5625,8.4368,2.8899,0.0000,3.0631,5.2651,5.2566,5.3752,6.3976,30.5318,10.0000
sub-011,ses-02,C4,3,4,2,2,22.1340,10.1608,5.6753,5.6828,0.0000,5.5141,4.9515,4.8618,8.7651,5.7058,40.9744,1.0000
sub-011,ses-02,C4,4,8,2,2,4.2898,11.1631,14.8870,3.9349,0.0000,4.7044,5.9054,5.8595,5.4734,6.6268,51.4899,10.0000
sub-011,ses-02,C4,5,4,2,2,14.3835,5.1934,12.2795,5.2310,0.0000,5.1160,5.1707,5.0766,3.1568,5.3376,49.7556,1.0000
sub-011,ses-02,C4,6,8,2,2,8.5153,5.9728,10.2611,4.0307,0.0000,3.9981,4.9846,4.9482,4.1341,4.2391,20.7276,1.0000
sub-011,ses-02,C4,7,8,2,2,30.6618,22.2561,10.5852,13.1614,0.0000,10.3786,29.7736,30.0510,15.8973,27.0914,55.5526,4.0000
sub-011,ses-02,C4,8,8,2,2,12.2535,3.3419,6.1441,4.8952,0.0000,3.7880,5.4727,5.4345,3.9683,5.9582,38.4105,1.0000
sub-011,ses-02,C4,9,8,2,2,2.8267,5.5991,9.8812,6.7741,0.0000,4.2105,5.2879,5.2332,3.9916,4.4574,30.0890,11.0000
sub-011,ses-02,C4,10,8,2,2,8.1304,9.5192,4.2234,4.8209,0.0000,3.6886,5.5330,5.4988,3.3462,5.1183,27.7766,5.0000
sub-011,ses-02,C4,11,8,2,2,10.6465,3.4994,5.5568,7.0685,0.0000,4.2283,6.7865,6.7687,5.7704,4.3472,27.3102,1.0000
sub-011,ses-02,C4,12,8,2,2,5.3284,12.4218,7.4507,3.7143,0.0000,3.8138,6.0126,5.9914,6.9976,4.6290,34.5539,7.0000
sub-011,ses-02,C4,13,8,2,2,12.3978,4.1824,9.4344,3.9340,0.0000,4.0481,6.1448,6.0739,5.2254,7.0475,31.3770,1.0000
sub-011,ses-02,C4,14,8,2,2,17.5286,5.0701,9.0235,4.9163,0.0000,4.8476,5.1012,4.9848,6.7593,4.0529,38.8445,1.0000
sub-011,ses-02,C4,15,2,4,2,3.2055,3.7230,12.3123,5.1169,0.0000,3.9095,6.4173,6.4018,7.8396,7.1445,37.0441,11.0000
sub-011,ses-02,C4,16,4,2,2,10.1440,2.4037,12.6539,3.1241,0.0000,3.8774,5.9374,5.8977,4.8797,5.7844,33.4682,10.0000
sub-011,ses-02,C4,17,8,2,2,9.3525,1.0808,7.6799,3.7925,0.0000,3.1887,5.4262,5.3962,3.4145,3.5190,34.1387,1.0000
sub-011,ses-02,C4,18,4,2,2,17.0035,17.4750,11.2825,10.1118,0.0000,7.8387,19.0872,19.2128,18.5838,19.8913,61.8684,22.0000
sub-011,ses-02,C4,19,4,2,2,16.1884,4.1252,3.9166,3.8305,0.0000,3.5942,5.9497,5.8887,4.3349,4.8085,55.9909,1.0000
sub-011,ses-02,C4,20,2,2,2,8.4260,2.0667,3.6098,2.0464,0.0000,2.0984,5.6324,5.6725,6.6695,5.3036,21.2418,1.0000
sub-011,ses-02,C4,21,8,2,2,3.7581,4.9903,11.4542,2.8567,0.0000,3.2757,5.3750,5.3654,8.2126,5.5353,22.6230,9.0000
sub-011,ses-02,C4,22,8,2,2,3.1110,3.8146,7.7773,2.6738,0.0000,2.5378,5.5069,5.5282,8.9166,5.2370,18.4608,10.0000
sub-011,ses-02,C4,23,4,2,2,8.8249,2.1646,5.1255,4.6667,0.0000,3.1483,5.7864,5.7787,3.8061,4.3139,22.5643,1.0000
sub-011,ses-02,C4,24,8,2,2,8.9417,5.7331,8.5190,3.9993,0.0000,3.7629,5.7742,5.7514,7.2710,5.2252,26.8982,9.0000
sub-011,ses-02,C4,25,8,2,2,12.4351,8.5994,10.0137,4.4415,0.0000,4.6967,5.1129,4.9766,6.4205,5.1066,34.8394,1.0000
sub-011,ses-02,C4,26,8,2,2,14.7459,6.5180,12.0680,7.9633,0.0000,6.0694,6.7078,6.6206,5.2634,5.9816,34.8198,10.0000
sub-011,ses-02,C4,27,8,2,2,17.5821,3.9109,20.4179,5.4100,0.0000,6.4840,5.7663,5.5904,4.5781,6.1634,64.0428,1.0000
sub-011,ses-02,C4,28,8,2,2,3.2124,5.5375,7.2912,3.2331,0.0000,2.8088,5.3984,5.4156,4.5126,4.9649,17.0184,10.0000
sub-011,ses-02,C4,29,8,2,2,9.4578,6.5015,9.7856,6.8432,0.0000,4.9189,6.3062,6.2531,6.4076,6.0953,25.6133,13.0000
sub-011,ses-02,CP4,0,2,4,2,15.6053,3.4403,11.5251,4.7523,0.0000,4.8166,5.9905,5.9133,7.7814,7.5334,33.2712,1.0000
sub-011,ses-02,CP4,1,4,2,2,4.9599,6.0183,3.3167,5.1531,0.0000,3.0419,5.7832,5.7947,5.6124,6.1725,21.0276,20.0000
sub-011,ses-02,CP4,2,2,4,2,10.7874,4.0332,8.5860,4.9547,0.0000,4.0746,5.6276,5.5894,7.4374,7.9003,27.5678,10.0000
sub-011,ses-02,CP4,3,4,2,2,27.9634,17.2598,6.3169,5.8509,0.0000,6.8571,5.2738,5.1286,6.8737,5.8083,62.5272,1.0000
sub-011,ses-02,CP4,4,8,2,2,7.7518,4.7528,15.9484,3.1628,0.0000,4.3448,5.5404,5.4945,5.2609,5.9199,39.4840,10.0000
sub-011,ses-02,CP4,5,4,2,2,3.7995,4.3286,12.4295,3.6759,0.0000,3.6018,5.4420,5.4236,3.5664,5.2196,31.8913,10.0000
sub-011,ses-02,CP4,6,8,2,2,5.8992,4.1552,11.5217,4.4452,0.0000,3.8869,5.5672,5.5420,7.3308,6.4965,18.7617,9.0000
sub-011,ses-02,CP4,7,8,2,2,19.2128,13.7527,10.5387,13.9053,0.0000,8.7410,24.4850,24.6599,14.9347,20.8894,53.0446,16.0000
sub-011,ses-02,CP4,8,8,2,2,2.6620,5.7254,7.2323,2.9843,0.0000,2.6916,5.3602,5.3702,2.7911,5.5665,16.6844,10.0000
sub-011,ses-02,CP4,9,8,2,2,3.4078,5.9145,13.0108,7.4914,0.0000,4.9475,5.7408,5.6850,4.6633,4.9981,25.0225,11.0000
sub-011,ses-02,CP4,10,8,2,2,5.1108,10.1042,2.6602,6.1573,0.0000,3.6480,5.5825,5.5562,4.6321,4.9984,24.6225,16.0000
sub-011,ses-02,CP4,11,8,2,2,3.8870,3.4505,6.4731,4.6051,0.0000,2.9780,5.6230,5.6346,4.3931,3.8229,17.8103,10.0000
sub-011,ses-02,CP4,12,8,2,2,5.1798,12.7316,10.3253,3.0798,0.0000,4.0380,5.8197,5.7918,5.3577,5.2509,26.2045,9.0000
sub-011,ses-02,CP4,13,8,2,2,2.2505,2.8494,6.6750,2.9413,0.0000,2.2950,5.7364,5.7400,5.1962,5.6870,11.6498,11.0000
sub-011,ses-02,CP4,14,8,2,2,7.4625,2.1858,8.6081,5.0176,0.0000,3.6156,5.0041,4.9601,6.2020,4.2070,25.3981,10.0000
sub-011,ses-02,CP4,15,2,4,2,8.0792,9.3358,11.7653,6.4773,0.0000,5.2199,6.3735,6.3145,10.0063,6.7855,34.8000,11.0000
sub-011,ses-02,CP4,16,4,2,2,8.5768,4.1990,12.9435,4.0698,0.0000,4.2249,5.7299,5.6961,4.0039,4.4983,25.1148,10.0000
sub-011,ses-02,CP4,17,8,2,2,4.3562,3.5931,5.9487,3.0484,0.0000,2.4911,5.3305,5.3335,6.1986,4.6810,17.5158,18.0000
sub-011,ses-02,CP4,18,4,2,2,12.2000,8.9387,7.0630,11.2839,0.0000,6.3633,14.7798,14.8723,11.6193,14.3862,36.2964,17.0000
sub-011,ses-02,CP4,19,4,2,2,17.7770,3.4465,6.2342,3.5429,0.0000,3.9153,6.1148,6.0465,5.5940,5.0197,61.7244,1.0000
sub-011,ses-02,CP4,20,2,2,2,5.6535,1.3859,8.7911,3.2705,0.0000,2.8703,5.2601,5.2581,5.1490,5.9323,16.4890,10.0000
sub-011,ses-02,CP4,21,8,2,2,15.0160,3.9064,6.8102,3.8091,0.0000,3.8621,5.4538,5.4073,6.9184,5.7917,27.0573,1.0000
sub-011,ses-02,CP4,22,8,2,2,8.3301,2.7133,5.8414,2.8322,0.0000,2.6986,5.1415,5.1372,8.3145,5.5899,20.1296,1.0000
sub-011,ses-02,CP4,23,4,2,2,1.5840,3.0211,3.1942,3.9748,0.0000,2.0758,5.1880,5.2200,6.5405,5.5376,10.9033,20.0000
sub-011,ses-02,CP4,24,8,2,2,20.4737,5.0375,9.3471,3.0499,0.0000,4.5994,5.4509,5.3615,5.0463,4.8946,54.0392,1.0000
sub-011,ses-02,CP4,25,8,2,2,13.1130,14.8745,10.6666,4.1204,0.0000,5.3376,6.1473,6.0400,7.0324,5.4868,46.1726,7.0000
sub-011,ses-02,CP4,26,8,2,2,10.9601,14.1909,8.7334,5.5141,0.0000,5.2253,5.7421,5.6212,4.9003,7.2553,38.0310,1.0000
sub-011,ses-02,CP4,27,8,2,2,18.2418,4.2791,21.7399,5.5002,0.0000,6.7913,6.7327,6.5963,8.2059,6.8438,42.7361,1.0000
sub-011,ses-02,CP4,28,8,2,2,21.8792,8.2912,8.1965,3.2010,0.0000,4.9180,5.5530,5.4861,5.4074,6.1115,56.7129,1.0000
sub-011,ses-02,CP4,29,8,2,2,8.0652,5.4570,7.6693,5.7140,0.0000,4.0555,6.3249,6.3105,2.5688,6.4667,18.4792,19.0000
sub-011,ses-02,O2,0,2,4,2,9.2344,4.5170,10.0625,4.0379,0.0000,3.9040,6.7599,6.7331,4.6084,7.6873,29.0018,10.0000
sub-011,ses-02,O2,1,4,2,2,2.9166,8.0081,3.7826,6.4610,0.0000,3.4974,5.9674,5.9599,4.7173,7.0858,22.1267,16.0000
sub-011,ses-02,O2,2,2,4,2,4.1403,11.4477,5.8709,5.0088,0.0000,3.7835,5.2575,5.2233,4.4523,6.4190,25.8471,18.0000
sub-011,ses-02,O2,3,4,2,2,7.0595,5.3068,8.3739,5.6673,0.0000,4.0322,5.2792,5.2473,5.4114,5.5117,18.2767,13.0000
sub-011,ses-02,O2,4,8,2,2,4.0047,3.6929,6.9210,5.7507,0.0000,3.4204,5.8761,5.8715,5.4777,5.8308,20.7305,18.0000
sub-011,ses-02,O2,5,4,2,2,5.3124,12.0951,8.0135,4.2979,0.0000,4.0368,5.1747,5.1048,3.5050,4.8066,24.2476,5.0000
sub-011,ses-02,O2,6,8,2,2,8.1286,7.1215,3.5939,3.7369,0.0000,3.0498,5.1861,5.1742,5.3252,5.3471,15.5354,14.0000
sub-011,ses-02,O2,7,8,2,2,18.6779,14.1794,5.4677,2.1293,0.0000,4.4632,6.5502,6.5517,5.0138,8.8218,41.4918,4.0000
sub-011,ses-02,O2,8,8,2,2,4.7079,4.9444,12.4505,3.2797,0.0000,3.6267,4.8935,4.8628,5.7599,4.5091,25.6930,9.0000
sub-011,ses-02,O2,9,8,2,2,5.9314,2.1532,6.4744,5.2324,0.0000,3.2373,5.7701,5.7780,6.2007,5.5253,25.0056,22.0000
sub-011,ses-02,O2,10,8,2,2,3.3944,10.1165,5.2339,4.2460,0.0000,3.2708,5.8539,5.8557,12.3036,5.2281,26.6591,5.0000
sub-011,ses-02,O2,11,8,2,2,12.5940,2.8115,6.9801,5.8590,0.0000,4.1784,5.6072,5.5559,4.3406,4.5580,27.3717,1.0000
sub-011,ses-02,O2,12,8,2,2,10.5712,6.2015,4.2692,6.7915,0.0000,4.2092,6.2334,6.2066,6.3529,7.4326,33.5925,1.0000
sub-011,ses-02,O2,13,8,2,2,6.5129,8.9559,8.3315,6.6151,0.0000,4.6014,5.9678,5.9090,4.7557,5.3287,25.0127,16.0000
sub-011,ses-02,O2,14,8,2,2,6.8834,3.0472,2.4388,4.7114,0.0000,2.6884,6.6482,6.6762,4.7431,6.2287,22.1153,16.0000
sub-011,ses-02,O2,15,2,4,2,3.0846,6.7947,6.6677,3.2811,0.0000,2.8414,5.4638,5.4684,4.0102,4.7631,20.5334,5.0000
sub-011,ses-02,O2,16,4,2,2,9.0122,1.7555,7.3588,6.1005,0.0000,3.8728,5.4140,5.3677,3.2664,5.0325,25.5272,9.0000
sub-011,ses-02,O2,17,8,2,2,8.3777,10.4949,5.4599,5.0542,0.0000,4.0454,5.6760,5.6457,6.0747,5.4294,22.4673,22.0000
sub-011,ses-02,O2,18,4,2,2,3.5239,3.7396,3.3825,5.4450,0.0000,2.7938,5.2289,5.2416,5.4110,5.2533,35.0262,15.0000
sub-011,ses-02,O2,19,4,2,2,21.8761,4.4948,5.7460,5.4446,0.0000,4.9009,8.2467,8.1856,6.2489,8.2865,72.8259,1.0000
sub-011,ses-02,O2,20,2,2,2,7.3589,3.6952,6.4602,6.5844,0.0000,3.9203,7.1481,7.1460,4.1003,8.6930,25.0037,20.0000
sub-011,ses-02,O2,21,8,2,2,13.4720,2.1089,6.6712,4.9779,0.0000,3.8852,6.4017,6.3622,3.8845,6.7256,38.3040,1.0000
sub-011,ses-02,O2,22,8,2,2,7.3116,2.8190,9.0416,4.9375,0.0000,3.6967,5.5402,5.5076,5.6502,4.8689,23.1281,1.0000
sub-011,ses-02,O2,23,4,2,2,12.4446,12.2588,7.0998,4.4670,0.0000,4.6391,6.5648,6.5147,5.1549,5.7878,26.3033,1.0000
sub-011,ses-02,O2,24,8,2,2,18.5961,4.5745,3.1374,3.4320,0.0000,3.6308,5.1467,5.0823,8.3983,5.2806,47.6082,1.0000
sub-011,ses-02,O2,25,8,2,2,8.1503,1.2875,7.3176,7.7622,0.0000,4.2457,5.7219,5.6695,5.2444,5.9872,36.9691,19.0000
sub-011,ses-02,O2,26,8,2,2,12.9643,5.2055,13.1459,5.3793,0.0000,5.1508,5.8270,5.7267,6.2244,5.8443,47.4394,1.0000
sub-011,ses-02,O2,27,8,2,2,15.6957,8.8161,9.9529,4.2082,0.0000,4.9412,5.7073,5.6122,3.8593,5.3033,44.7961,1.0000
sub-011,ses-02,O2,28,8,2,2,9.2028,1.9486,6.1617,2.2207,0.0000,2.5685,5.7333,5.7612,4.5041,4.8751,14.8710,1.0000
sub-011,ses-02,O2,29,8,2,2,6.6663,9.3085,6.4470,5.8254,0.0000,4.1468,5.2899,5.2547,3.4734,5.4493,18.1383,4.0000
sub-012,ses-01,Fp1,0,2,8,4,19.4540,15.3956,10.0672,5.1366,0.0000,6.1995,6.6118,6.5154,5.4759,6.8566,55.5002,1.0000
sub-012,ses-01,Fp1,1,4,8,4,12.8379,1.5318,3.3931,3.7933,0.0000,2.9570,5.1648,5.1542,6.1399,4.3337,20.2862,3.0000
sub-012,ses-01,Fp1,2,4,4,4,11.9371,3.5954,12.9106,2.6962,0.0000,4.0615,6.8044,6.7563,4.8562,8.2982,34.2924,9.0000
sub-012,ses-01,Fp1,3,4,4,4,5.0620,3.6861,12.2570,4.6454,0.0000,3.9285,6.4672,6.4680,7.3687,7.1786,30.0810,10.0000
sub-012,ses-01,Fp1,4,4,2,4,17.8059,6.6222,9.8055,2.6434,0.0000,4.4398,5.2670,5.1919,7.4634,6.3150,49.0494,1.0000
sub-012,ses-01,Fp1,5,4,2,4,22.5691,4.2666,13.8388,5.8161,0.0000,6.1857,6.0094,5.8716,4.3847,5.8344,49.2496,1.0000
sub-012,ses-01,Fp1,6,2,8,8,6.1972,4.6822,11.2350,4.5252,0.0000,3.9478,6.1320,6.1214,4.3667,7.7328,34.6439,10.0000
sub-012,ses-01,Fp1,7,4,4,8,8.7457,3.0616,7.9215,2.5246,0.0000,2.9669,5.5621,5.5537,7.3227,5.4776,16.5612,9.0000
sub-012,ses-01,Fp1,8,4,2,8,5.8591,10.8936,15.1614,4.6082,0.0000,5.0671,6.0276,5.9625,8.3350,5.5984,42.4342,10.0000
sub-012,ses-01,Fp1,9,8,4,4,16.2731,7.5612,8.2828,3.3003,0.0000,4.3706,7.7520,7.7318,7.6402,8.7086,28.6338,3.0000
sub-012,ses-01,Fp1,10,2,4,4,15.7253,10.6569,12.0855,3.1723,0.0000,5.0996,6.2720,6.2282,7.1573,5.3376,33.4166,10.0000
sub-012,ses-01,Fp1,11,4,8,4,5.2080,6.2922,5.3019,3.3546,0.0000,2.8238,5.0966,5.1052,4.8594,5.1016,14.6852,20.0000
sub-012,ses-01,Fp1,12,4,4,4,3.0579,3.2739,17.9381,4.3928,0.0000,4.4201,5.9226,5.8803,6.5227,5.6915,39.7173,10.0000
sub-012,ses-01,Fp1,13,4,4,4,8.1298,11.4580,10.3129,3.1563,0.0000,4.2154,5.2277,5.1728,3.4929,5.6514,25.6415,5.0000
sub-012,ses-01,Fp1,14,8,4,4,5.5874,3.6014,11.8896,6.5642,0.0000,4.4983,6.1723,6.1095,3.3700,6.4446,33.9393,9.0000
sub-012,ses-01,Fp1,15,8,4,4,6.1999,3.6594,15.8198,4.1862,0.0000,4.3901,6.1464,6.0840,4.3876,6.6533,49.5963,10.0000
sub-012,ses-01,Fp1,16,8,4,4,16.6815,4.2071,11.4315,2.6686,0.0000,4.3450,6.0064,5.9634,8.9924,4.8939,42.5284,1.0000
sub-012,ses-01,Fp1,17,4,8,4,15.5722,3.8729,12.1958,3.3247,0.0000,4.5157,5.1782,5.1128,5.6359,4.4437,38.9035,1.0000
sub-012,ses-01,Fp1,18,8,4,4,12.6162,2.6859,9.1686,3.3999,0.0000,3.7307,5.4180,5.3728,4.1286,5.9576,43.6218,1.0000
sub-012,ses-01,Fp1,19,4,4,4,5.1322,5.9184,16.0031,4.8435,0.0000,4.7253,5.8957,5.8462,10.6892,6.9472,45.6052,9.0000
sub-012,ses-01,Fp1,20,8,4,4,6.2768,5.1591,10.8094,6.8118,0.0000,4.6315,6.2782,6.2335,3.5054,7.2550,32.6782,14.0000
sub-012,ses-01,Fp1,21,4,4,4,4.7681,7.7065,8.3881,4.7057,0.0000,3.7535,5.6840,5.6598,7.6864,5.1241,22.5890,18.0000
sub-012,ses-01,Fp1,22,4,4,4,12.1221,5.8804,14.4545,4.3780,0.0000,5.0152,5.9853,5.8994,3.0204,6.2556,27.8970,8.0000
sub-012,ses-01,Fp1,23,8,4,4,9.5713,11.1469,18.1155,5.9768,0.0000,6.2619,6.1680,6.0542,4.6232,6.4275,30.9732,1.0000
sub-012,ses-01,Fp1,24,4,4,4,4.6833,3.1479,7.4248,3.6165,0.0000,2.8578,5.7717,5.7905,5.3189,7.0184,17.2607,8.0000
sub-012,ses-01,Fp1,25,4,4,8,12.3577,5.7162,8.9143,5.2499,0.0000,4.5123,5.7585,5.6879,5.3129,7.4481,37.2359,1.0000
sub-012,ses-01,Fp1,26,2,8,8,11.1442,5.1492,10.2065,5.5372,0.0000,4.6139,5.0179,4.9516,4.1958,5.1559,18.3140,1.0000
sub-012,ses-01,Fp1,27,2,8,8,3.6128,3.5563,11.3121,2.3143,0.0000,2.9450,5.2310,5.2169,6.3063,6.3678,23.2603,12.0000
sub-012,ses-01,C3,0,2,8,4,7.5892,5.6795,7.7131,5.3366,0.0000,3.9239,5.7139,5.6801,8.4356,6.6527,21.1181,7.0000
sub-012,ses-01,C3,1,4,8,4,6.1378,3.6926,3.4909,5.5729,0.0000,3.0864,6.0763,6.0928,6.0815,5.3138,21.7408,1.0000
sub-012,ses-01,C3,2,4,4,4,7.0477,10.7711,13.0557,5.2894,0.0000,5.0784,6.3593,6.3005,3.4532,7.7331,29.8779,10.0000
sub-012,ses-01,C3,3,4,4,4,6.5268,5.4346,8.2456,4.7626,0.0000,3.7031,7.1725,7.1761,9.1696,8.1981,25.0202,10.0000
sub-012,ses-01,C3,4,4,2,4,7.2619,5.7019,12.6330,5.2411,0.0000,4.5532,6.2899,6.2526,8.0153,6.6456,24.1902,8.0000
sub-012,ses-01,C3,5,4,2,4,5.4154,6.6316,11.3098,5.9630,0.0000,4.5015,5.0063,4.9279,5.0742,5.6063,30.3471,10.0000
sub-012,ses-01,C3,6,2,8,8,6.5271,8.7074,8.2188,2.6748,0.0000,3.3726,5.2676,5.2543,5.6628,6.7665,18.1018,10.0000
sub-012,ses-01,C3,7,4,4,8,6.3279,15.0227,6.3397,5.1047,0.0000,4.4140,6.2408,6.1935,5.7930,6.6221,25.9459,18.0000
sub-012,ses-01,C3,8,4,2,8,4.4721,10.6968,18.4673,3.9935,0.0000,5.1952,6.2825,6.2063,13.1490,6.7291,45.3308,10.0000
sub-012,ses-01,C3,9,8,4,4,10.4435,6.5790,5.2744,3.9610,0.0000,3.5170,6.4586,6.4611,5.3507,8.4471,15.3048,3.0000
sub-012,ses-01,C3,10,2,4,4,5.5994,7.4013,13.9995,5.6127,0.0000,4.8596,6.0172,5.9683,9.5446,5.7205,51.4310,10.0000
sub-012,ses-01,C3,11,4,8,4,3.5592,7.9197,4.2710,4.3038,0.0000,2.9649,5.4474,5.4622,7.3151,5.4440,18.5642,6.0000
sub-012,ses-01,C3,12,4,4,4,9.4247,9.3307,20.0915,4.4811,0.0000,5.9029,5.9188,5.8356,6.0394,6.4428,29.8254,10.0000
sub-012,ses-01,C3,13,4,4,4,4.9350,11.1211,7.9344,4.7597,0.0000,4.0397,6.1422,6.1151,8.1577,5.9423,22.4512,6.0000
sub-012,ses-01,C3,14,8,4,4,8.6807,1.8667,5.9901,9.4168,0.0000,4.6639,7.1528,7.1196,3.5626,8.0357,28.6914,1.0000
sub-012,ses-01,C3,15,8,4,4,4.7903,3.6098,18.2053,4.6533,0.0000,4.7285,6.0824,6.0331,6.6771,6.5934,63.3293,10.0000
sub-012,ses-01,C3,16,8,4,4,6.4250,4.8268,8.5505,3.0378,0.0000,3.1582,5.5346,5.5284,9.1735,7.7253,25.3897,10.0000
sub-012,ses-01,C3,17,4,8,4,2.4818,2.6401,4.5494,2.4640,0.0000,1.8562,4.8415,4.8774,5.0172,4.5316,6.8938,14.0000
sub-012,ses-01,C3,18,8,4,4,13.0598,1.6730,8.5282,6.1014,0.0000,4.4051,5.4353,5.3862,4.7066,4.8952,23.7330,2.0000
sub-012,ses-01,C3,19,4,4,4,5.4539,14.6583,18.0869,2.9586,0.0000,5.2891,6.5923,6.5262,12.3721,6.6086,53.3633,9.0000
sub-012,ses-01,C3,20,8,4,4,4.7942,4.2804,12.1715,3.6777,0.0000,3.6544,5.6872,5.6708,4.0275,7.7177,31.8774,10.0000
sub-012,ses-01,C3,21,4,4,4,6.1085,6.6557,6.2066,6.5056,0.0000,4.0202,5.9466,5.9172,5.5405,4.6307,20.3832,15.0000
sub-012,ses-01,C3,22,4,4,4,7.5511,2.8802,8.8973,3.9055,0.0000,3.3926,5.2933,5.2586,5.5739,5.2407,23.5248,8.0000
sub-012,ses-01,C3,23,8,4,4,5.3889,4.8742,9.4621,4.2116,0.0000,3.5483,5.5109,5.4933,5.3931,4.2750,17.8294,11.0000
sub-012,ses-01,C3,24,4,4,4,9.9642,7.8773,9.5752,3.5523,0.0000,4.0697,6.4805,6.4640,4.6640,6.1094,32.6557,10.0000
sub-012,ses-01,C3,25,4,4,8,7.1014,5.2190,7.8525,4.5046,0.0000,3.6036,5.6848,5.6197,5.2946,5.1441,30.5506,9.0000
sub-012,ses-01,C3,26,2,8,8,5.8836,6.5415,5.1073,7.8347,0.0000,4.2371,5.1532,5.0901,3.4941,5.6049,25.9609,14.0000
sub-012,ses-01,C3,27,2,8,8,8.2011,5.9262,7.2549,4.1823,0.0000,3.5909,5.5384,5.5207,4.4938,5.4967,15.8470,8.0000
sub-012,ses-01,CP3,0,2,8,4,7.9125,6.1383,4.4714,4.3890,0.0000,3.2579,5.3878,5.3731,6.0287,7.0850,20.7408,7.0000
sub-012,ses-01,CP3,1,4,8,4,3.1061,4.3580,2.8740,5.4531,0.0000,2.7440,5.7154,5.7293,6.6213,5.4166,17.2190,19.0000
sub-012,ses-01,CP3,2,4,4,4,7.2548,9.5017,9.6543,2.8554,0.0000,3.7691,5.9062,5.8886,3.4945,8.0340,24.4618,10.0000
sub-012,ses-01,CP3,3,4,4,4,7.0841,4.7259,6.8364,4.4078,0.0000,3.3851,6.1239,6.1283,7.0095,7.2163,16.2156,10.0000
sub-012,ses-01,CP3,4,4,2,4,6.2684,4.6926,7.0353,5.2056,0.0000,3.5751,6.6063,6.6168,4.5322,5.7496,20.1260,8.0000
sub-012,ses-01,CP3,5,4,2,4,4.7085,7.7372,8.0254,5.0219,0.0000,3.7958,5.5771,5.5410,4.8383,5.9753,18.0290,20.0000
sub-012,ses-01,CP3,6,2,8,8,4.2972,3.2116,8.6183,3.8014,0.0000,3.0503,5.0592,5.0441,5.9261,7.1858,25.2876,11.0000
sub-012,ses-01,CP3,7,4,4,8,9.9162,13.5539,4.5460,5.5465,0.0000,4.4944,6.4240,6.3978,7.4714,6.1038,25.8189,4.0000
sub-012,ses-01,CP3,8,4,2,8,10.6132,11.8944,16.0027,2.7616,0.0000,5.1616,6.3602,6.3033,8.4262,7.4973,33.0387,10.0000
sub-012,ses-01,CP3,9,8,4,4,7.1197,8.5195,4.5321,4.6673,0.0000,3.4983,6.2167,6.2189,6.4765,7.8877,16.3144,5.0000
sub-012,ses-01,CP3,10,2,4,4,8.6226,6.4394,12.1343,6.0169,0.0000,4.9133,6.2085,6.1661,7.8298,7.5284,44.8157,10.0000
sub-012,ses-01,CP3,11,4,8,4,3.3049,9.6263,5.0380,3.6564,0.0000,3.0113,4.8346,4.8260,5.6564,5.6641,22.4225,6.0000
sub-012,ses-01,CP3,12,4,4,4,8.7764,8.9070,12.9709,7.5414,0.0000,5.7348,5.9067,5.8283,7.8645,6.9247,22.9298,16.0000
sub-012,ses-01,CP3,13,4,4,4,6.0379,8.0856,7.4538,5.8777,0.0000,4.1309,5.3133,5.2761,6.2452,5.7902,23.1197,14.0000
sub-012,ses-01,CP3,14,8,4,4,7.8965,0.8194,2.9540,8.5836,0.0000,3.8180,8.1299,8.1428,7.0266,7.8794,23.2879,15.0000
sub-012,ses-01,CP3,15,8,4,4,6.1432,4.5415,12.0700,5.5967,0.0000,4.3702,6.4585,6.4176,7.3160,6.4867,46.2966,10.0000
sub-012,ses-01,CP3,16,8,4,4,6.9226,4.2256,5.7216,3.7641,0.0000,2.9734,5.6205,5.6194,7.9647,6.6504,18.4519,10.0000
sub-012,ses-01,CP3,17,4,8,4,2.0090,1.5724,2.9433,4.1566,0.0000,2.0005,5.3932,5.4384,5.0139,5.4715,16.7311,18.0000
sub-012,ses-01,CP3,18,8,4,4,7.9483,3.2292,7.0098,3.2971,0.0000,3.0147,5.2097,5.1994,5.6057,4.7338,22.6857,9.0000
sub-012,ses-01,CP3,19,4,4,4,4.6785,10.1434,12.1583,1.7772,0.0000,3.6126,5.8295,5.8003,11.7165,5.9290,34.4676,9.0000
sub-012,ses-01,CP3,20,8,4,4,8.9002,7.8622,11.4620,6.4180,0.0000,5.0990,6.0433,5.9751,5.2440,8.0694,27.3460,10.0000
sub-012,ses-01,CP3,21,4,4,4,8.7477,2.1684,5.6976,5.7144,0.0000,3.5381,5.6211,5.5834,6.7044,3.9900,21.3571,20.0000
sub-012,ses-01,CP3,22,4,4,4,12.3092,7.5256,6.0380,3.1245,0.0000,3.6322,4.8223,4.7866,3.8444,4.6818,25.2972,3.0000
sub-012,ses-01,CP3,23,8,4,4,5.3345,3.9299,3.9220,2.8851,0.0000,2.2813,5.7956,5.8168,6.0486,5.6379,15.3326,16.0000
sub-012,ses-01,CP3,24,4,4,4,2.5425,5.7075,7.8096,3.6054,0.0000,2.9472,6.3896,6.4140,8.2386,5.2466,29.2846,10.0000
sub-012,ses-01,CP3,25,4,4,8,6.8170,4.7193,9.4578,5.8440,0.0000,4.1596,6.1055,6.0567,4.9628,6.3709,27.1892,19.0000
sub-012,ses-01,CP3,26,2,8,8,8.0629,6.1195,5.2024,6.1819,0.0000,3.9141,5.5767,5.5496,2.4470,4.5008,24.6916,14.0000
sub-012,ses-01,CP3,27,2,8,8,6.7982,4.4961,8.3548,6.2635,0.0000,4.1100,5.3475,5.3070,5.5320,6.0626,23.3072,16.0000
sub-012,ses-01,O1,0,2,8,4,8.8062,5.8793,12.8295,7.1716,0.0000,5.3244,5.9912,5.9014,6.8779,6.3964,38.5461,9.0000
sub-012,ses-01,O1,1,4,8,4,12.0722,10.5519,10.7712,5.7370,0.0000,5.3420,6.2347,6.1633,5.8198,6.1568,29.3755,10.0000
sub-012,ses-01,O1,2,4,4,4,4.9104,7.3504,14.4688,5.0714,0.0000,4.6927,6.8283,6.7854,8.4705,6.6348,39.9960,10.0000
sub-012,ses-01,O1,3,4,4,4,6.3288,16.9328,17.0292,4.3232,0.0000,5.8471,6.0790,5.9960,8.4103,6.5230,42.1600,7.0000
sub-012,ses-01,O1,4,4,2,4,2.9842,3.5425,6.5080,3.0843,0.0000,2.4477,4.9980,5.0208,6.4342,4.8737,17.4950,9.0000
sub-012,ses-01,O1,5,4,2,4,1.5925,2.9591,11.1735,7.8693,0.0000,4.3616,5.6854,5.6560,4.5449,6.5167,24.3105,13.0000
sub-012,ses-01,O1,6,2,8,8,5.8145,5.1576,8.3547,1.6923,0.0000,2.6981,5.7840,5.7994,4.7538,5.5900,32.9408,10.0000
sub-012,ses-01,O1,7,4,4,8,11.0140,2.4933,5.6708,3.8238,0.0000,3.2038,6.3047,6.3132,6.5306,6.6858,35.3590,1.0000
sub-012,ses-01,O1,8,4,2,8,6.1578,8.7493,8.6467,5.0206,0.0000,4.1111,5.8322,5.8108,6.8155,7.1881,30.7181,10.0000
sub-012,ses-01,O1,9,8,4,4,3.4719,7.6936,6.1192,3.1472,0.0000,2.8440,6.1983,6.2177,11.6117,6.3843,19.1024,10.0000
sub-012,ses-01,O1,10,2,4,4,9.8668,9.6147,8.4574,4.8388,0.0000,4.4552,6.0374,5.9979,6.8474,6.4560,21.9738,7.0000
sub-012,ses-01,O1,11,4,8,4,5.8837,3.9206,14.8279,3.8018,0.0000,4.1304,5.5546,5.4950,5.9591,5.1660,37.9169,10.0000
sub-012,ses-01,O1,12,4,4,4,6.0484,5.6118,9.8839,3.7068,0.0000,3.5845,4.9755,4.9454,4.6171,5.2060,20.5948,21.0000
sub-012,ses-01,O1,13,4,4,4,9.9392,0.9325,11.4494,4.8834,0.0000,4.0853,6.2005,6.1735,5.5064,5.4085,40.9639,9.0000
sub-012,ses-01,O1,14,8,4,4,5.4298,6.8230,8.6858,2.9335,0.0000,3.2386,5.4440,5.4436,6.0650,5.6978,17.1090,8.0000
sub-012,ses-01,O1,15,8,4,4,7.0128,5.6748,7.3783,2.9284,0.0000,3.0951,5.0632,5.0520,4.0231,4.8423,20.2162,9.0000
sub-012,ses-01,O1,16,8,4,4,4.5593,7.4011,3.8404,3.3298,0.0000,2.6552,5.3410,5.3391,5.1440,6.5564,14.2593,16.0000
sub-012,ses-01,O1,17,4,8,4,5.7315,3.1163,16.0035,5.5407,0.0000,4.7312,5.8020,5.7393,4.0883,7.7398,47.6910,9.0000
sub-012,ses-01,O1,18,8,4,4,4.2278,5.0681,3.5644,3.1932,0.0000,2.3275,5.3434,5.3710,2.9339,4.6966,10.1006,20.0000
sub-012,ses-01,O1,19,4,4,4,2.8900,2.0193,3.4920,3.9665,0.0000,2.1431,6.0562,6.0993,8.1857,7.8026,14.1285,19.0000
sub-012,ses-01,O1,20,8,4,4,2.2771,1.0635,10.8036,3.9813,0.0000,3.0219,6.1024,6.1041,6.9021,8.0747,18.7685,8.0000
sub-012,ses-01,O1,21,4,4,4,5.0223,1.3112,14.4357,4.0999,0.0000,3.8430,5.3075,5.2593,5.2146,5.3244,55.1896,9.0000
sub-012,ses-01,O1,22,4,4,4,2.3656,8.1643,7.1192,4.9628,0.0000,3.4733,5.2232,5.1970,6.0595,5.7028,30.2214,9.0000
sub-012,ses-01,O1,23,8,4,4,2.7728,4.6131,4.0956,3.0365,0.0000,2.1766,5.9058,5.9428,5.3415,5.5995,9.9588,8.0000
sub-012,ses-01,O1,24,4,4,4,8.7238,3.1489,14.4640,6.5112,0.0000,5.0912,5.9350,5.8377,7.1732,5.3570,40.2616,9.0000
sub-012,ses-01,O1,25,4,4,8,5.2657,5.8348,13.5659,4.8987,0.0000,4.4065,5.9357,5.8896,2.0851,5.7820,29.2986,9.0000
sub-012,ses-01,O1,26,2,8,8,2.5993,7.9517,8.6181,3.9688,0.0000,3.3839,6.2166,6.2151,5.7494,5.8116,30.8772,10.0000
sub-012,ses-01,O1,27,2,8,8,8.2721,1.9415,11.1650,2.7609,0.0000,3.3427,5.8591,5.8548,4.0783,5.1022,29.1178,9.0000
sub-012,ses-01,Pz,0,2,8,4,10.5055,7.8257,13.3472,5.5381,0.0000,5.2419,6.6495,6.5867,7.6906,7.0952,38.0007,9.0000
sub-012,ses-01,Pz,1,4,8,4,12.6738,11.2155,12.3145,5.1384,0.0000,5.4940,7.2663,7.2267,7.6408,9.0750,33.3320,4.0000
sub-012,ses-01,Pz,2,4,4,4,6.3695,7.5938,14.9512,2.7111,0.0000,4.2048,6.2726,6.2386,8.7528,7.3059,27.0967,11.0000
sub-012,ses-01,Pz,3,4,4,4,3.7654,2.4191,3.5734,1.9892,0.0000,1.6753,5.7841,5.8341,5.1836,5.8416,13.0878,9.0000
sub-012,ses-01,Pz,4,4,2,4,10.0344,17.5218,9.2632,4.3444,0.0000,5.1693,6.3432,6.2920,10.2019,5.9522,30.0048,4.0000
sub-012,ses-01,Pz,5,4,2,4,2.5322,4.2589,9.8486,5.8906,0.0000,3.7868,5.6752,5.6470,6.1438,4.4295,24.1177,20.0000
sub-012,ses-01,Pz,6,2,8,8,7.1465,1.6002,6.8382,6.2811,0.0000,3.6667,5.5021,5.4748,6.3749,5.1504,23.1906,3.0000
sub-012,ses-01,Pz,7,4,4,8,7.1835,16.4761,10.7581,3.6553,0.0000,4.8071,5.7668,5.7023,7.7766,5.4967,30.2069,6.0000
sub-012,ses-01,Pz,8,4,2,8,5.8365,5.2401,4.0773,4.7251,0.0000,3.0278,5.8257,5.8004,10.8055,4.7659,16.0285,7.0000
sub-012,ses-01,Pz,9,8,4,4,4.8181,3.5454,11.6016,4.0094,0.0000,3.6090,5.3908,5.3551,3.4000,5.6273,27.1998,11.0000
sub-012,ses-01,Pz,10,2,4,4,6.0766,4.5089,5.1940,5.9200,0.0000,3.4992,5.7488,5.7429,4.6877,5.3125,25.6816,17.0000
sub-012,ses-01,Pz,11,4,8,4,3.7854,4.0635,6.5819,4.1685,0.0000,2.9088,5.4869,5.4979,6.1979,6.4065,18.0334,19.0000
sub-012,ses-01,Pz,12,4,4,4,1.9796,2.2900,8.7508,4.9265,0.0000,3.1076,5.7522,5.7518,7.1423,6.3979,32.5502,11.0000
sub-012,ses-01,Pz,13,4,4,4,4.9622,5.4177,11.6786,4.7582,0.0000,4.0337,6.1530,6.1236,5.3901,4.8073,33.3972,10.0000
sub-012,ses-01,Pz,14,8,4,4,4.8982,5.7583,6.9494,2.9433,0.0000,2.8508,5.0677,5.0588,6.4114,5.1744,25.1421,9.0000
sub-012,ses-01,Pz,15,8,4,4,7.7507,2.7034,19.1984,3.7113,0.0000,4.7733,6.2681,6.2061,5.2845,8.9558,42.4118,11.0000
sub-012,ses-01,Pz,16,8,4,4,6.8298,7.3907,11.1412,4.8807,0.0000,4.3530,6.3024,6.2748,6.4195,6.3943,17.9809,22.0000
sub-012,ses-01,Pz,17,4,8,4,7.3908,6.7524,4.4252,6.4402,0.0000,3.8801,5.6007,5.5720,5.2078,4.8955,30.9411,17.0000
sub-012,ses-01,Pz,18,8,4,4,15.5487,8.2574,12.7342,2.9763,0.0000,4.8912,5.8428,5.7710,3.8865,3.6909,41.8378,9.0000
sub-012,ses-01,Pz,19,4,4,4,4.6897,17.8226,10.9057,3.7745,0.0000,4.7570,6.1800,6.1433,5.9760,6.6059,28.9321,6.0000
sub-012,ses-01,Pz,20,8,4,4,8.6082,8.6704,5.2145,3.9133,0.0000,3.5180,5.4397,5.4247,7.5673,5.5107,24.4148,6.0000
sub-012,ses-01,Pz,21,4,4,4,6.7675,8.9645,14.2260,6.0600,0.0000,5.2806,6.0019,5.9261,7.1267,5.5231,50.3044,9.0000
sub-012,ses-01,Pz,22,4,4,4,8.3426,8.7932,17.0461,5.0399,0.0000,5.4962,6.0097,5.9335,5.1584,4.9022,41.9348,8.0000
sub-012,ses-01,Pz,23,8,4,4,6.2788,8.6590,13.7775,5.9793,0.0000,5.1197,6.1739,6.1303,5.0477,8.7486,23.1818,8.0000
sub-012,ses-01,Pz,24,4,4,4,4.2899,2.5881,19.5653,5.0960,0.0000,4.9105,5.4772,5.4066,5.7789,5.7356,42.8820,9.0000
sub-012,ses-01,Pz,25,4,4,8,11.2682,12.5218,9.0734,5.5743,0.0000,5.1643,5.7382,5.6485,5.1619,6.5459,27.7256,5.0000
sub-012,ses-01,Pz,26,2,8,8,6.4136,4.8889,7.8659,2.7841,0.0000,2.9907,5.0127,4.9997,6.7926,4.5543,28.6079,9.0000
sub-012,ses-01,Pz,27,2,8,8,5.2363,2.6498,13.9161,5.6516,0.0000,4.3840,5.9042,5.8571,4.4695,5.4507,35.2541,11.0000
sub-012,ses-01,Fp2,0,2,8,4,19.6806,12.9615,10.8525,5.1442,0.0000,6.1060,6.5931,6.4978,6.0432,7.0493,56.7799,1.0000
sub-012,ses-01,Fp2,1,4,8,4,8.8829,1.9526,4.3914,4.9680,0.0000,3.1226,5.6547,5.6562,5.6258,5.1344,15.6616,1.0000
sub-012,ses-01,Fp2,2,4,4,4,8.8100,2.8497,12.5811,2.5118,0.0000,3.5995,6.9066,6.9180,6.4054,8.8533,36.9245,9.0000
sub-012,ses-01,Fp2,3,4,4,4,7.0184,5.0608,10.3711,3.2974,0.0000,3.5677,6.1507,6.1462,5.6969,7.0705,32.3361,10.0000
sub-012,ses-01,Fp2,4,4,2,4,16.6370,6.3647,12.2523,3.1974,0.0000,4.8160,5.3918,5.2808,7.1049,6.3999,45.7365,1.0000
sub-012,ses-01,Fp2,5,4,2,4,14.0371,6.5722,15.6447,4.8379,0.0000,5.5627,5.7651,5.6663,6.8012,7.0395,34.2936,9.0000
sub-012,ses-01,Fp2,6,2,8,8,5.8211,3.4579,11.2569,2.3641,0.0000,3.1486,6.4647,6.4781,3.8387,8.8273,40.6888,10.0000
sub-012,ses-01,Fp2,7,4,4,8,11.8177,2.8417,7.6996,1.7786,0.0000,2.9757,5.9518,5.9461,7.1636,5.5229,27.0076,1.0000
sub-012,ses-01,Fp2,8,4,2,8,5.7004,7.8173,14.4666,4.4641,0.0000,4.6257,6.5347,6.4920,8.8267,7.4337,44.7083,10.0000
sub-012,ses-01,Fp2,9,8,4,4,11.0593,4.6989,11.0438,3.1077,0.0000,3.9464,7.2815,7.2777,8.6801,8.1943,38.4703,1.0000
sub-012,ses-01,Fp2,10,2,4,4,5.9251,8.4277,9.6328,3.3889,0.0000,3.7038,5.5040,5.4837,4.0970,7.1076,33.3430,10.0000
sub-012,ses-01,Fp2,11,4,8,4,7.6854,6.7338,4.9968,2.9196,0.0000,2.9212,5.2130,5.2180,5.4807,6.1281,22.4916,20.0000
sub-012,ses-01,Fp2,12,4,4,4,2.3532,2.1399,14.6220,3.2388,0.0000,3.4374,6.1179,6.1144,6.2904,5.1255,37.1675,10.0000
sub-012,ses-01,Fp2,13,4,4,4,6.6364,6.8151,11.7970,3.4431,0.0000,3.9383,5.3435,5.3060,3.2591,6.4655,30.0163,10.0000
sub-012,ses-01,Fp2,14,8,4,4,14.0768,5.3010,12.8705,5.7234,0.0000,5.3288,5.8823,5.8101,3.9176,5.8005,40.1942,9.0000
sub-012,ses-01,Fp2,15,8,4,4,5.2246,4.0454,22.7868,3.9155,0.0000,5.2256,5.9405,5.8330,4.5497,5.4318,57.2321,10.0000
sub-012,ses-01,Fp2,16,8,4,4,13.7029,3.5137,11.5201,2.6057,0.0000,3.9968,6.2104,6.1839,7.8808,6.2264,35.6665,1.0000
sub-012,ses-01,Fp2,17,4,8,4,13.8258,5.3124,10.4921,3.7130,0.0000,4.3668,4.9981,4.9343,6.2318,3.9688,34.0810,1.0000
sub-012,ses-01,Fp2,18,8,4,4,10.3135,2.2287,11.5918,4.2223,0.0000,4.0607,5.6181,5.5525,3.4206,5.1777,31.7463,1.0000
sub-012,ses-01,Fp2,19,4,4,4,3.1247,6.6093,16.6044,3.4092,0.0000,4.2531,5.9373,5.8984,8.1325,5.7594,49.6709,9.0000
sub-012,ses-01,Fp2,20,8,4,4,8.6012,7.8464,10.6060,8.0524,0.0000,5.4444,5.9559,5.8723,4.1905,7.9604,36.5210,14.0000
sub-012,ses-01,Fp2,21,4,4,4,5.3358,6.8719,9.6685,3.1838,0.0000,3.4472,5.4973,5.4909,5.2389,6.4521,17.2455,9.0000
sub-012,ses-01,Fp2,22,4,4,4,4.8390,7.9409,13.3493,5.0379,0.0000,4.5746,5.7739,5.7323,2.9589,5.4180,25.4213,8.0000
sub-012,ses-01,Fp2,23,8,4,4,10.8971,10.5444,14.9305,6.9888,0.0000,6.1908,6.1432,6.0363,3.8279,7.1342,33.1015,1.0000
sub-012,ses-01,Fp2,24,4,4,4,6.1488,4.8821,6.8892,3.8083,0.0000,3.1387,6.3545,6.3741,7.2017,7.6926,17.4571,8.0000
sub-012,ses-01,Fp2,25,4,4,8,15.9319,7.7020,11.6708,7.8436,0.0000,6.1983,5.7728,5.6582,7.2722,6.9234,37.2365,1.0000
sub-012,ses-01,Fp2,26,2,8,8,6.2613,4.4895,11.8009,4.8769,0.0000,4.1211,5.0734,5.0378,5.4282,4.8704,21.6102,10.0000
sub-012,ses-01,Fp2,27,2,8,8,5.8104,10.4152,10.5920,3.3596,0.0000,4.0030,5.9437,5.9024,5.3422,6.1667,20.9388,10.0000
sub-012,ses-01,Fz,0,2,8,4,6.6003,11.3494,12.9447,6.3812,0.0000,5.4052,5.9449,5.8736,8.9262,6.1623,27.3696,7.0000
sub-012,ses-01,Fz,1,4,8,4,7.0883,1.8252,3.0057,3.8025,0.0000,2.3982,5.9536,5.9828,4.9625,5.6155,15.2661,21.0000
sub-012,ses-01,Fz,2,4,4,4,11.1481,12.7891,12.0752,2.3371,0.0000,4.6182,6.2189,6.1829,3.1398,6.4611,36.0585,9.0000
sub-012,ses-01,Fz,3,4,4,4,4.4549,4.6773,9.4511,3.2061,0.0000,3.1376,6.4759,6.4920,7.1057,6.6705,24.8444,10.0000
sub-012,ses-01,Fz,4,4,2,4,9.0282,7.0891,10.3053,3.2074,0.0000,3.9069,5.7809,5.7490,10.2651,5.4961,39.8159,8.0000
sub-012,ses-01,Fz,5,4,2,4,7.7160,6.2681,11.6340,5.0915,0.0000,4.4635,6.1120,6.0711,6.4806,8.9041,27.9339,9.0000
sub-012,ses-01,Fz,6,2,8,8,5.9845,7.3682,11.6242,3.5472,0.0000,3.9365,6.1768,6.1640,2.0904,7.7283,35.3115,10.0000
sub-012,ses-01,Fz,7,4,4,8,7.2497,2.2970,9.1350,3.0130,0.0000,3.0736,6.3113,6.3160,4.6019,6.3869,18.3730,9.0000
sub-012,ses-01,Fz,8,4,2,8,5.3254,7.4848,15.5191,3.0801,0.0000,4.2883,6.9121,6.8949,8.8175,7.0604,47.6846,10.0000
sub-012,ses-01,Fz,9,8,4,4,9.6257,3.3005,9.2610,3.0806,0.0000,3.4260,6.2997,6.2943,4.9629,8.8651,27.2003,1.0000
sub-012,ses-01,Fz,10,2,4,4,9.8074,8.7369,9.4635,5.7604,0.0000,4.7871,6.1352,6.0824,3.5807,6.6302,32.7998,10.0000
sub-012,ses-01,Fz,11,4,8,4,4.8632,6.5410,6.1208,5.6411,0.0000,3.6204,5.3151,5.2957,5.0219,6.0489,19.6830,13.0000
sub-012,ses-01,Fz,12,4,4,4,2.2720,3.4503,16.2155,5.1133,0.0000,4.3408,5.5204,5.4571,6.2167,5.2865,37.6122,20.0000
sub-012,ses-01,Fz,13,4,4,4,7.0109,11.9766,14.4662,2.7244,0.0000,4.6085,5.6887,5.6316,4.2870,5.9553,35.8257,10.0000
sub-012,ses-01,Fz,14,8,4,4,10.4291,6.3007,11.0921,6.5861,0.0000,5.0952,5.4844,5.4127,3.1375,6.1716,32.7257,9.0000
sub-012,ses-01,Fz,15,8,4,4,5.1070,3.2143,25.1243,5.0412,0.0000,5.8039,6.0162,5.9090,5.6107,6.4617,73.4480,10.0000
sub-012,ses-01,Fz,16,8,4,4,5.5510,4.5325,11.7657,2.0495,0.0000,3.1994,5.5117,5.5045,8.2874,6.6416,30.1342,10.0000
sub-012,ses-01,Fz,17,4,8,4,7.8446,4.4618,8.9356,3.5777,0.0000,3.4732,5.0898,5.0582,4.9684,5.2596,25.2692,10.0000
sub-012,ses-01,Fz,18,8,4,4,7.7003,1.1365,12.5927,1.7615,0.0000,3.1117,6.0976,6.1053,5.8889,6.9790,28.5743,10.0000
sub-012,ses-01,Fz,19,4,4,4,3.2703,12.3447,16.2964,6.3014,0.0000,5.6315,7.0329,6.9648,9.0712,8.0573,38.9541,9.0000
sub-012,ses-01,Fz,20,8,4,4,6.8760,7.3324,8.3391,7.1978,0.0000,4.6614,6.1456,6.0954,5.4784,7.5981,24.7286,9.0000
sub-012,ses-01,Fz,21,4,4,4,5.3402,5.5523,11.7450,5.9604,0.0000,4.4541,5.9121,5.8750,4.9547,6.5560,29.6428,18.0000
sub-012,ses-01,Fz,22,4,4,4,1.8236,2.2321,17.4397,6.9257,0.0000,4.9045,5.9552,5.8690,4.4326,5.4218,35.3875,12.0000
sub-012,ses-01,Fz,23,8,4,4,2.4625,3.7890,12.5637,5.4031,0.0000,3.9681,5.5440,5.5154,4.5180,6.9899,20.5753,11.0000
sub-012,ses-01,Fz,24,4,4,4,8.8011,5.5684,11.4366,2.9179,0.0000,3.8147,6.3480,6.3470,5.3294,7.5425,26.0668,8.0000
sub-012,ses-01,Fz,25,4,4,8,5.1913,4.8638,11.3220,4.5959,0.0000,3.9046,5.8964,5.8745,7.7467,6.5624,34.3767,9.0000
sub-012,ses-01,Fz,26,2,8,8,10.1830,10.3305,11.4245,4.3401,0.0000,4.8145,5.4043,5.3481,4.9285,5.0099,22.6593,10.0000
sub-012,ses-01,Fz,27,2,8,8,6.5054,6.0615,13.2583,2.7293,0.0000,3.8441,6.0391,6.0058,7.6627,5.5293,20.9468,9.0000
sub-012,ses-01,FCz,0,2,8,4,2.9885,8.4949,13.0408,5.3000,0.0000,4.4902,5.7096,5.6701,8.7585,6.5205,30.3902,7.0000
sub-012,ses-01,FCz,1,4,8,4,3.6255,2.7017,2.7956,3.8361,0.0000,2.1384,5.7347,5.7731,6.1826,5.8311,13.8997,17.0000
sub-012,ses-01,FCz,2,4,4,4,9.4025,13.0497,12.1147,2.8398,0.0000,4.6375,6.0569,6.0149,2.6837,6.1864,33.9586,9.0000
sub-012,ses-01,FCz,3,4,4,4,4.5864,4.4039,8.4235,2.6897,0.0000,2.8249,6.2300,6.2517,7.6397,6.7263,21.7427,10.0000
sub-012,ses-01,FCz,4,4,2,4,3.7644,9.2988,9.9200,4.3354,0.0000,3.9101,6.0621,6.0390,11.2980,5.6747,36.0921,8.0000
sub-012,ses-01,FCz,5,4,2,4,5.7098,4.7749,10.0799,5.3701,0.0000,4.0053,5.8434,5.8142,5.3540,8.9979,23.6215,9.0000
sub-012,ses-01,FCz,6,2,8,8,6.0902,10.2638,10.6374,3.8550,0.0000,4.1711,6.3696,6.3345,2.3562,8.0507,29.8890,10.0000
sub-012,ses-01,FCz,7,4,4,8,3.1812,3.3942,9.9276,4.0973,0.0000,3.2356,6.3614,6.3633,4.2422,7.0617,19.8431,9.0000
sub-012,ses-01,FCz,8,4,2,8,6.4226,7.0832,15.4620,3.8307,0.0000,4.5720,6.7867,6.7555,8.6741,7.1147,45.6049,10.0000
sub-012,ses-01,FCz,9,8,4,4,11.8824,4.1571,9.1572,4.5659,0.0000,4.1502,7.0089,6.9845,4.6361,9.1819,29.7257,1.0000
sub-012,ses-01,FCz,10,2,4,4,8.1280,6.3632,8.0162,5.3409,0.0000,4.0813,6.0059,5.9882,4.6406,7.0938,29.9706,10.0000
sub-012,ses-01,FCz,11,4,8,4,7.4335,5.5002,5.3830,5.4287,0.0000,3.5955,5.5649,5.5550,5.2430,5.4949,21.7655,19.0000
sub-012,ses-01,FCz,12,4,4,4,1.5421,3.2375,18.2011,6.2540,0.0000,4.8751,5.6402,5.5585,5.8228,6.0013,33.9864,10.0000
sub-012,ses-01,FCz,13,4,4,4,6.9768,10.1950,13.4014,3.2762,0.0000,4.4578,5.6852,5.6301,4.6565,5.1805,34.2395,10.0000
sub-012,ses-01,FCz,14,8,4,4,6.3055,4.0530,10.1348,7.0525,0.0000,4.5099,5.2169,5.1605,3.1550,5.7023,30.8326,9.0000
sub-012,ses-01,FCz,15,8,4,4,5.7017,4.2771,26.2408,5.8456,0.0000,6.3570,6.3574,6.2543,7.1252,7.6739,78.1062,10.0000
sub-012,ses-01,FCz,16,8,4,4,5.3339,6.7598,11.1759,1.6303,0.0000,3.1773,5.5694,5.5661,8.6796,6.4136,28.7285,10.0000
sub-012,ses-01,FCz,17,4,8,4,3.6278,7.5668,8.5078,3.0945,0.0000,3.1641,5.3163,5.3019,5.2228,5.1969,27.8030,7.0000
sub-012,ses-01,FCz,18,8,4,4,4.7532,3.3261,13.0805,2.4472,0.0000,3.3166,5.4517,5.4415,6.0039,5.5667,30.0790,10.0000
sub-012,ses-01,FCz,19,4,4,4,1.7345,14.8821,15.0189,4.3084,0.0000,4.9439,6.8002,6.7522,9.0723,7.6740,36.1669,6.0000
sub-012,ses-01,FCz,20,8,4,4,7.3599,8.8372,8.8301,7.3979,0.0000,4.9754,6.0102,5.9445,4.6798,7.7728,23.9748,9.0000
sub-012,ses-01,FCz,21,4,4,4,6.2403,4.3867,10.6581,6.6045,0.0000,4.4725,5.9868,5.9405,4.4588,6.5774,35.2534,18.0000
sub-012,ses-01,FCz,22,4,4,4,2.6134,2.2799,17.7964,6.0880,0.0000,4.7790,5.9666,5.8931,6.8650,5.3536,36.6053,8.0000
sub-012,ses-01,FCz,23,8,4,4,6.0362,6.9415,12.7520,5.6628,0.0000,4.6986,5.6673,5.6240,5.6793,6.4227,21.2624,11.0000
sub-012,ses-01,FCz,24,4,4,4,7.1469,4.5301,13.4988,3.1103,0.0000,3.9101,6.4635,6.4457,6.4947,7.8193,26.6418,10.0000
sub-012,ses-01,FCz,25,4,4,8,6.0943,5.5286,11.2121,3.5527,0.0000,3.7197,5.9844,5.9745,9.6696,6.4403,32.1721,9.0000
sub-012,ses-01,FCz,26,2,8,8,9.9729,15.3686,9.6496,3.9267,0.0000,4.8909,5.2556,5.1930,4.3057,4.8548,24.1117,6.0000
sub-012,ses-01,FCz,27,2,8,8,4.0373,3.5651,13.1826,4.1330,0.0000,3.7961,5.8116,5.7824,6.0108,5.0264,21.8807,9.0000
sub-012,ses-01,Cz,0,2,8,4,2.2444,8.3825,11.9329,4.2359,0.0000,3.9342,5.6527,5.6292,8.7528,6.3883,27.1540,9.0000
sub-012,ses-01,Cz,1,4,8,4,5.2047,5.9587,3.1953,3.9360,0.0000,2.6743,5.9448,5.9703,5.9823,6.5162,16.1502,21.0000
sub-012,ses-01,Cz,2,4,4,4,6.1644,9.5532,10.7447,3.2558,0.0000,3.9457,6.0985,6.0780,2.3022,6.2805,30.4273,9.0000
sub-012,ses-01,Cz,3,4,4,4,4.8856,3.8986,8.0694,2.9589,0.0000,2.8377,5.8123,5.8276,7.1749,6.6961,17.0117,10.0000
sub-012,ses-01,Cz,4,4,2,4,5.7426,11.5605,11.3028,4.8118,0.0000,4.6414,6.3509,6.3121,10.4505,6.0850,36.0756,8.0000
sub-012,ses-01,Cz,5,4,2,4,3.0693,5.2178,7.9193,5.4739,0.0000,3.5308,5.6306,5.6158,5.6475,8.5836,23.8435,22.0000
sub-012,ses-01,Cz,6,2,8,8,8.3764,12.4078,9.4615,2.7172,0.0000,4.0751,5.4838,5.4499,2.8329,8.1654,24.5809,9.0000
sub-012,ses-01,Cz,7,4,4,8,3.9496,8.7954,10.7242,2.1473,0.0000,3.3312,6.0662,6.0487,4.6331,7.6437,26.9629,9.0000
sub-012,ses-01,Cz,8,4,2,8,3.7670,8.0478,15.8162,5.0478,0.0000,4.8320,6.5147,6.4612,10.7682,7.1792,42.8291,10.0000
sub-012,ses-01,Cz,9,8,4,4,11.4332,5.4808,8.8569,3.8778,0.0000,3.9816,6.8078,6.7897,4.8829,8.0927,25.1285,10.0000
sub-012,ses-01,Cz,10,2,4,4,6.6679,4.4520,6.8373,5.9137,0.0000,3.7763,5.9985,5.9850,6.9176,7.0662,30.1127,10.0000
sub-012,ses-01,Cz,11,4,8,4,2.5098,3.2384,4.8453,6.4193,0.0000,3.1515,5.3181,5.3010,6.3321,6.0608,28.2338,19.0000
sub-012,ses-01,Cz,12,4,4,4,1.4879,2.5962,19.7747,5.9190,0.0000,4.9286,6.1825,6.1041,6.3032,6.8937,34.2560,10.0000
sub-012,ses-01,Cz,13,4,4,4,9.7191,10.7871,13.3178,5.0735,0.0000,5.2997,5.9301,5.8480,5.9404,5.2033,29.4832,10.0000
sub-012,ses-01,Cz,14,8,4,4,5.6411,4.6479,7.5386,5.1105,0.0000,3.5540,5.0353,5.0086,4.2914,4.5769,26.5481,9.0000
sub-012,ses-01,Cz,15,8,4,4,6.3717,5.1055,27.1199,6.1485,0.0000,6.7107,6.3598,6.2427,7.2271,8.5084,76.3564,10.0000
sub-012,ses-01,Cz,16,8,4,4,6.2288,10.4903,11.3503,2.1952,0.0000,3.8027,5.9214,5.8948,9.5739,6.9516,30.3401,10.0000
sub-012,ses-01,Cz,17,4,8,4,2.6529,5.7478,4.5143,4.2001,0.0000,2.6811,5.2082,5.2153,4.6570,3.8273,18.7298,18.0000
sub-012,ses-01,Cz,18,8,4,4,8.3277,6.0513,13.0856,3.3298,0.0000,4.1702,5.2322,5.1822,4.2238,4.8811,30.1015,10.0000
sub-012,ses-01,Cz,19,4,4,4,2.8980,17.9280,12.8791,2.6147,0.0000,4.5249,6.8436,6.8106,9.6745,7.8613,41.1827,6.0000
sub-012,ses-01,Cz,20,8,4,4,7.0682,9.8107,7.9749,6.6277,0.0000,4.6866,5.9989,5.9445,4.1036,7.4880,22.2438,16.0000
sub-012,ses-01,Cz,21,4,4,4,11.0627,5.7022,9.0105,5.0900,0.0000,4.3556,6.2059,6.1568,6.0051,5.8203,29.1342,9.0000
sub-012,ses-01,Cz,22,4,4,4,5.1951,7.3706,14.6478,6.5512,0.0000,5.1934,6.3704,6.2880,8.4785,5.1217,32.1287,8.0000
sub-012,ses-01,Cz,23,8,4,4,6.6671,9.4746,14.2418,5.7295,0.0000,5.2209,6.3587,6.3118,7.4494,6.2085,24.2689,9.0000
sub-012,ses-01,Cz,24,4,4,4,5.8067,3.3837,15.9691,2.8359,0.0000,3.9405,5.9007,5.8754,5.6632,6.9091,30.1854,8.0000
sub-012,ses-01,Cz,25,4,4,8,5.4919,6.5587,13.5116,4.5060,0.0000,4.3686,6.2747,6.2374,10.2984,7.3358,39.4317,9.0000
sub-012,ses-01,Cz,26,2,8,8,11.5375,17.3412,7.6304,3.7532,0.0000,4.8858,5.1532,5.0883,4.7131,4.2948,33.0555,6.0000
sub-012,ses-01,Cz,27,2,8,8,5.0856,3.8654,9.9051,4.2396,0.0000,3.4965,5.5678,5.5431,5.2008,5.2404,21.2621,9.0000
sub-012,ses-01,C4,0,2,8,4,4.5433,3.1518,8.1702,6.2410,0.0000,3.7427,6.0756,6.0653,7.4290,7.1662,20.1004,18.0000
sub-012,ses-01,C4,1,4,8,4,6.1404,3.2958,6.7123,4.2769,0.0000,3.1074,5.6529,5.6631,6.3393,4.3165,19.3964,21.0000
sub-012,ses-01,C4,2,4,4,4,2.7227,8.5164,20.1736,4.4281,0.0000,5.1991,6.7670,6.7098,3.8471,8.0490,42.3969,9.0000
sub-012,ses-01,C4,3,4,4,4,6.6915,3.9681,8.2616,2.6675,0.0000,2.9508,5.8120,5.8216,7.3557,6.7350,18.5500,10.0000
sub-012,ses-01,C4,4,4,2,4,9.7710,9.8820,9.2987,4.3543,0.0000,4.4421,5.0684,5.0159,6.2675,5.8879,24.2547,8.0000
sub-012,ses-01,C4,5,4,2,4,7.5458,2.3475,11.6539,4.0156,0.0000,3.7604,5.7958,5.7731,5.5628,8.1140,26.6502,9.0000
sub-012,ses-01,C4,6,2,8,8,4.4603,4.6536,9.2806,2.6183,0.0000,2.9344,5.3675,5.3722,4.0521,7.6621,24.6550,10.0000
sub-012,ses-01,C4,7,4,4,8,4.3497,6.6071,12.0413,5.3888,0.0000,4.3286,6.7913,6.7378,4.6372,7.1539,28.6097,10.0000
sub-012,ses-01,C4,8,4,2,8,6.9917,7.2064,13.7664,4.9300,0.0000,4.7321,6.0247,5.9670,4.5478,6.9387,44.7411,10.0000
sub-012,ses-01,C4,9,8,4,4,11.9654,5.6305,12.1944,2.9772,0.0000,4.2384,6.3762,6.3467,4.7867,7.3393,25.3600,1.0000
sub-012,ses-01,C4,10,2,4,4,5.5780,3.3991,5.5846,5.7570,0.0000,3.3548,5.7467,5.7282,5.4295,6.5172,25.3431,19.0000
sub-012,ses-01,C4,11,4,8,4,7.2432,7.6797,4.1342,4.9570,0.0000,3.4637,5.3862,5.3873,4.9687,6.2033,22.1524,4.0000
sub-012,ses-01,C4,12,4,4,4,1.1974,1.2804,13.2888,6.7307,0.0000,4.1196,5.8452,5.7842,5.3970,6.7531,32.7053,10.0000
sub-012,ses-01,C4,13,4,4,4,8.2800,3.2250,14.5150,4.1415,0.0000,4.3477,5.9493,5.9042,5.7027,5.9237,29.3897,9.0000
sub-012,ses-01,C4,14,8,4,4,10.3126,3.2173,14.4963,3.2160,0.0000,4.2536,5.3933,5.3420,5.8109,5.1561,49.2350,9.0000
sub-012,ses-01,C4,15,8,4,4,7.5649,2.8026,21.3682,5.2791,0.0000,5.5420,6.3111,6.1952,7.1241,8.8886,57.5712,10.0000
sub-012,ses-01,C4,16,8,4,4,7.8506,10.6787,7.3402,3.5552,0.0000,3.8227,6.0516,6.0349,9.4508,5.3408,22.8278,7.0000
sub-012,ses-01,C4,17,4,8,4,10.5075,3.9281,6.3029,2.9756,0.0000,3.1219,4.4678,4.4393,3.6935,4.2729,24.1297,1.0000
sub-012,ses-01,C4,18,8,4,4,11.4938,9.8564,14.1692,2.6037,0.0000,4.7503,6.0704,6.0245,5.3154,5.9742,31.9165,10.0000
sub-012,ses-01,C4,19,4,4,4,5.1044,9.9613,14.3574,3.1838,0.0000,4.3674,7.1300,7.1162,11.3666,8.4806,28.6696,9.0000
sub-012,ses-01,C4,20,8,4,4,9.0645,7.0355,12.4201,6.6481,0.0000,5.2406,5.7191,5.6433,8.2061,6.1829,24.4844,9.0000
sub-012,ses-01,C4,21,4,4,4,6.7920,9.0695,8.9121,4.1920,0.0000,3.9864,5.7536,5.7124,5.8105,5.4938,28.4376,9.0000
sub-012,ses-01,C4,22,4,4,4,1.7996,4.7140,13.3129,5.8908,0.0000,4.2445,6.5686,6.5362,8.5050,4.6816,34.8511,8.0000
sub-012,ses-01,C4,23,8,4,4,6.5083,10.1646,16.1545,4.1056,0.0000,5.0463,6.3434,6.2946,7.0257,7.6700,27.3210,15.0000
sub-012,ses-01,C4,24,4,4,4,8.8796,6.2920,9.1826,4.3874,0.0000,4.0190,6.3449,6.3337,8.8437,6.9370,17.1049,9.0000
sub-012,ses-01,C4,25,4,4,8,4.6064,6.7291,8.6054,3.6811,0.0000,3.3681,5.7400,5.6875,5.2865,4.6959,30.7111,10.0000
sub-012,ses-01,C4,26,2,8,8,9.9820,4.2702,5.6889,2.9720,0.0000,3.0181,5.2388,5.2355,6.8714,5.4273,16.8566,2.0000
sub-012,ses-01,C4,27,2,8,8,6.8463,2.4281,7.5716,7.6729,0.0000,4.2390,6.0316,5.9743,3.7035,5.3770,32.1819,15.0000
sub-012,ses-01,CP4,0,2,8,4,6.4796,3.6785,5.7742,4.4465,0.0000,3.0949,5.7258,5.7215,6.6106,6.5612,14.0483,18.0000
sub-012,ses-01,CP4,1,4,8,4,2.4705,7.6385,9.0486,3.0577,0.0000,3.1274,5.9519,5.9617,4.3671,6.1262,16.6946,11.0000
sub-012,ses-01,CP4,2,4,4,4,9.3434,2.8923,26.6441,4.2952,0.0000,6.1545,7.5534,7.4737,6.5256,9.8205,50.9117,10.0000
sub-012,ses-01,CP4,3,4,4,4,10.8566,5.4313,6.1183,2.4085,0.0000,3.0970,5.4675,5.4740,4.9569,6.3321,26.6108,2.0000
sub-012,ses-01,CP4,4,4,2,4,11.5281,7.0472,6.7513,4.8504,0.0000,4.1364,5.4221,5.3583,5.8141,5.0429,24.6403,14.0000
sub-012,ses-01,CP4,5,4,2,4,2.8008,4.8473,8.8082,5.0530,0.0000,3.4682,5.2160,5.1888,4.8817,5.2199,28.0671,22.0000
sub-012,ses-01,CP4,6,2,8,8,9.1939,9.3621,14.3165,4.9654,0.0000,5.2250,5.8682,5.7998,5.2056,7.4862,43.9605,10.0000
sub-012,ses-01,CP4,7,4,4,8,2.8492,8.2832,10.2571,4.2238,0.0000,3.7437,6.7595,6.7564,6.9483,6.1303,30.7700,11.0000
sub-012,ses-01,CP4,8,4,2,8,1.5598,6.0382,16.3309,3.8393,0.0000,4.1463,5.9169,5.8813,3.6999,6.7312,28.2799,10.0000
sub-012,ses-01,CP4,9,8,4,4,14.3726,5.7889,11.1253,5.6564,0.0000,5.1379,6.6861,6.6367,4.0819,7.1415,24.6378,11.0000
sub-012,ses-01,CP4,10,2,4,4,6.8993,4.8689,3.3513,4.9739,0.0000,3.0661,5.6773,5.6813,5.1512,5.9617,19.0727,19.0000
sub-012,ses-01,CP4,11,4,8,4,6.8132,8.6858,6.3917,4.0767,0.0000,3.5661,5.8514,5.8611,3.6271,4.8497,24.3038,4.0000
sub-012,ses-01,CP4,12,4,4,4,4.7808,3.2329,9.7110,5.1093,0.0000,3.6452,5.6729,5.6134,5.9163,6.8664,25.1160,11.0000
sub-012,ses-01,CP4,13,4,4,4,1.7040,3.0140,7.5439,5.4057,0.0000,3.1258,5.6199,5.6244,5.7158,6.3929,19.4486,21.0000
sub-012,ses-01,CP4,14,8,4,4,7.6441,4.4433,9.9348,3.2460,0.0000,3.4920,5.3358,5.3205,6.2454,6.0681,26.9757,9.0000
sub-012,ses-01,CP4,15,8,4,4,7.9131,1.5767,14.1542,4.5226,0.0000,4.2251,5.8546,5.8076,4.1048,7.7167,31.2251,11.0000
sub-012,ses-01,CP4,16,8,4,4,8.3533,7.0114,7.6645,3.4970,0.0000,3.5560,6.2822,6.2758,8.0663,4.4561,25.0372,8.0000
sub-012,ses-01,CP4,17,4,8,4,9.5144,7.3345,4.6036,5.4871,0.0000,3.8686,5.7254,5.7062,9.2575,4.4946,18.9761,8.0000
sub-012,ses-01,CP4,18,8,4,4,11.6590,4.2838,7.0564,3.1398,0.0000,3.4169,5.7199,5.6738,2.2889,5.1838,23.3891,1.0000
sub-012,ses-01,CP4,19,4,4,4,3.8887,3.9527,11.4260,4.4079,0.0000,3.6564,6.2397,6.2366,11.1580,7.2744,18.4604,12.0000
sub-012,ses-01,CP4,20,8,4,4,8.5895,4.9416,6.1780,5.2328,0.0000,3.7028,6.1239,6.1111,4.9661,8.6633,27.1568,19.0000
sub-012,ses-01,CP4,21,4,4,4,3.4822,6.1834,9.2292,4.3142,0.0000,3.4912,5.3973,5.3746,7.2063,4.2539,25.2124,9.0000
sub-012,ses-01,CP4,22,4,4,4,5.9301,7.1640,8.9850,3.5860,0.0000,3.5559,5.5572,5.5375,9.1154,5.1632,34.4110,8.0000
sub-012,ses-01,CP4,23,8,4,4,6.7066,10.1405,18.6440,3.9136,0.0000,5.3519,6.8964,6.8485,11.6256,7.3415,36.8695,8.0000
sub-012,ses-01,CP4,24,4,4,4,3.4483,3.8943,8.0287,4.9110,0.0000,3.2880,5.0438,5.0161,4.5371,4.3466,14.4466,16.0000
sub-012,ses-01,CP4,25,4,4,8,9.0173,4.2162,6.1808,2.8448,0.0000,2.9535,5.4520,5.3961,4.1205,4.3556,26.9625,1.0000
sub-012,ses-01,CP4,26,2,8,8,6.6926,1.7552,9.7504,2.3155,0.0000,2.8464,4.9674,4.9656,6.6728,4.2972,23.1839,10.0000
sub-012,ses-01,CP4,27,2,8,8,6.1744,5.8469,5.3111,5.0662,0.0000,3.3910,5.9713,5.9584,4.1136,6.2706,18.6738,15.0000
sub-012,ses-01,O2,0,2,8,4,11.4949,4.9150,6.3450,5.4054,0.0000,4.0461,6.3518,6.3309,5.3625,5.9981,22.6830,18.0000
sub-012,ses-01,O2,1,4,8,4,7.7932,7.5150,12.6396,4.0537,0.0000,4.4132,6.4392,6.4130,7.8345,6.2098,28.9671,10.0000
sub-012,ses-01,O2,2,4,4,4,1.3644,0.8317,17.1448,5.5074,0.0000,4.2616,6.9307,6.9089,9.7200,7.6099,43.4697,10.0000
sub-012,ses-01,O2,3,4,4,4,6.0462,6.8034,13.5737,4.9419,0.0000,4.5834,5.5881,5.5407,5.0352,4.9508,31.0970,8.0000
sub-012,ses-01,O2,4,4,2,4,9.6407,6.1601,13.3735,3.5239,0.0000,4.4013,5.4084,5.3601,6.3268,6.1724,35.4832,9.0000
sub-012,ses-01,O2,5,4,2,4,6.9382,7.2694,12.3472,7.3993,0.0000,5.2815,5.6809,5.6005,5.2831,7.3128,32.2490,10.0000
sub-012,ses-01,O2,6,2,8,8,4.0722,11.4271,8.6259,3.5274,0.0000,3.7118,6.6267,6.6243,6.6883,8.9743,35.6825,10.0000
sub-012,ses-01,O2,7,4,4,8,13.4721,9.2712,2.9495,3.6716,0.0000,3.6372,7.4102,7.4280,5.9688,7.3244,24.9681,16.0000
sub-012,ses-01,O2,8,4,2,8,7.5289,5.6423,14.9815,4.5198,0.0000,4.6821,5.9367,5.8915,7.0402,6.3264,46.4976,10.0000
sub-012,ses-01,O2,9,8,4,4,10.6821,10.2085,10.0739,6.9315,0.0000,5.4446,7.1833,7.1667,6.8470,9.1614,32.9436,19.0000
sub-012,ses-01,O2,10,2,4,4,4.9919,9.7200,12.0641,3.4690,0.0000,4.1007,5.5647,5.5271,9.0375,5.9619,36.0954,8.0000
sub-012,ses-01,O2,11,4,8,4,7.8181,5.4154,8.7298,3.9489,0.0000,3.6430,5.6721,5.6397,5.6564,7.2582,24.1388,9.0000
sub-012,ses-01,O2,12,4,4,4,4.6010,7.4291,14.9165,5.4792,0.0000,4.8569,5.2996,5.2457,6.1376,7.3082,24.0537,13.0000
sub-012,ses-01,O2,13,4,4,4,5.1016,3.5934,7.9619,1.8262,0.0000,2.4719,5.4035,5.4217,5.3890,5.9437,24.7434,9.0000
sub-012,ses-01,O2,14,8,4,4,3.7116,7.9294,8.4943,2.6328,0.0000,3.0641,6.5173,6.5417,9.5324,6.0259,15.3687,9.0000
sub-012,ses-01,O2,15,8,4,4,10.1685,7.7708,9.3354,2.5127,0.0000,3.7310,5.5569,5.5321,4.7057,5.9833,24.2256,8.0000
sub-012,ses-01,O2,16,8,4,4,10.6202,7.1118,5.7614,3.3877,0.0000,3.4776,6.0091,5.9960,4.4593,6.0424,24.7053,1.0000
sub-012,ses-01,O2,17,4,8,4,2.2389,7.2962,9.3399,5.7420,0.0000,3.9262,5.5432,5.5068,7.4594,7.2643,19.6766,9.0000
sub-012,ses-01,O2,18,8,4,4,5.0019,7.7578,2.4144,2.3061,0.0000,2.2210,5.9200,5.9547,5.6180,6.5044,13.5787,5.0000
sub-012,ses-01,O2,19,4,4,4,6.6399,1.8488,3.9704,2.4631,0.0000,2.0883,6.1040,6.1516,5.9356,7.9995,11.5707,11.0000
sub-012,ses-01,O2,20,8,4,4,7.5858,8.4462,5.5330,3.8577,0.0000,3.4297,5.7624,5.7479,2.7622,7.3977,18.0355,19.0000
sub-012,ses-01,O2,21,4,4,4,9.8131,4.1238,5.3879,2.0443,0.0000,2.6663,4.7838,4.7920,5.7789,4.8492,16.2480,1.0000
sub-012,ses-01,O2,22,4,4,4,23.6117,6.9622,3.4785,2.7790,0.0000,4.1696,5.5026,5.4415,5.2601,4.4667,47.8001,1.0000
sub-012,ses-01,O2,23,8,4,4,3.6628,7.2672,18.5311,5.4924,0.0000,5.2630,7.0864,7.0329,12.1856,6.7944,35.0652,8.0000
sub-012,ses-01,O2,24,4,4,4,8.5464,6.5004,8.7543,5.9921,0.0000,4.4328,5.7629,5.7182,4.8693,5.1983,21.8480,10.0000
sub-012,ses-01,O2,25,4,4,8,7.1433,5.1528,5.8911,4.4410,0.0000,3.3085,5.9098,5.9140,5.3283,5.3140,19.5634,1.0000
sub-012,ses-01,O2,26,2,8,8,5.7319,3.8576,8.7779,4.3589,0.0000,3.4347,5.6576,5.6468,6.8001,5.9705,22.5228,10.0000
sub-012,ses-01,O2,27,2,8,8,4.0177,3.6090,8.8690,4.3603,0.0000,3.2652,5.0362,5.0223,3.4434,5.0993,22.6926,12.0000
